Command line invocation:
    /Applications/Xcode.app/Contents/Developer/usr/bin/xcodebuild -workspace anisflix.xcworkspace -scheme AnisFlix -destination generic/platform=iOS clean build

CreateBuildRequest

SendProjectDescription

CreateBuildOperation

** CLEAN SUCCEEDED **

ComputePackagePrebuildTargetDependencyGraph

Prepare packages

CreateBuildRequest

SendProjectDescription

CreateBuildOperation

ComputeTargetDependencyGraph
note: Building targets in dependency order
note: Target dependency graph (7 targets)
    Target 'AnisFlix' in project 'anisflix'
        ➜ Implicit dependency on target 'Pods-AnisFlix' in project 'Pods' via file 'Pods_AnisFlix.framework' in build phase 'Link Binary'
        ➜ Implicit dependency on target 'GCDWebServer' in project 'Pods' via options '-framework GCDWebServer' in build setting 'OTHER_LDFLAGS'
    Target 'Pods-AnisFlix' in project 'Pods'
        ➜ Explicit dependency on target 'GCDWebServer' in project 'Pods'
        ➜ Explicit dependency on target 'MobileVLCKit' in project 'Pods'
        ➜ Explicit dependency on target 'ffmpeg-kit-ios-full' in project 'Pods'
        ➜ Explicit dependency on target 'google-cast-sdk' in project 'Pods'
    Target 'google-cast-sdk' in project 'Pods'
        ➜ Explicit dependency on target 'google-cast-sdk-GoogleCast' in project 'Pods'
    Target 'google-cast-sdk-GoogleCast' in project 'Pods' (no dependencies)
    Target 'ffmpeg-kit-ios-full' in project 'Pods' (no dependencies)
    Target 'MobileVLCKit' in project 'Pods' (no dependencies)
    Target 'GCDWebServer' in project 'Pods' (no dependencies)

GatherProvisioningInputs

CreateBuildDescription

ExecuteExternalTool /Applications/Xcode.app/Contents/Developer/Toolchains/XcodeDefault.xctoolchain/usr/bin/clang -v -E -dM -isysroot /Applications/Xcode.app/Contents/Developer/Platforms/iPhoneOS.platform/Developer/SDKs/iPhoneOS26.5.sdk -x c -c /dev/null

ExecuteExternalTool /Applications/Xcode.app/Contents/Developer/Toolchains/XcodeDefault.xctoolchain/usr/bin/clang -v -E -dM -arch arm64 -isysroot /Applications/Xcode.app/Contents/Developer/Platforms/iPhoneOS.platform/Developer/SDKs/iPhoneOS26.5.sdk -x c -c /dev/null

ExecuteExternalTool /Applications/Xcode.app/Contents/Developer/usr/bin/ibtool --version --output-format xml1

ExecuteExternalTool /Applications/Xcode.app/Contents/Developer/usr/bin/actool --print-asset-tag-combinations --output-format xml1 /Users/aniskedidi/Documents/perso/AnisFlix/ios-natve/anisflix/anisflix/Assets.xcassets

ExecuteExternalTool /Applications/Xcode.app/Contents/Developer/usr/bin/actool --version --output-format xml1

ExecuteExternalTool /Applications/Xcode.app/Contents/Developer/Toolchains/XcodeDefault.xctoolchain/usr/bin/swiftc --version

ExecuteExternalTool /Applications/Xcode.app/Contents/Developer/Toolchains/XcodeDefault.xctoolchain/usr/bin/clang -v -E -dM -arch arm64 -isysroot /Applications/Xcode.app/Contents/Developer/Platforms/iPhoneOS.platform/Developer/SDKs/iPhoneOS26.5.sdk -x objective-c -c /dev/null

ExecuteExternalTool /Applications/Xcode.app/Contents/Developer/Toolchains/XcodeDefault.xctoolchain/usr/bin/libtool -V

ExecuteExternalTool /Applications/Xcode.app/Contents/Developer/Toolchains/XcodeDefault.xctoolchain/usr/bin/ld -version_details

Build description signature: 0ae178a9e1b93bbcb56f97adaf952837
Build description path: /Users/aniskedidi/Library/Developer/Xcode/DerivedData/anisflix-hhqtjtgkehjzwhfmetqsazeobjhe/Build/Intermediates.noindex/XCBuildData/0ae178a9e1b93bbcb56f97adaf952837.xcbuilddata
ClangStatCache /Applications/Xcode.app/Contents/Developer/Toolchains/XcodeDefault.xctoolchain/usr/bin/clang-stat-cache /Applications/Xcode.app/Contents/Developer/Platforms/iPhoneOS.platform/Developer/SDKs/iPhoneOS26.5.sdk /Users/aniskedidi/Library/Developer/Xcode/DerivedData/SDKStatCaches.noindex/iphoneos26.5-23F81a-32daed1954a7d5dd0789fcaf2a9bb78b.sdkstatcache
    cd /Users/aniskedidi/Documents/perso/AnisFlix/ios-natve/anisflix
    /Applications/Xcode.app/Contents/Developer/Toolchains/XcodeDefault.xctoolchain/usr/bin/clang-stat-cache /Applications/Xcode.app/Contents/Developer/Platforms/iPhoneOS.platform/Developer/SDKs/iPhoneOS26.5.sdk -o /Users/aniskedidi/Library/Developer/Xcode/DerivedData/SDKStatCaches.noindex/iphoneos26.5-23F81a-32daed1954a7d5dd0789fcaf2a9bb78b.sdkstatcache

CreateBuildDirectory /Users/aniskedidi/Library/Developer/Xcode/DerivedData/anisflix-hhqtjtgkehjzwhfmetqsazeobjhe/Build/Products
    cd /Users/aniskedidi/Documents/perso/AnisFlix/ios-natve/anisflix
    builtin-create-build-directory /Users/aniskedidi/Library/Developer/Xcode/DerivedData/anisflix-hhqtjtgkehjzwhfmetqsazeobjhe/Build/Products

CreateBuildDirectory /Users/aniskedidi/Library/Developer/Xcode/DerivedData/anisflix-hhqtjtgkehjzwhfmetqsazeobjhe/Build/Intermediates.noindex
    cd /Users/aniskedidi/Documents/perso/AnisFlix/ios-natve/anisflix
    builtin-create-build-directory /Users/aniskedidi/Library/Developer/Xcode/DerivedData/anisflix-hhqtjtgkehjzwhfmetqsazeobjhe/Build/Intermediates.noindex

CreateBuildDirectory /Users/aniskedidi/Library/Developer/Xcode/DerivedData/anisflix-hhqtjtgkehjzwhfmetqsazeobjhe/Build/Products/Debug-iphoneos
    cd /Users/aniskedidi/Documents/perso/AnisFlix/ios-natve/anisflix
    builtin-create-build-directory /Users/aniskedidi/Library/Developer/Xcode/DerivedData/anisflix-hhqtjtgkehjzwhfmetqsazeobjhe/Build/Products/Debug-iphoneos

CreateBuildDirectory /Users/aniskedidi/Library/Developer/Xcode/DerivedData/anisflix-hhqtjtgkehjzwhfmetqsazeobjhe/Build/Intermediates.noindex/SwiftExplicitPrecompiledModules
    cd /Users/aniskedidi/Documents/perso/AnisFlix/ios-natve/anisflix
    builtin-create-build-directory /Users/aniskedidi/Library/Developer/Xcode/DerivedData/anisflix-hhqtjtgkehjzwhfmetqsazeobjhe/Build/Intermediates.noindex/SwiftExplicitPrecompiledModules

CreateBuildDirectory /Users/aniskedidi/Library/Developer/Xcode/DerivedData/anisflix-hhqtjtgkehjzwhfmetqsazeobjhe/Build/Intermediates.noindex/ExplicitPrecompiledModules
    cd /Users/aniskedidi/Documents/perso/AnisFlix/ios-natve/anisflix
    builtin-create-build-directory /Users/aniskedidi/Library/Developer/Xcode/DerivedData/anisflix-hhqtjtgkehjzwhfmetqsazeobjhe/Build/Intermediates.noindex/ExplicitPrecompiledModules

WriteAuxiliaryFile /Users/aniskedidi/Library/Developer/Xcode/DerivedData/anisflix-hhqtjtgkehjzwhfmetqsazeobjhe/Build/Intermediates.noindex/anisflix.build/Debug-iphoneos/anisflix-8c77cfc3c15a48e8c801f7c0d09e749c-VFS-iphoneos/all-product-headers.yaml
    cd /Users/aniskedidi/Documents/perso/AnisFlix/ios-natve/anisflix
    write-file /Users/aniskedidi/Library/Developer/Xcode/DerivedData/anisflix-hhqtjtgkehjzwhfmetqsazeobjhe/Build/Intermediates.noindex/anisflix.build/Debug-iphoneos/anisflix-8c77cfc3c15a48e8c801f7c0d09e749c-VFS-iphoneos/all-product-headers.yaml

WriteAuxiliaryFile /Users/aniskedidi/Library/Developer/Xcode/DerivedData/anisflix-hhqtjtgkehjzwhfmetqsazeobjhe/Build/Intermediates.noindex/Pods.build/Debug-iphoneos/Pods-8699adb1dd336b26511df848a716bd42-VFS-iphoneos/all-product-headers.yaml
    cd /Users/aniskedidi/Documents/perso/AnisFlix/ios-natve/anisflix
    write-file /Users/aniskedidi/Library/Developer/Xcode/DerivedData/anisflix-hhqtjtgkehjzwhfmetqsazeobjhe/Build/Intermediates.noindex/Pods.build/Debug-iphoneos/Pods-8699adb1dd336b26511df848a716bd42-VFS-iphoneos/all-product-headers.yaml

CreateBuildDirectory /Users/aniskedidi/Library/Developer/Xcode/DerivedData/anisflix-hhqtjtgkehjzwhfmetqsazeobjhe/Build/Intermediates.noindex/EagerLinkingTBDs/Debug-iphoneos
    cd /Users/aniskedidi/Documents/perso/AnisFlix/ios-natve/anisflix
    builtin-create-build-directory /Users/aniskedidi/Library/Developer/Xcode/DerivedData/anisflix-hhqtjtgkehjzwhfmetqsazeobjhe/Build/Intermediates.noindex/EagerLinkingTBDs/Debug-iphoneos

WriteAuxiliaryFile /Users/aniskedidi/Library/Developer/Xcode/DerivedData/anisflix-hhqtjtgkehjzwhfmetqsazeobjhe/Build/Intermediates.noindex/Pods.build/Debug-iphoneos/google-cast-sdk.build/OutputFileList-3FA3970859354AFA2BCAA5FE66757895-google-cast-sdk-xcframeworks-output-files-06326feb72231e42e18630a342649023-resolved.xcfilelist (in target 'google-cast-sdk' from project 'Pods')
    cd /Users/aniskedidi/Documents/perso/AnisFlix/ios-natve/anisflix/Pods
    write-file /Users/aniskedidi/Library/Developer/Xcode/DerivedData/anisflix-hhqtjtgkehjzwhfmetqsazeobjhe/Build/Intermediates.noindex/Pods.build/Debug-iphoneos/google-cast-sdk.build/OutputFileList-3FA3970859354AFA2BCAA5FE66757895-google-cast-sdk-xcframeworks-output-files-06326feb72231e42e18630a342649023-resolved.xcfilelist

WriteAuxiliaryFile /Users/aniskedidi/Library/Developer/Xcode/DerivedData/anisflix-hhqtjtgkehjzwhfmetqsazeobjhe/Build/Intermediates.noindex/Pods.build/Debug-iphoneos/google-cast-sdk.build/InputFileList-3FA3970859354AFA2BCAA5FE66757895-google-cast-sdk-xcframeworks-input-files-c751b6e268ad959a9744a5f49fbb6974-resolved.xcfilelist (in target 'google-cast-sdk' from project 'Pods')
    cd /Users/aniskedidi/Documents/perso/AnisFlix/ios-natve/anisflix/Pods
    write-file /Users/aniskedidi/Library/Developer/Xcode/DerivedData/anisflix-hhqtjtgkehjzwhfmetqsazeobjhe/Build/Intermediates.noindex/Pods.build/Debug-iphoneos/google-cast-sdk.build/InputFileList-3FA3970859354AFA2BCAA5FE66757895-google-cast-sdk-xcframeworks-input-files-c751b6e268ad959a9744a5f49fbb6974-resolved.xcfilelist

WriteAuxiliaryFile /Users/aniskedidi/Library/Developer/Xcode/DerivedData/anisflix-hhqtjtgkehjzwhfmetqsazeobjhe/Build/Intermediates.noindex/Pods.build/Debug-iphoneos/ffmpeg-kit-ios-full.build/InputFileList-F1BB03043F8F0A677255D908E8BD573B-ffmpeg-kit-ios-full-xcframeworks-input-files-d3f29399aab7d8c6a9e5fbad44390331-resolved.xcfilelist (in target 'ffmpeg-kit-ios-full' from project 'Pods')
    cd /Users/aniskedidi/Documents/perso/AnisFlix/ios-natve/anisflix/Pods
    write-file /Users/aniskedidi/Library/Developer/Xcode/DerivedData/anisflix-hhqtjtgkehjzwhfmetqsazeobjhe/Build/Intermediates.noindex/Pods.build/Debug-iphoneos/ffmpeg-kit-ios-full.build/InputFileList-F1BB03043F8F0A677255D908E8BD573B-ffmpeg-kit-ios-full-xcframeworks-input-files-d3f29399aab7d8c6a9e5fbad44390331-resolved.xcfilelist

WriteAuxiliaryFile /Users/aniskedidi/Library/Developer/Xcode/DerivedData/anisflix-hhqtjtgkehjzwhfmetqsazeobjhe/Build/Intermediates.noindex/Pods.build/Debug-iphoneos/ffmpeg-kit-ios-full.build/Script-F1BB03043F8F0A677255D908E8BD573B.sh (in target 'ffmpeg-kit-ios-full' from project 'Pods')
    cd /Users/aniskedidi/Documents/perso/AnisFlix/ios-natve/anisflix/Pods
    write-file /Users/aniskedidi/Library/Developer/Xcode/DerivedData/anisflix-hhqtjtgkehjzwhfmetqsazeobjhe/Build/Intermediates.noindex/Pods.build/Debug-iphoneos/ffmpeg-kit-ios-full.build/Script-F1BB03043F8F0A677255D908E8BD573B.sh

WriteAuxiliaryFile /Users/aniskedidi/Library/Developer/Xcode/DerivedData/anisflix-hhqtjtgkehjzwhfmetqsazeobjhe/Build/Intermediates.noindex/Pods.build/Debug-iphoneos/ffmpeg-kit-ios-full.build/OutputFileList-F1BB03043F8F0A677255D908E8BD573B-ffmpeg-kit-ios-full-xcframeworks-output-files-33f3763938c3a446a21f7341482b6395-resolved.xcfilelist (in target 'ffmpeg-kit-ios-full' from project 'Pods')
    cd /Users/aniskedidi/Documents/perso/AnisFlix/ios-natve/anisflix/Pods
    write-file /Users/aniskedidi/Library/Developer/Xcode/DerivedData/anisflix-hhqtjtgkehjzwhfmetqsazeobjhe/Build/Intermediates.noindex/Pods.build/Debug-iphoneos/ffmpeg-kit-ios-full.build/OutputFileList-F1BB03043F8F0A677255D908E8BD573B-ffmpeg-kit-ios-full-xcframeworks-output-files-33f3763938c3a446a21f7341482b6395-resolved.xcfilelist

WriteAuxiliaryFile /Users/aniskedidi/Library/Developer/Xcode/DerivedData/anisflix-hhqtjtgkehjzwhfmetqsazeobjhe/Build/Intermediates.noindex/Pods.build/Debug-iphoneos/MobileVLCKit.build/Script-EC3F5098316C1BF91803A23EFD67F49E.sh (in target 'MobileVLCKit' from project 'Pods')
    cd /Users/aniskedidi/Documents/perso/AnisFlix/ios-natve/anisflix/Pods
    write-file /Users/aniskedidi/Library/Developer/Xcode/DerivedData/anisflix-hhqtjtgkehjzwhfmetqsazeobjhe/Build/Intermediates.noindex/Pods.build/Debug-iphoneos/MobileVLCKit.build/Script-EC3F5098316C1BF91803A23EFD67F49E.sh

WriteAuxiliaryFile /Users/aniskedidi/Library/Developer/Xcode/DerivedData/anisflix-hhqtjtgkehjzwhfmetqsazeobjhe/Build/Intermediates.noindex/Pods.build/Debug-iphoneos/MobileVLCKit.build/InputFileList-EC3F5098316C1BF91803A23EFD67F49E-MobileVLCKit-xcframeworks-input-files-d71557fb2f9cacfa598aae4e0de43efe-resolved.xcfilelist (in target 'MobileVLCKit' from project 'Pods')
    cd /Users/aniskedidi/Documents/perso/AnisFlix/ios-natve/anisflix/Pods
    write-file /Users/aniskedidi/Library/Developer/Xcode/DerivedData/anisflix-hhqtjtgkehjzwhfmetqsazeobjhe/Build/Intermediates.noindex/Pods.build/Debug-iphoneos/MobileVLCKit.build/InputFileList-EC3F5098316C1BF91803A23EFD67F49E-MobileVLCKit-xcframeworks-input-files-d71557fb2f9cacfa598aae4e0de43efe-resolved.xcfilelist

WriteAuxiliaryFile /Users/aniskedidi/Library/Developer/Xcode/DerivedData/anisflix-hhqtjtgkehjzwhfmetqsazeobjhe/Build/Intermediates.noindex/Pods.build/Debug-iphoneos/MobileVLCKit.build/OutputFileList-EC3F5098316C1BF91803A23EFD67F49E-MobileVLCKit-xcframeworks-output-files-210239604c6581111c8aebef65e7c3cb-resolved.xcfilelist (in target 'MobileVLCKit' from project 'Pods')
    cd /Users/aniskedidi/Documents/perso/AnisFlix/ios-natve/anisflix/Pods
    write-file /Users/aniskedidi/Library/Developer/Xcode/DerivedData/anisflix-hhqtjtgkehjzwhfmetqsazeobjhe/Build/Intermediates.noindex/Pods.build/Debug-iphoneos/MobileVLCKit.build/OutputFileList-EC3F5098316C1BF91803A23EFD67F49E-MobileVLCKit-xcframeworks-output-files-210239604c6581111c8aebef65e7c3cb-resolved.xcfilelist

WriteAuxiliaryFile /Users/aniskedidi/Library/Developer/Xcode/DerivedData/anisflix-hhqtjtgkehjzwhfmetqsazeobjhe/Build/Intermediates.noindex/Pods.build/Debug-iphoneos/google-cast-sdk.build/Script-3FA3970859354AFA2BCAA5FE66757895.sh (in target 'google-cast-sdk' from project 'Pods')
    cd /Users/aniskedidi/Documents/perso/AnisFlix/ios-natve/anisflix/Pods
    write-file /Users/aniskedidi/Library/Developer/Xcode/DerivedData/anisflix-hhqtjtgkehjzwhfmetqsazeobjhe/Build/Intermediates.noindex/Pods.build/Debug-iphoneos/google-cast-sdk.build/Script-3FA3970859354AFA2BCAA5FE66757895.sh

CreateBuildDirectory /Users/aniskedidi/Library/Developer/Xcode/DerivedData/anisflix-hhqtjtgkehjzwhfmetqsazeobjhe/Build/Products/Debug-iphoneos/MobileVLCKit
    cd /Users/aniskedidi/Documents/perso/AnisFlix/ios-natve/anisflix
    builtin-create-build-directory /Users/aniskedidi/Library/Developer/Xcode/DerivedData/anisflix-hhqtjtgkehjzwhfmetqsazeobjhe/Build/Products/Debug-iphoneos/MobileVLCKit

CreateBuildDirectory /Users/aniskedidi/Library/Developer/Xcode/DerivedData/anisflix-hhqtjtgkehjzwhfmetqsazeobjhe/Build/Products/Debug-iphoneos/google-cast-sdk
    cd /Users/aniskedidi/Documents/perso/AnisFlix/ios-natve/anisflix
    builtin-create-build-directory /Users/aniskedidi/Library/Developer/Xcode/DerivedData/anisflix-hhqtjtgkehjzwhfmetqsazeobjhe/Build/Products/Debug-iphoneos/google-cast-sdk

CreateBuildDirectory /Users/aniskedidi/Library/Developer/Xcode/DerivedData/anisflix-hhqtjtgkehjzwhfmetqsazeobjhe/Build/Products/Debug-iphoneos/ffmpeg-kit-ios-full
    cd /Users/aniskedidi/Documents/perso/AnisFlix/ios-natve/anisflix
    builtin-create-build-directory /Users/aniskedidi/Library/Developer/Xcode/DerivedData/anisflix-hhqtjtgkehjzwhfmetqsazeobjhe/Build/Products/Debug-iphoneos/ffmpeg-kit-ios-full

CreateBuildDirectory /Users/aniskedidi/Library/Developer/Xcode/DerivedData/anisflix-hhqtjtgkehjzwhfmetqsazeobjhe/Build/Products/Debug-iphoneos/GCDWebServer
    cd /Users/aniskedidi/Documents/perso/AnisFlix/ios-natve/anisflix
    builtin-create-build-directory /Users/aniskedidi/Library/Developer/Xcode/DerivedData/anisflix-hhqtjtgkehjzwhfmetqsazeobjhe/Build/Products/Debug-iphoneos/GCDWebServer

WriteAuxiliaryFile /Users/aniskedidi/Library/Developer/Xcode/DerivedData/anisflix-hhqtjtgkehjzwhfmetqsazeobjhe/Build/Intermediates.noindex/Pods.build/Debug-iphoneos/Pods-AnisFlix.build/Pods_AnisFlix-own-target-headers.hmap (in target 'Pods-AnisFlix' from project 'Pods')
    cd /Users/aniskedidi/Documents/perso/AnisFlix/ios-natve/anisflix/Pods
    write-file /Users/aniskedidi/Library/Developer/Xcode/DerivedData/anisflix-hhqtjtgkehjzwhfmetqsazeobjhe/Build/Intermediates.noindex/Pods.build/Debug-iphoneos/Pods-AnisFlix.build/Pods_AnisFlix-own-target-headers.hmap

WriteAuxiliaryFile /Users/aniskedidi/Library/Developer/Xcode/DerivedData/anisflix-hhqtjtgkehjzwhfmetqsazeobjhe/Build/Intermediates.noindex/Pods.build/Debug-iphoneos/Pods-AnisFlix.build/Pods_AnisFlix.DependencyStaticMetadataFileList (in target 'Pods-AnisFlix' from project 'Pods')
    cd /Users/aniskedidi/Documents/perso/AnisFlix/ios-natve/anisflix/Pods
    write-file /Users/aniskedidi/Library/Developer/Xcode/DerivedData/anisflix-hhqtjtgkehjzwhfmetqsazeobjhe/Build/Intermediates.noindex/Pods.build/Debug-iphoneos/Pods-AnisFlix.build/Pods_AnisFlix.DependencyStaticMetadataFileList

WriteAuxiliaryFile /Users/aniskedidi/Library/Developer/Xcode/DerivedData/anisflix-hhqtjtgkehjzwhfmetqsazeobjhe/Build/Intermediates.noindex/Pods.build/Debug-iphoneos/Pods-AnisFlix.build/Pods_AnisFlix-generated-files.hmap (in target 'Pods-AnisFlix' from project 'Pods')
    cd /Users/aniskedidi/Documents/perso/AnisFlix/ios-natve/anisflix/Pods
    write-file /Users/aniskedidi/Library/Developer/Xcode/DerivedData/anisflix-hhqtjtgkehjzwhfmetqsazeobjhe/Build/Intermediates.noindex/Pods.build/Debug-iphoneos/Pods-AnisFlix.build/Pods_AnisFlix-generated-files.hmap

WriteAuxiliaryFile /Users/aniskedidi/Library/Developer/Xcode/DerivedData/anisflix-hhqtjtgkehjzwhfmetqsazeobjhe/Build/Intermediates.noindex/Pods.build/Debug-iphoneos/Pods-AnisFlix.build/Pods_AnisFlix.hmap (in target 'Pods-AnisFlix' from project 'Pods')
    cd /Users/aniskedidi/Documents/perso/AnisFlix/ios-natve/anisflix/Pods
    write-file /Users/aniskedidi/Library/Developer/Xcode/DerivedData/anisflix-hhqtjtgkehjzwhfmetqsazeobjhe/Build/Intermediates.noindex/Pods.build/Debug-iphoneos/Pods-AnisFlix.build/Pods_AnisFlix.hmap

WriteAuxiliaryFile /Users/aniskedidi/Library/Developer/Xcode/DerivedData/anisflix-hhqtjtgkehjzwhfmetqsazeobjhe/Build/Intermediates.noindex/Pods.build/Debug-iphoneos/Pods-AnisFlix.build/Pods_AnisFlix-all-non-framework-target-headers.hmap (in target 'Pods-AnisFlix' from project 'Pods')
    cd /Users/aniskedidi/Documents/perso/AnisFlix/ios-natve/anisflix/Pods
    write-file /Users/aniskedidi/Library/Developer/Xcode/DerivedData/anisflix-hhqtjtgkehjzwhfmetqsazeobjhe/Build/Intermediates.noindex/Pods.build/Debug-iphoneos/Pods-AnisFlix.build/Pods_AnisFlix-all-non-framework-target-headers.hmap

WriteAuxiliaryFile /Users/aniskedidi/Library/Developer/Xcode/DerivedData/anisflix-hhqtjtgkehjzwhfmetqsazeobjhe/Build/Intermediates.noindex/Pods.build/Debug-iphoneos/Pods-AnisFlix.build/Pods_AnisFlix-all-target-headers.hmap (in target 'Pods-AnisFlix' from project 'Pods')
    cd /Users/aniskedidi/Documents/perso/AnisFlix/ios-natve/anisflix/Pods
    write-file /Users/aniskedidi/Library/Developer/Xcode/DerivedData/anisflix-hhqtjtgkehjzwhfmetqsazeobjhe/Build/Intermediates.noindex/Pods.build/Debug-iphoneos/Pods-AnisFlix.build/Pods_AnisFlix-all-target-headers.hmap

WriteAuxiliaryFile /Users/aniskedidi/Library/Developer/Xcode/DerivedData/anisflix-hhqtjtgkehjzwhfmetqsazeobjhe/Build/Intermediates.noindex/Pods.build/Debug-iphoneos/Pods-AnisFlix.build/Pods_AnisFlix-project-headers.hmap (in target 'Pods-AnisFlix' from project 'Pods')
    cd /Users/aniskedidi/Documents/perso/AnisFlix/ios-natve/anisflix/Pods
    write-file /Users/aniskedidi/Library/Developer/Xcode/DerivedData/anisflix-hhqtjtgkehjzwhfmetqsazeobjhe/Build/Intermediates.noindex/Pods.build/Debug-iphoneos/Pods-AnisFlix.build/Pods_AnisFlix-project-headers.hmap

WriteAuxiliaryFile /Users/aniskedidi/Library/Developer/Xcode/DerivedData/anisflix-hhqtjtgkehjzwhfmetqsazeobjhe/Build/Intermediates.noindex/Pods.build/Debug-iphoneos/Pods-AnisFlix.build/Pods_AnisFlix.DependencyMetadataFileList (in target 'Pods-AnisFlix' from project 'Pods')
    cd /Users/aniskedidi/Documents/perso/AnisFlix/ios-natve/anisflix/Pods
    write-file /Users/aniskedidi/Library/Developer/Xcode/DerivedData/anisflix-hhqtjtgkehjzwhfmetqsazeobjhe/Build/Intermediates.noindex/Pods.build/Debug-iphoneos/Pods-AnisFlix.build/Pods_AnisFlix.DependencyMetadataFileList

WriteAuxiliaryFile /Users/aniskedidi/Library/Developer/Xcode/DerivedData/anisflix-hhqtjtgkehjzwhfmetqsazeobjhe/Build/Intermediates.noindex/Pods.build/Debug-iphoneos/Pods-AnisFlix.build/Objects-normal/arm64/e6072d4f65d7061329687fe24e3d63a7-common-args.resp (in target 'Pods-AnisFlix' from project 'Pods')
    cd /Users/aniskedidi/Documents/perso/AnisFlix/ios-natve/anisflix/Pods
    write-file /Users/aniskedidi/Library/Developer/Xcode/DerivedData/anisflix-hhqtjtgkehjzwhfmetqsazeobjhe/Build/Intermediates.noindex/Pods.build/Debug-iphoneos/Pods-AnisFlix.build/Objects-normal/arm64/e6072d4f65d7061329687fe24e3d63a7-common-args.resp
'-std=gnu11' -fobjc-arc -fmodules -gmodules '-fmodules-cache-path=/Users/aniskedidi/Library/Developer/Xcode/DerivedData/ModuleCache.noindex' '-fmodule-name=Pods_AnisFlix' -fpascal-strings -O0 -fno-common '-DPOD_CONFIGURATION_DEBUG=1' '-DDEBUG=1' '-DCOCOAPODS=1' '-DOBJC_OLD_DISPATCH_PROTOTYPES=0' -g -iquote /Users/aniskedidi/Library/Developer/Xcode/DerivedData/anisflix-hhqtjtgkehjzwhfmetqsazeobjhe/Build/Intermediates.noindex/Pods.build/Debug-iphoneos/Pods-AnisFlix.build/Pods_AnisFlix-generated-files.hmap -I/Users/aniskedidi/Library/Developer/Xcode/DerivedData/anisflix-hhqtjtgkehjzwhfmetqsazeobjhe/Build/Intermediates.noindex/Pods.build/Debug-iphoneos/Pods-AnisFlix.build/Pods_AnisFlix-own-target-headers.hmap -I/Users/aniskedidi/Library/Developer/Xcode/DerivedData/anisflix-hhqtjtgkehjzwhfmetqsazeobjhe/Build/Intermediates.noindex/Pods.build/Debug-iphoneos/Pods-AnisFlix.build/Pods_AnisFlix-all-non-framework-target-headers.hmap -ivfsoverlay /Users/aniskedidi/Library/Developer/Xcode/DerivedData/anisflix-hhqtjtgkehjzwhfmetqsazeobjhe/Build/Intermediates.noindex/Pods.build/Debug-iphoneos/Pods-8699adb1dd336b26511df848a716bd42-VFS-iphoneos/all-product-headers.yaml -iquote /Users/aniskedidi/Library/Developer/Xcode/DerivedData/anisflix-hhqtjtgkehjzwhfmetqsazeobjhe/Build/Intermediates.noindex/Pods.build/Debug-iphoneos/Pods-AnisFlix.build/Pods_AnisFlix-project-headers.hmap -I/Users/aniskedidi/Library/Developer/Xcode/DerivedData/anisflix-hhqtjtgkehjzwhfmetqsazeobjhe/Build/Products/Debug-iphoneos/include -I/Users/aniskedidi/Library/Developer/Xcode/DerivedData/anisflix-hhqtjtgkehjzwhfmetqsazeobjhe/Build/Products/Debug-iphoneos/GCDWebServer/GCDWebServer.framework/Headers -I/Users/aniskedidi/Library/Developer/Xcode/DerivedData/anisflix-hhqtjtgkehjzwhfmetqsazeobjhe/Build/Intermediates.noindex/Pods.build/Debug-iphoneos/Pods-AnisFlix.build/DerivedSources-normal/arm64 -I/Users/aniskedidi/Library/Developer/Xcode/DerivedData/anisflix-hhqtjtgkehjzwhfmetqsazeobjhe/Build/Intermediates.noindex/Pods.build/Debug-iphoneos/Pods-AnisFlix.build/DerivedSources/arm64 -I/Users/aniskedidi/Library/Developer/Xcode/DerivedData/anisflix-hhqtjtgkehjzwhfmetqsazeobjhe/Build/Intermediates.noindex/Pods.build/Debug-iphoneos/Pods-AnisFlix.build/DerivedSources -F/Users/aniskedidi/Library/Developer/Xcode/DerivedData/anisflix-hhqtjtgkehjzwhfmetqsazeobjhe/Build/Products/Debug-iphoneos -F/Users/aniskedidi/Library/Developer/Xcode/DerivedData/anisflix-hhqtjtgkehjzwhfmetqsazeobjhe/Build/Products/Debug-iphoneos/GCDWebServer -F/Users/aniskedidi/Documents/perso/AnisFlix/ios-natve/anisflix/Pods/MobileVLCKit -F/Users/aniskedidi/Documents/perso/AnisFlix/ios-natve/anisflix/Pods/ffmpeg-kit-ios-full/ffmpeg-kit-ios-full -F/Users/aniskedidi/Documents/perso/AnisFlix/ios-natve/anisflix/Pods/google-cast-sdk/GoogleCastSDK-ios-4.8.4_static_xcframework -F/Users/aniskedidi/Library/Developer/Xcode/DerivedData/anisflix-hhqtjtgkehjzwhfmetqsazeobjhe/Build/Products/Debug-iphoneos/XCFrameworkIntermediates/MobileVLCKit -F/Users/aniskedidi/Library/Developer/Xcode/DerivedData/anisflix-hhqtjtgkehjzwhfmetqsazeobjhe/Build/Products/Debug-iphoneos/XCFrameworkIntermediates/ffmpeg-kit-ios-full -F/Users/aniskedidi/Library/Developer/Xcode/DerivedData/anisflix-hhqtjtgkehjzwhfmetqsazeobjhe/Build/Products/Debug-iphoneos/XCFrameworkIntermediates/google-cast-sdk

WriteAuxiliaryFile /Users/aniskedidi/Library/Developer/Xcode/DerivedData/anisflix-hhqtjtgkehjzwhfmetqsazeobjhe/Build/Intermediates.noindex/Pods.build/Debug-iphoneos/Pods-AnisFlix.build/Objects-normal/arm64/Pods_AnisFlix.LinkFileList (in target 'Pods-AnisFlix' from project 'Pods')
    cd /Users/aniskedidi/Documents/perso/AnisFlix/ios-natve/anisflix/Pods
    write-file /Users/aniskedidi/Library/Developer/Xcode/DerivedData/anisflix-hhqtjtgkehjzwhfmetqsazeobjhe/Build/Intermediates.noindex/Pods.build/Debug-iphoneos/Pods-AnisFlix.build/Objects-normal/arm64/Pods_AnisFlix.LinkFileList

WriteAuxiliaryFile /Users/aniskedidi/Library/Developer/Xcode/DerivedData/anisflix-hhqtjtgkehjzwhfmetqsazeobjhe/Build/Intermediates.noindex/Pods.build/Debug-iphoneos/Pods-AnisFlix.build/Objects-normal/arm64/7187679823f38a2a940e0043cdf9d637-common-args.resp (in target 'Pods-AnisFlix' from project 'Pods')
    cd /Users/aniskedidi/Documents/perso/AnisFlix/ios-natve/anisflix/Pods
    write-file /Users/aniskedidi/Library/Developer/Xcode/DerivedData/anisflix-hhqtjtgkehjzwhfmetqsazeobjhe/Build/Intermediates.noindex/Pods.build/Debug-iphoneos/Pods-AnisFlix.build/Objects-normal/arm64/7187679823f38a2a940e0043cdf9d637-common-args.resp
'-std=gnu11' -fmodules -gmodules '-fmodules-cache-path=/Users/aniskedidi/Library/Developer/Xcode/DerivedData/ModuleCache.noindex' '-fmodule-name=Pods_AnisFlix' -fpascal-strings -O0 -fno-common '-DPOD_CONFIGURATION_DEBUG=1' '-DDEBUG=1' '-DCOCOAPODS=1' -g -iquote /Users/aniskedidi/Library/Developer/Xcode/DerivedData/anisflix-hhqtjtgkehjzwhfmetqsazeobjhe/Build/Intermediates.noindex/Pods.build/Debug-iphoneos/Pods-AnisFlix.build/Pods_AnisFlix-generated-files.hmap -I/Users/aniskedidi/Library/Developer/Xcode/DerivedData/anisflix-hhqtjtgkehjzwhfmetqsazeobjhe/Build/Intermediates.noindex/Pods.build/Debug-iphoneos/Pods-AnisFlix.build/Pods_AnisFlix-own-target-headers.hmap -I/Users/aniskedidi/Library/Developer/Xcode/DerivedData/anisflix-hhqtjtgkehjzwhfmetqsazeobjhe/Build/Intermediates.noindex/Pods.build/Debug-iphoneos/Pods-AnisFlix.build/Pods_AnisFlix-all-non-framework-target-headers.hmap -ivfsoverlay /Users/aniskedidi/Library/Developer/Xcode/DerivedData/anisflix-hhqtjtgkehjzwhfmetqsazeobjhe/Build/Intermediates.noindex/Pods.build/Debug-iphoneos/Pods-8699adb1dd336b26511df848a716bd42-VFS-iphoneos/all-product-headers.yaml -iquote /Users/aniskedidi/Library/Developer/Xcode/DerivedData/anisflix-hhqtjtgkehjzwhfmetqsazeobjhe/Build/Intermediates.noindex/Pods.build/Debug-iphoneos/Pods-AnisFlix.build/Pods_AnisFlix-project-headers.hmap -I/Users/aniskedidi/Library/Developer/Xcode/DerivedData/anisflix-hhqtjtgkehjzwhfmetqsazeobjhe/Build/Products/Debug-iphoneos/include -I/Users/aniskedidi/Library/Developer/Xcode/DerivedData/anisflix-hhqtjtgkehjzwhfmetqsazeobjhe/Build/Products/Debug-iphoneos/GCDWebServer/GCDWebServer.framework/Headers -I/Users/aniskedidi/Library/Developer/Xcode/DerivedData/anisflix-hhqtjtgkehjzwhfmetqsazeobjhe/Build/Intermediates.noindex/Pods.build/Debug-iphoneos/Pods-AnisFlix.build/DerivedSources-normal/arm64 -I/Users/aniskedidi/Library/Developer/Xcode/DerivedData/anisflix-hhqtjtgkehjzwhfmetqsazeobjhe/Build/Intermediates.noindex/Pods.build/Debug-iphoneos/Pods-AnisFlix.build/DerivedSources/arm64 -I/Users/aniskedidi/Library/Developer/Xcode/DerivedData/anisflix-hhqtjtgkehjzwhfmetqsazeobjhe/Build/Intermediates.noindex/Pods.build/Debug-iphoneos/Pods-AnisFlix.build/DerivedSources -F/Users/aniskedidi/Library/Developer/Xcode/DerivedData/anisflix-hhqtjtgkehjzwhfmetqsazeobjhe/Build/Products/Debug-iphoneos -F/Users/aniskedidi/Library/Developer/Xcode/DerivedData/anisflix-hhqtjtgkehjzwhfmetqsazeobjhe/Build/Products/Debug-iphoneos/GCDWebServer -F/Users/aniskedidi/Documents/perso/AnisFlix/ios-natve/anisflix/Pods/MobileVLCKit -F/Users/aniskedidi/Documents/perso/AnisFlix/ios-natve/anisflix/Pods/ffmpeg-kit-ios-full/ffmpeg-kit-ios-full -F/Users/aniskedidi/Documents/perso/AnisFlix/ios-natve/anisflix/Pods/google-cast-sdk/GoogleCastSDK-ios-4.8.4_static_xcframework -F/Users/aniskedidi/Library/Developer/Xcode/DerivedData/anisflix-hhqtjtgkehjzwhfmetqsazeobjhe/Build/Products/Debug-iphoneos/XCFrameworkIntermediates/MobileVLCKit -F/Users/aniskedidi/Library/Developer/Xcode/DerivedData/anisflix-hhqtjtgkehjzwhfmetqsazeobjhe/Build/Products/Debug-iphoneos/XCFrameworkIntermediates/ffmpeg-kit-ios-full -F/Users/aniskedidi/Library/Developer/Xcode/DerivedData/anisflix-hhqtjtgkehjzwhfmetqsazeobjhe/Build/Products/Debug-iphoneos/XCFrameworkIntermediates/google-cast-sdk

Copy /Users/aniskedidi/Library/Developer/Xcode/DerivedData/anisflix-hhqtjtgkehjzwhfmetqsazeobjhe/Build/Intermediates.noindex/Pods.build/Debug-iphoneos/Pods-AnisFlix.build/module.modulemap /Users/aniskedidi/Documents/perso/AnisFlix/ios-natve/anisflix/Pods/Target\ Support\ Files/Pods-AnisFlix/Pods-AnisFlix.modulemap (in target 'Pods-AnisFlix' from project 'Pods')
    cd /Users/aniskedidi/Documents/perso/AnisFlix/ios-natve/anisflix/Pods
    builtin-copy -exclude .DS_Store -exclude CVS -exclude .svn -exclude .git -exclude .hg -resolve-src-symlinks -rename /Users/aniskedidi/Documents/perso/AnisFlix/ios-natve/anisflix/Pods/Target\ Support\ Files/Pods-AnisFlix/Pods-AnisFlix.modulemap /Users/aniskedidi/Library/Developer/Xcode/DerivedData/anisflix-hhqtjtgkehjzwhfmetqsazeobjhe/Build/Intermediates.noindex/Pods.build/Debug-iphoneos/Pods-AnisFlix.build/module.modulemap

WriteAuxiliaryFile /Users/aniskedidi/Library/Developer/Xcode/DerivedData/anisflix-hhqtjtgkehjzwhfmetqsazeobjhe/Build/Intermediates.noindex/Pods.build/Debug-iphoneos/Pods-AnisFlix.build/DerivedSources/Pods_AnisFlix_vers.c (in target 'Pods-AnisFlix' from project 'Pods')
    cd /Users/aniskedidi/Documents/perso/AnisFlix/ios-natve/anisflix/Pods
    write-file /Users/aniskedidi/Library/Developer/Xcode/DerivedData/anisflix-hhqtjtgkehjzwhfmetqsazeobjhe/Build/Intermediates.noindex/Pods.build/Debug-iphoneos/Pods-AnisFlix.build/DerivedSources/Pods_AnisFlix_vers.c

CpHeader /Users/aniskedidi/Library/Developer/Xcode/DerivedData/anisflix-hhqtjtgkehjzwhfmetqsazeobjhe/Build/Products/Debug-iphoneos/Pods_AnisFlix.framework/Headers/Pods-AnisFlix-umbrella.h /Users/aniskedidi/Documents/perso/AnisFlix/ios-natve/anisflix/Pods/Target\ Support\ Files/Pods-AnisFlix/Pods-AnisFlix-umbrella.h (in target 'Pods-AnisFlix' from project 'Pods')
    cd /Users/aniskedidi/Documents/perso/AnisFlix/ios-natve/anisflix/Pods
    builtin-copy -exclude .DS_Store -exclude CVS -exclude .svn -exclude .git -exclude .hg -resolve-src-symlinks /Users/aniskedidi/Documents/perso/AnisFlix/ios-natve/anisflix/Pods/Target\ Support\ Files/Pods-AnisFlix/Pods-AnisFlix-umbrella.h /Users/aniskedidi/Library/Developer/Xcode/DerivedData/anisflix-hhqtjtgkehjzwhfmetqsazeobjhe/Build/Products/Debug-iphoneos/Pods_AnisFlix.framework/Headers

WriteAuxiliaryFile /Users/aniskedidi/Library/Developer/Xcode/DerivedData/anisflix-hhqtjtgkehjzwhfmetqsazeobjhe/Build/Intermediates.noindex/anisflix.build/Debug-iphoneos/AnisFlix.build/Script-60F7738AB53509CBF92A08ED.sh (in target 'AnisFlix' from project 'anisflix')
    cd /Users/aniskedidi/Documents/perso/AnisFlix/ios-natve/anisflix
    write-file /Users/aniskedidi/Library/Developer/Xcode/DerivedData/anisflix-hhqtjtgkehjzwhfmetqsazeobjhe/Build/Intermediates.noindex/anisflix.build/Debug-iphoneos/AnisFlix.build/Script-60F7738AB53509CBF92A08ED.sh

WriteAuxiliaryFile /Users/aniskedidi/Library/Developer/Xcode/DerivedData/anisflix-hhqtjtgkehjzwhfmetqsazeobjhe/Build/Intermediates.noindex/anisflix.build/Debug-iphoneos/AnisFlix.build/Script-D57E34A98C0E40E292FEA5DC.sh (in target 'AnisFlix' from project 'anisflix')
    cd /Users/aniskedidi/Documents/perso/AnisFlix/ios-natve/anisflix
    write-file /Users/aniskedidi/Library/Developer/Xcode/DerivedData/anisflix-hhqtjtgkehjzwhfmetqsazeobjhe/Build/Intermediates.noindex/anisflix.build/Debug-iphoneos/AnisFlix.build/Script-D57E34A98C0E40E292FEA5DC.sh

WriteAuxiliaryFile /Users/aniskedidi/Library/Developer/Xcode/DerivedData/anisflix-hhqtjtgkehjzwhfmetqsazeobjhe/Build/Intermediates.noindex/anisflix.build/Debug-iphoneos/AnisFlix.build/Script-1790A3715E29867B52AC5134.sh (in target 'AnisFlix' from project 'anisflix')
    cd /Users/aniskedidi/Documents/perso/AnisFlix/ios-natve/anisflix
    write-file /Users/aniskedidi/Library/Developer/Xcode/DerivedData/anisflix-hhqtjtgkehjzwhfmetqsazeobjhe/Build/Intermediates.noindex/anisflix.build/Debug-iphoneos/AnisFlix.build/Script-1790A3715E29867B52AC5134.sh

WriteAuxiliaryFile /Users/aniskedidi/Library/Developer/Xcode/DerivedData/anisflix-hhqtjtgkehjzwhfmetqsazeobjhe/Build/Intermediates.noindex/anisflix.build/Debug-iphoneos/AnisFlix.build/OutputFileList-D57E34A98C0E40E292FEA5DC-Pods-AnisFlix-resources-Debug-output-files-699415611d92182d3818abd20cb3dcfd-resolved.xcfilelist (in target 'AnisFlix' from project 'anisflix')
    cd /Users/aniskedidi/Documents/perso/AnisFlix/ios-natve/anisflix
    write-file /Users/aniskedidi/Library/Developer/Xcode/DerivedData/anisflix-hhqtjtgkehjzwhfmetqsazeobjhe/Build/Intermediates.noindex/anisflix.build/Debug-iphoneos/AnisFlix.build/OutputFileList-D57E34A98C0E40E292FEA5DC-Pods-AnisFlix-resources-Debug-output-files-699415611d92182d3818abd20cb3dcfd-resolved.xcfilelist

WriteAuxiliaryFile /Users/aniskedidi/Library/Developer/Xcode/DerivedData/anisflix-hhqtjtgkehjzwhfmetqsazeobjhe/Build/Intermediates.noindex/anisflix.build/Debug-iphoneos/AnisFlix.build/OutputFileList-60F7738AB53509CBF92A08ED-Pods-AnisFlix-frameworks-Debug-output-files-d96dff31c1bf4d66b465fb7d5c20430b-resolved.xcfilelist (in target 'AnisFlix' from project 'anisflix')
    cd /Users/aniskedidi/Documents/perso/AnisFlix/ios-natve/anisflix
    write-file /Users/aniskedidi/Library/Developer/Xcode/DerivedData/anisflix-hhqtjtgkehjzwhfmetqsazeobjhe/Build/Intermediates.noindex/anisflix.build/Debug-iphoneos/AnisFlix.build/OutputFileList-60F7738AB53509CBF92A08ED-Pods-AnisFlix-frameworks-Debug-output-files-d96dff31c1bf4d66b465fb7d5c20430b-resolved.xcfilelist

WriteAuxiliaryFile /Users/aniskedidi/Library/Developer/Xcode/DerivedData/anisflix-hhqtjtgkehjzwhfmetqsazeobjhe/Build/Intermediates.noindex/anisflix.build/Debug-iphoneos/AnisFlix.build/Objects-normal/arm64/AnisFlix_const_extract_protocols.json (in target 'AnisFlix' from project 'anisflix')
    cd /Users/aniskedidi/Documents/perso/AnisFlix/ios-natve/anisflix
    write-file /Users/aniskedidi/Library/Developer/Xcode/DerivedData/anisflix-hhqtjtgkehjzwhfmetqsazeobjhe/Build/Intermediates.noindex/anisflix.build/Debug-iphoneos/AnisFlix.build/Objects-normal/arm64/AnisFlix_const_extract_protocols.json

WriteAuxiliaryFile /Users/aniskedidi/Library/Developer/Xcode/DerivedData/anisflix-hhqtjtgkehjzwhfmetqsazeobjhe/Build/Intermediates.noindex/anisflix.build/Debug-iphoneos/AnisFlix.build/Objects-normal/arm64/AnisFlix.SwiftFileList (in target 'AnisFlix' from project 'anisflix')
    cd /Users/aniskedidi/Documents/perso/AnisFlix/ios-natve/anisflix
    write-file /Users/aniskedidi/Library/Developer/Xcode/DerivedData/anisflix-hhqtjtgkehjzwhfmetqsazeobjhe/Build/Intermediates.noindex/anisflix.build/Debug-iphoneos/AnisFlix.build/Objects-normal/arm64/AnisFlix.SwiftFileList

WriteAuxiliaryFile /Users/aniskedidi/Library/Developer/Xcode/DerivedData/anisflix-hhqtjtgkehjzwhfmetqsazeobjhe/Build/Intermediates.noindex/anisflix.build/Debug-iphoneos/AnisFlix.build/Objects-normal/arm64/AnisFlix.SwiftConstValuesFileList (in target 'AnisFlix' from project 'anisflix')
    cd /Users/aniskedidi/Documents/perso/AnisFlix/ios-natve/anisflix
    write-file /Users/aniskedidi/Library/Developer/Xcode/DerivedData/anisflix-hhqtjtgkehjzwhfmetqsazeobjhe/Build/Intermediates.noindex/anisflix.build/Debug-iphoneos/AnisFlix.build/Objects-normal/arm64/AnisFlix.SwiftConstValuesFileList

WriteAuxiliaryFile /Users/aniskedidi/Library/Developer/Xcode/DerivedData/anisflix-hhqtjtgkehjzwhfmetqsazeobjhe/Build/Intermediates.noindex/anisflix.build/Debug-iphoneos/AnisFlix.build/Objects-normal/arm64/AnisFlix.LinkFileList (in target 'AnisFlix' from project 'anisflix')
    cd /Users/aniskedidi/Documents/perso/AnisFlix/ios-natve/anisflix
    write-file /Users/aniskedidi/Library/Developer/Xcode/DerivedData/anisflix-hhqtjtgkehjzwhfmetqsazeobjhe/Build/Intermediates.noindex/anisflix.build/Debug-iphoneos/AnisFlix.build/Objects-normal/arm64/AnisFlix.LinkFileList

WriteAuxiliaryFile /Users/aniskedidi/Library/Developer/Xcode/DerivedData/anisflix-hhqtjtgkehjzwhfmetqsazeobjhe/Build/Intermediates.noindex/anisflix.build/Debug-iphoneos/AnisFlix.build/Objects-normal/arm64/AnisFlix-OutputFileMap.json (in target 'AnisFlix' from project 'anisflix')
    cd /Users/aniskedidi/Documents/perso/AnisFlix/ios-natve/anisflix
    write-file /Users/aniskedidi/Library/Developer/Xcode/DerivedData/anisflix-hhqtjtgkehjzwhfmetqsazeobjhe/Build/Intermediates.noindex/anisflix.build/Debug-iphoneos/AnisFlix.build/Objects-normal/arm64/AnisFlix-OutputFileMap.json

WriteAuxiliaryFile /Users/aniskedidi/Library/Developer/Xcode/DerivedData/anisflix-hhqtjtgkehjzwhfmetqsazeobjhe/Build/Intermediates.noindex/anisflix.build/Debug-iphoneos/AnisFlix.build/InputFileList-D57E34A98C0E40E292FEA5DC-Pods-AnisFlix-resources-Debug-input-files-1fe2b0f61673ab14a89e1816c720ff68-resolved.xcfilelist (in target 'AnisFlix' from project 'anisflix')
    cd /Users/aniskedidi/Documents/perso/AnisFlix/ios-natve/anisflix
    write-file /Users/aniskedidi/Library/Developer/Xcode/DerivedData/anisflix-hhqtjtgkehjzwhfmetqsazeobjhe/Build/Intermediates.noindex/anisflix.build/Debug-iphoneos/AnisFlix.build/InputFileList-D57E34A98C0E40E292FEA5DC-Pods-AnisFlix-resources-Debug-input-files-1fe2b0f61673ab14a89e1816c720ff68-resolved.xcfilelist

WriteAuxiliaryFile /Users/aniskedidi/Library/Developer/Xcode/DerivedData/anisflix-hhqtjtgkehjzwhfmetqsazeobjhe/Build/Intermediates.noindex/anisflix.build/Debug-iphoneos/AnisFlix.build/InputFileList-60F7738AB53509CBF92A08ED-Pods-AnisFlix-frameworks-Debug-input-files-83c5b8c8a4dc5d7439d84385929ba89b-resolved.xcfilelist (in target 'AnisFlix' from project 'anisflix')
    cd /Users/aniskedidi/Documents/perso/AnisFlix/ios-natve/anisflix
    write-file /Users/aniskedidi/Library/Developer/Xcode/DerivedData/anisflix-hhqtjtgkehjzwhfmetqsazeobjhe/Build/Intermediates.noindex/anisflix.build/Debug-iphoneos/AnisFlix.build/InputFileList-60F7738AB53509CBF92A08ED-Pods-AnisFlix-frameworks-Debug-input-files-83c5b8c8a4dc5d7439d84385929ba89b-resolved.xcfilelist

WriteAuxiliaryFile /Users/aniskedidi/Library/Developer/Xcode/DerivedData/anisflix-hhqtjtgkehjzwhfmetqsazeobjhe/Build/Intermediates.noindex/anisflix.build/Debug-iphoneos/AnisFlix.build/DerivedSources/Entitlements.plist (in target 'AnisFlix' from project 'anisflix')
    cd /Users/aniskedidi/Documents/perso/AnisFlix/ios-natve/anisflix
    write-file /Users/aniskedidi/Library/Developer/Xcode/DerivedData/anisflix-hhqtjtgkehjzwhfmetqsazeobjhe/Build/Intermediates.noindex/anisflix.build/Debug-iphoneos/AnisFlix.build/DerivedSources/Entitlements.plist

WriteAuxiliaryFile /Users/aniskedidi/Library/Developer/Xcode/DerivedData/anisflix-hhqtjtgkehjzwhfmetqsazeobjhe/Build/Intermediates.noindex/anisflix.build/Debug-iphoneos/AnisFlix.build/AnisFlix.hmap (in target 'AnisFlix' from project 'anisflix')
    cd /Users/aniskedidi/Documents/perso/AnisFlix/ios-natve/anisflix
    write-file /Users/aniskedidi/Library/Developer/Xcode/DerivedData/anisflix-hhqtjtgkehjzwhfmetqsazeobjhe/Build/Intermediates.noindex/anisflix.build/Debug-iphoneos/AnisFlix.build/AnisFlix.hmap

WriteAuxiliaryFile /Users/aniskedidi/Library/Developer/Xcode/DerivedData/anisflix-hhqtjtgkehjzwhfmetqsazeobjhe/Build/Intermediates.noindex/anisflix.build/Debug-iphoneos/AnisFlix.build/AnisFlix.DependencyStaticMetadataFileList (in target 'AnisFlix' from project 'anisflix')
    cd /Users/aniskedidi/Documents/perso/AnisFlix/ios-natve/anisflix
    write-file /Users/aniskedidi/Library/Developer/Xcode/DerivedData/anisflix-hhqtjtgkehjzwhfmetqsazeobjhe/Build/Intermediates.noindex/anisflix.build/Debug-iphoneos/AnisFlix.build/AnisFlix.DependencyStaticMetadataFileList

WriteAuxiliaryFile /Users/aniskedidi/Library/Developer/Xcode/DerivedData/anisflix-hhqtjtgkehjzwhfmetqsazeobjhe/Build/Intermediates.noindex/anisflix.build/Debug-iphoneos/AnisFlix.build/AnisFlix.DependencyMetadataFileList (in target 'AnisFlix' from project 'anisflix')
    cd /Users/aniskedidi/Documents/perso/AnisFlix/ios-natve/anisflix
    write-file /Users/aniskedidi/Library/Developer/Xcode/DerivedData/anisflix-hhqtjtgkehjzwhfmetqsazeobjhe/Build/Intermediates.noindex/anisflix.build/Debug-iphoneos/AnisFlix.build/AnisFlix.DependencyMetadataFileList

WriteAuxiliaryFile /Users/aniskedidi/Library/Developer/Xcode/DerivedData/anisflix-hhqtjtgkehjzwhfmetqsazeobjhe/Build/Intermediates.noindex/anisflix.build/Debug-iphoneos/AnisFlix.build/AnisFlix-project-headers.hmap (in target 'AnisFlix' from project 'anisflix')
    cd /Users/aniskedidi/Documents/perso/AnisFlix/ios-natve/anisflix
    write-file /Users/aniskedidi/Library/Developer/Xcode/DerivedData/anisflix-hhqtjtgkehjzwhfmetqsazeobjhe/Build/Intermediates.noindex/anisflix.build/Debug-iphoneos/AnisFlix.build/AnisFlix-project-headers.hmap

WriteAuxiliaryFile /Users/aniskedidi/Library/Developer/Xcode/DerivedData/anisflix-hhqtjtgkehjzwhfmetqsazeobjhe/Build/Intermediates.noindex/anisflix.build/Debug-iphoneos/AnisFlix.build/AnisFlix-own-target-headers.hmap (in target 'AnisFlix' from project 'anisflix')
    cd /Users/aniskedidi/Documents/perso/AnisFlix/ios-natve/anisflix
    write-file /Users/aniskedidi/Library/Developer/Xcode/DerivedData/anisflix-hhqtjtgkehjzwhfmetqsazeobjhe/Build/Intermediates.noindex/anisflix.build/Debug-iphoneos/AnisFlix.build/AnisFlix-own-target-headers.hmap

WriteAuxiliaryFile /Users/aniskedidi/Library/Developer/Xcode/DerivedData/anisflix-hhqtjtgkehjzwhfmetqsazeobjhe/Build/Intermediates.noindex/anisflix.build/Debug-iphoneos/AnisFlix.build/AnisFlix-generated-files.hmap (in target 'AnisFlix' from project 'anisflix')
    cd /Users/aniskedidi/Documents/perso/AnisFlix/ios-natve/anisflix
    write-file /Users/aniskedidi/Library/Developer/Xcode/DerivedData/anisflix-hhqtjtgkehjzwhfmetqsazeobjhe/Build/Intermediates.noindex/anisflix.build/Debug-iphoneos/AnisFlix.build/AnisFlix-generated-files.hmap

WriteAuxiliaryFile /Users/aniskedidi/Library/Developer/Xcode/DerivedData/anisflix-hhqtjtgkehjzwhfmetqsazeobjhe/Build/Intermediates.noindex/anisflix.build/Debug-iphoneos/AnisFlix.build/AnisFlix-all-target-headers.hmap (in target 'AnisFlix' from project 'anisflix')
    cd /Users/aniskedidi/Documents/perso/AnisFlix/ios-natve/anisflix
    write-file /Users/aniskedidi/Library/Developer/Xcode/DerivedData/anisflix-hhqtjtgkehjzwhfmetqsazeobjhe/Build/Intermediates.noindex/anisflix.build/Debug-iphoneos/AnisFlix.build/AnisFlix-all-target-headers.hmap

WriteAuxiliaryFile /Users/aniskedidi/Library/Developer/Xcode/DerivedData/anisflix-hhqtjtgkehjzwhfmetqsazeobjhe/Build/Intermediates.noindex/anisflix.build/Debug-iphoneos/AnisFlix.build/AnisFlix-all-non-framework-target-headers.hmap (in target 'AnisFlix' from project 'anisflix')
    cd /Users/aniskedidi/Documents/perso/AnisFlix/ios-natve/anisflix
    write-file /Users/aniskedidi/Library/Developer/Xcode/DerivedData/anisflix-hhqtjtgkehjzwhfmetqsazeobjhe/Build/Intermediates.noindex/anisflix.build/Debug-iphoneos/AnisFlix.build/AnisFlix-all-non-framework-target-headers.hmap

WriteAuxiliaryFile /Users/aniskedidi/Library/Developer/Xcode/DerivedData/anisflix-hhqtjtgkehjzwhfmetqsazeobjhe/Build/Intermediates.noindex/anisflix.build/Debug-iphoneos/AnisFlix.build/AnisFlix-DebugDylibPath-normal-arm64.txt (in target 'AnisFlix' from project 'anisflix')
    cd /Users/aniskedidi/Documents/perso/AnisFlix/ios-natve/anisflix
    write-file /Users/aniskedidi/Library/Developer/Xcode/DerivedData/anisflix-hhqtjtgkehjzwhfmetqsazeobjhe/Build/Intermediates.noindex/anisflix.build/Debug-iphoneos/AnisFlix.build/AnisFlix-DebugDylibPath-normal-arm64.txt

WriteAuxiliaryFile /Users/aniskedidi/Library/Developer/Xcode/DerivedData/anisflix-hhqtjtgkehjzwhfmetqsazeobjhe/Build/Intermediates.noindex/anisflix.build/Debug-iphoneos/AnisFlix.build/AnisFlix-DebugDylibInstallName-normal-arm64.txt (in target 'AnisFlix' from project 'anisflix')
    cd /Users/aniskedidi/Documents/perso/AnisFlix/ios-natve/anisflix
    write-file /Users/aniskedidi/Library/Developer/Xcode/DerivedData/anisflix-hhqtjtgkehjzwhfmetqsazeobjhe/Build/Intermediates.noindex/anisflix.build/Debug-iphoneos/AnisFlix.build/AnisFlix-DebugDylibInstallName-normal-arm64.txt

MkDir /Users/aniskedidi/Library/Developer/Xcode/DerivedData/anisflix-hhqtjtgkehjzwhfmetqsazeobjhe/Build/Products/Debug-iphoneos/Pods_AnisFlix.framework (in target 'Pods-AnisFlix' from project 'Pods')
    cd /Users/aniskedidi/Documents/perso/AnisFlix/ios-natve/anisflix/Pods
    /bin/mkdir -p /Users/aniskedidi/Library/Developer/Xcode/DerivedData/anisflix-hhqtjtgkehjzwhfmetqsazeobjhe/Build/Products/Debug-iphoneos/Pods_AnisFlix.framework

MkDir /Users/aniskedidi/Library/Developer/Xcode/DerivedData/anisflix-hhqtjtgkehjzwhfmetqsazeobjhe/Build/Products/Debug-iphoneos/Pods_AnisFlix.framework/Headers (in target 'Pods-AnisFlix' from project 'Pods')
    cd /Users/aniskedidi/Documents/perso/AnisFlix/ios-natve/anisflix/Pods
    /bin/mkdir -p /Users/aniskedidi/Library/Developer/Xcode/DerivedData/anisflix-hhqtjtgkehjzwhfmetqsazeobjhe/Build/Products/Debug-iphoneos/Pods_AnisFlix.framework/Headers

MkDir /Users/aniskedidi/Library/Developer/Xcode/DerivedData/anisflix-hhqtjtgkehjzwhfmetqsazeobjhe/Build/Products/Debug-iphoneos/AnisFlix.app (in target 'AnisFlix' from project 'anisflix')
    cd /Users/aniskedidi/Documents/perso/AnisFlix/ios-natve/anisflix
    /bin/mkdir -p /Users/aniskedidi/Library/Developer/Xcode/DerivedData/anisflix-hhqtjtgkehjzwhfmetqsazeobjhe/Build/Products/Debug-iphoneos/AnisFlix.app

MkDir /Users/aniskedidi/Library/Developer/Xcode/DerivedData/anisflix-hhqtjtgkehjzwhfmetqsazeobjhe/Build/Products/Debug-iphoneos/AnisFlix.app/Frameworks (in target 'AnisFlix' from project 'anisflix')
    cd /Users/aniskedidi/Documents/perso/AnisFlix/ios-natve/anisflix
    /bin/mkdir -p /Users/aniskedidi/Library/Developer/Xcode/DerivedData/anisflix-hhqtjtgkehjzwhfmetqsazeobjhe/Build/Products/Debug-iphoneos/AnisFlix.app/Frameworks

MkDir /Users/aniskedidi/Library/Developer/Xcode/DerivedData/anisflix-hhqtjtgkehjzwhfmetqsazeobjhe/Build/Products/Debug-iphoneos/google-cast-sdk/GoogleCast.bundle (in target 'google-cast-sdk-GoogleCast' from project 'Pods')
    cd /Users/aniskedidi/Documents/perso/AnisFlix/ios-natve/anisflix/Pods
    /bin/mkdir -p /Users/aniskedidi/Library/Developer/Xcode/DerivedData/anisflix-hhqtjtgkehjzwhfmetqsazeobjhe/Build/Products/Debug-iphoneos/google-cast-sdk/GoogleCast.bundle

WriteAuxiliaryFile /Users/aniskedidi/Library/Developer/Xcode/DerivedData/anisflix-hhqtjtgkehjzwhfmetqsazeobjhe/Build/Intermediates.noindex/Pods.build/Debug-iphoneos/google-cast-sdk-GoogleCast.build/GoogleCast-own-target-headers.hmap (in target 'google-cast-sdk-GoogleCast' from project 'Pods')
    cd /Users/aniskedidi/Documents/perso/AnisFlix/ios-natve/anisflix/Pods
    write-file /Users/aniskedidi/Library/Developer/Xcode/DerivedData/anisflix-hhqtjtgkehjzwhfmetqsazeobjhe/Build/Intermediates.noindex/Pods.build/Debug-iphoneos/google-cast-sdk-GoogleCast.build/GoogleCast-own-target-headers.hmap

WriteAuxiliaryFile /Users/aniskedidi/Library/Developer/Xcode/DerivedData/anisflix-hhqtjtgkehjzwhfmetqsazeobjhe/Build/Intermediates.noindex/Pods.build/Debug-iphoneos/google-cast-sdk-GoogleCast.build/GoogleCast.hmap (in target 'google-cast-sdk-GoogleCast' from project 'Pods')
    cd /Users/aniskedidi/Documents/perso/AnisFlix/ios-natve/anisflix/Pods
    write-file /Users/aniskedidi/Library/Developer/Xcode/DerivedData/anisflix-hhqtjtgkehjzwhfmetqsazeobjhe/Build/Intermediates.noindex/Pods.build/Debug-iphoneos/google-cast-sdk-GoogleCast.build/GoogleCast.hmap

WriteAuxiliaryFile /Users/aniskedidi/Library/Developer/Xcode/DerivedData/anisflix-hhqtjtgkehjzwhfmetqsazeobjhe/Build/Intermediates.noindex/Pods.build/Debug-iphoneos/google-cast-sdk-GoogleCast.build/GoogleCast.DependencyStaticMetadataFileList (in target 'google-cast-sdk-GoogleCast' from project 'Pods')
    cd /Users/aniskedidi/Documents/perso/AnisFlix/ios-natve/anisflix/Pods
    write-file /Users/aniskedidi/Library/Developer/Xcode/DerivedData/anisflix-hhqtjtgkehjzwhfmetqsazeobjhe/Build/Intermediates.noindex/Pods.build/Debug-iphoneos/google-cast-sdk-GoogleCast.build/GoogleCast.DependencyStaticMetadataFileList

WriteAuxiliaryFile /Users/aniskedidi/Library/Developer/Xcode/DerivedData/anisflix-hhqtjtgkehjzwhfmetqsazeobjhe/Build/Intermediates.noindex/Pods.build/Debug-iphoneos/google-cast-sdk-GoogleCast.build/GoogleCast-generated-files.hmap (in target 'google-cast-sdk-GoogleCast' from project 'Pods')
    cd /Users/aniskedidi/Documents/perso/AnisFlix/ios-natve/anisflix/Pods
    write-file /Users/aniskedidi/Library/Developer/Xcode/DerivedData/anisflix-hhqtjtgkehjzwhfmetqsazeobjhe/Build/Intermediates.noindex/Pods.build/Debug-iphoneos/google-cast-sdk-GoogleCast.build/GoogleCast-generated-files.hmap

WriteAuxiliaryFile /Users/aniskedidi/Library/Developer/Xcode/DerivedData/anisflix-hhqtjtgkehjzwhfmetqsazeobjhe/Build/Intermediates.noindex/Pods.build/Debug-iphoneos/google-cast-sdk-GoogleCast.build/GoogleCast.DependencyMetadataFileList (in target 'google-cast-sdk-GoogleCast' from project 'Pods')
    cd /Users/aniskedidi/Documents/perso/AnisFlix/ios-natve/anisflix/Pods
    write-file /Users/aniskedidi/Library/Developer/Xcode/DerivedData/anisflix-hhqtjtgkehjzwhfmetqsazeobjhe/Build/Intermediates.noindex/Pods.build/Debug-iphoneos/google-cast-sdk-GoogleCast.build/GoogleCast.DependencyMetadataFileList

WriteAuxiliaryFile /Users/aniskedidi/Library/Developer/Xcode/DerivedData/anisflix-hhqtjtgkehjzwhfmetqsazeobjhe/Build/Intermediates.noindex/Pods.build/Debug-iphoneos/google-cast-sdk-GoogleCast.build/GoogleCast-project-headers.hmap (in target 'google-cast-sdk-GoogleCast' from project 'Pods')
    cd /Users/aniskedidi/Documents/perso/AnisFlix/ios-natve/anisflix/Pods
    write-file /Users/aniskedidi/Library/Developer/Xcode/DerivedData/anisflix-hhqtjtgkehjzwhfmetqsazeobjhe/Build/Intermediates.noindex/Pods.build/Debug-iphoneos/google-cast-sdk-GoogleCast.build/GoogleCast-project-headers.hmap

WriteAuxiliaryFile /Users/aniskedidi/Library/Developer/Xcode/DerivedData/anisflix-hhqtjtgkehjzwhfmetqsazeobjhe/Build/Intermediates.noindex/Pods.build/Debug-iphoneos/google-cast-sdk-GoogleCast.build/GoogleCast-all-non-framework-target-headers.hmap (in target 'google-cast-sdk-GoogleCast' from project 'Pods')
    cd /Users/aniskedidi/Documents/perso/AnisFlix/ios-natve/anisflix/Pods
    write-file /Users/aniskedidi/Library/Developer/Xcode/DerivedData/anisflix-hhqtjtgkehjzwhfmetqsazeobjhe/Build/Intermediates.noindex/Pods.build/Debug-iphoneos/google-cast-sdk-GoogleCast.build/GoogleCast-all-non-framework-target-headers.hmap

WriteAuxiliaryFile /Users/aniskedidi/Library/Developer/Xcode/DerivedData/anisflix-hhqtjtgkehjzwhfmetqsazeobjhe/Build/Intermediates.noindex/Pods.build/Debug-iphoneos/google-cast-sdk-GoogleCast.build/GoogleCast-all-target-headers.hmap (in target 'google-cast-sdk-GoogleCast' from project 'Pods')
    cd /Users/aniskedidi/Documents/perso/AnisFlix/ios-natve/anisflix/Pods
    write-file /Users/aniskedidi/Library/Developer/Xcode/DerivedData/anisflix-hhqtjtgkehjzwhfmetqsazeobjhe/Build/Intermediates.noindex/Pods.build/Debug-iphoneos/google-cast-sdk-GoogleCast.build/GoogleCast-all-target-headers.hmap

WriteAuxiliaryFile /Users/aniskedidi/Library/Developer/Xcode/DerivedData/anisflix-hhqtjtgkehjzwhfmetqsazeobjhe/Build/Intermediates.noindex/Pods.build/Debug-iphoneos/GCDWebServer.build/Objects-normal/arm64/e6072d4f65d7061329687fe24e3d63a7-common-args.resp (in target 'GCDWebServer' from project 'Pods')
    cd /Users/aniskedidi/Documents/perso/AnisFlix/ios-natve/anisflix/Pods
    write-file /Users/aniskedidi/Library/Developer/Xcode/DerivedData/anisflix-hhqtjtgkehjzwhfmetqsazeobjhe/Build/Intermediates.noindex/Pods.build/Debug-iphoneos/GCDWebServer.build/Objects-normal/arm64/e6072d4f65d7061329687fe24e3d63a7-common-args.resp
'-std=gnu11' -fobjc-arc -fobjc-weak -fmodules -gmodules '-fmodules-cache-path=/Users/aniskedidi/Library/Developer/Xcode/DerivedData/ModuleCache.noindex' '-fmodule-name=GCDWebServer' -fpascal-strings -O0 -fno-common '-DPOD_CONFIGURATION_DEBUG=1' '-DDEBUG=1' '-DCOCOAPODS=1' '-DOBJC_OLD_DISPATCH_PROTOTYPES=0' -g -iquote /Users/aniskedidi/Library/Developer/Xcode/DerivedData/anisflix-hhqtjtgkehjzwhfmetqsazeobjhe/Build/Intermediates.noindex/Pods.build/Debug-iphoneos/GCDWebServer.build/GCDWebServer-generated-files.hmap -I/Users/aniskedidi/Library/Developer/Xcode/DerivedData/anisflix-hhqtjtgkehjzwhfmetqsazeobjhe/Build/Intermediates.noindex/Pods.build/Debug-iphoneos/GCDWebServer.build/GCDWebServer-own-target-headers.hmap -I/Users/aniskedidi/Library/Developer/Xcode/DerivedData/anisflix-hhqtjtgkehjzwhfmetqsazeobjhe/Build/Intermediates.noindex/Pods.build/Debug-iphoneos/GCDWebServer.build/GCDWebServer-all-non-framework-target-headers.hmap -ivfsoverlay /Users/aniskedidi/Library/Developer/Xcode/DerivedData/anisflix-hhqtjtgkehjzwhfmetqsazeobjhe/Build/Intermediates.noindex/Pods.build/Debug-iphoneos/Pods-8699adb1dd336b26511df848a716bd42-VFS-iphoneos/all-product-headers.yaml -iquote /Users/aniskedidi/Library/Developer/Xcode/DerivedData/anisflix-hhqtjtgkehjzwhfmetqsazeobjhe/Build/Intermediates.noindex/Pods.build/Debug-iphoneos/GCDWebServer.build/GCDWebServer-project-headers.hmap -I/Users/aniskedidi/Library/Developer/Xcode/DerivedData/anisflix-hhqtjtgkehjzwhfmetqsazeobjhe/Build/Products/Debug-iphoneos/GCDWebServer/include -I/Users/aniskedidi/Library/Developer/Xcode/DerivedData/anisflix-hhqtjtgkehjzwhfmetqsazeobjhe/Build/Intermediates.noindex/Pods.build/Debug-iphoneos/GCDWebServer.build/DerivedSources-normal/arm64 -I/Users/aniskedidi/Library/Developer/Xcode/DerivedData/anisflix-hhqtjtgkehjzwhfmetqsazeobjhe/Build/Intermediates.noindex/Pods.build/Debug-iphoneos/GCDWebServer.build/DerivedSources/arm64 -I/Users/aniskedidi/Library/Developer/Xcode/DerivedData/anisflix-hhqtjtgkehjzwhfmetqsazeobjhe/Build/Intermediates.noindex/Pods.build/Debug-iphoneos/GCDWebServer.build/DerivedSources -F/Users/aniskedidi/Library/Developer/Xcode/DerivedData/anisflix-hhqtjtgkehjzwhfmetqsazeobjhe/Build/Products/Debug-iphoneos/GCDWebServer

WriteAuxiliaryFile /Users/aniskedidi/Library/Developer/Xcode/DerivedData/anisflix-hhqtjtgkehjzwhfmetqsazeobjhe/Build/Intermediates.noindex/Pods.build/Debug-iphoneos/GCDWebServer.build/Objects-normal/arm64/GCDWebServer.LinkFileList (in target 'GCDWebServer' from project 'Pods')
    cd /Users/aniskedidi/Documents/perso/AnisFlix/ios-natve/anisflix/Pods
    write-file /Users/aniskedidi/Library/Developer/Xcode/DerivedData/anisflix-hhqtjtgkehjzwhfmetqsazeobjhe/Build/Intermediates.noindex/Pods.build/Debug-iphoneos/GCDWebServer.build/Objects-normal/arm64/GCDWebServer.LinkFileList

WriteAuxiliaryFile /Users/aniskedidi/Library/Developer/Xcode/DerivedData/anisflix-hhqtjtgkehjzwhfmetqsazeobjhe/Build/Intermediates.noindex/Pods.build/Debug-iphoneos/GCDWebServer.build/Objects-normal/arm64/7187679823f38a2a940e0043cdf9d637-common-args.resp (in target 'GCDWebServer' from project 'Pods')
    cd /Users/aniskedidi/Documents/perso/AnisFlix/ios-natve/anisflix/Pods
    write-file /Users/aniskedidi/Library/Developer/Xcode/DerivedData/anisflix-hhqtjtgkehjzwhfmetqsazeobjhe/Build/Intermediates.noindex/Pods.build/Debug-iphoneos/GCDWebServer.build/Objects-normal/arm64/7187679823f38a2a940e0043cdf9d637-common-args.resp
'-std=gnu11' -fmodules -gmodules '-fmodules-cache-path=/Users/aniskedidi/Library/Developer/Xcode/DerivedData/ModuleCache.noindex' '-fmodule-name=GCDWebServer' -fpascal-strings -O0 -fno-common '-DPOD_CONFIGURATION_DEBUG=1' '-DDEBUG=1' '-DCOCOAPODS=1' -g -iquote /Users/aniskedidi/Library/Developer/Xcode/DerivedData/anisflix-hhqtjtgkehjzwhfmetqsazeobjhe/Build/Intermediates.noindex/Pods.build/Debug-iphoneos/GCDWebServer.build/GCDWebServer-generated-files.hmap -I/Users/aniskedidi/Library/Developer/Xcode/DerivedData/anisflix-hhqtjtgkehjzwhfmetqsazeobjhe/Build/Intermediates.noindex/Pods.build/Debug-iphoneos/GCDWebServer.build/GCDWebServer-own-target-headers.hmap -I/Users/aniskedidi/Library/Developer/Xcode/DerivedData/anisflix-hhqtjtgkehjzwhfmetqsazeobjhe/Build/Intermediates.noindex/Pods.build/Debug-iphoneos/GCDWebServer.build/GCDWebServer-all-non-framework-target-headers.hmap -ivfsoverlay /Users/aniskedidi/Library/Developer/Xcode/DerivedData/anisflix-hhqtjtgkehjzwhfmetqsazeobjhe/Build/Intermediates.noindex/Pods.build/Debug-iphoneos/Pods-8699adb1dd336b26511df848a716bd42-VFS-iphoneos/all-product-headers.yaml -iquote /Users/aniskedidi/Library/Developer/Xcode/DerivedData/anisflix-hhqtjtgkehjzwhfmetqsazeobjhe/Build/Intermediates.noindex/Pods.build/Debug-iphoneos/GCDWebServer.build/GCDWebServer-project-headers.hmap -I/Users/aniskedidi/Library/Developer/Xcode/DerivedData/anisflix-hhqtjtgkehjzwhfmetqsazeobjhe/Build/Products/Debug-iphoneos/GCDWebServer/include -I/Users/aniskedidi/Library/Developer/Xcode/DerivedData/anisflix-hhqtjtgkehjzwhfmetqsazeobjhe/Build/Intermediates.noindex/Pods.build/Debug-iphoneos/GCDWebServer.build/DerivedSources-normal/arm64 -I/Users/aniskedidi/Library/Developer/Xcode/DerivedData/anisflix-hhqtjtgkehjzwhfmetqsazeobjhe/Build/Intermediates.noindex/Pods.build/Debug-iphoneos/GCDWebServer.build/DerivedSources/arm64 -I/Users/aniskedidi/Library/Developer/Xcode/DerivedData/anisflix-hhqtjtgkehjzwhfmetqsazeobjhe/Build/Intermediates.noindex/Pods.build/Debug-iphoneos/GCDWebServer.build/DerivedSources -F/Users/aniskedidi/Library/Developer/Xcode/DerivedData/anisflix-hhqtjtgkehjzwhfmetqsazeobjhe/Build/Products/Debug-iphoneos/GCDWebServer

WriteAuxiliaryFile /Users/aniskedidi/Library/Developer/Xcode/DerivedData/anisflix-hhqtjtgkehjzwhfmetqsazeobjhe/Build/Intermediates.noindex/Pods.build/Debug-iphoneos/GCDWebServer.build/GCDWebServer.hmap (in target 'GCDWebServer' from project 'Pods')
    cd /Users/aniskedidi/Documents/perso/AnisFlix/ios-natve/anisflix/Pods
    write-file /Users/aniskedidi/Library/Developer/Xcode/DerivedData/anisflix-hhqtjtgkehjzwhfmetqsazeobjhe/Build/Intermediates.noindex/Pods.build/Debug-iphoneos/GCDWebServer.build/GCDWebServer.hmap

WriteAuxiliaryFile /Users/aniskedidi/Library/Developer/Xcode/DerivedData/anisflix-hhqtjtgkehjzwhfmetqsazeobjhe/Build/Intermediates.noindex/Pods.build/Debug-iphoneos/GCDWebServer.build/GCDWebServer.DependencyStaticMetadataFileList (in target 'GCDWebServer' from project 'Pods')
    cd /Users/aniskedidi/Documents/perso/AnisFlix/ios-natve/anisflix/Pods
    write-file /Users/aniskedidi/Library/Developer/Xcode/DerivedData/anisflix-hhqtjtgkehjzwhfmetqsazeobjhe/Build/Intermediates.noindex/Pods.build/Debug-iphoneos/GCDWebServer.build/GCDWebServer.DependencyStaticMetadataFileList

WriteAuxiliaryFile /Users/aniskedidi/Library/Developer/Xcode/DerivedData/anisflix-hhqtjtgkehjzwhfmetqsazeobjhe/Build/Intermediates.noindex/Pods.build/Debug-iphoneos/GCDWebServer.build/GCDWebServer.DependencyMetadataFileList (in target 'GCDWebServer' from project 'Pods')
    cd /Users/aniskedidi/Documents/perso/AnisFlix/ios-natve/anisflix/Pods
    write-file /Users/aniskedidi/Library/Developer/Xcode/DerivedData/anisflix-hhqtjtgkehjzwhfmetqsazeobjhe/Build/Intermediates.noindex/Pods.build/Debug-iphoneos/GCDWebServer.build/GCDWebServer.DependencyMetadataFileList

WriteAuxiliaryFile /Users/aniskedidi/Library/Developer/Xcode/DerivedData/anisflix-hhqtjtgkehjzwhfmetqsazeobjhe/Build/Intermediates.noindex/Pods.build/Debug-iphoneos/GCDWebServer.build/GCDWebServer-project-headers.hmap (in target 'GCDWebServer' from project 'Pods')
    cd /Users/aniskedidi/Documents/perso/AnisFlix/ios-natve/anisflix/Pods
    write-file /Users/aniskedidi/Library/Developer/Xcode/DerivedData/anisflix-hhqtjtgkehjzwhfmetqsazeobjhe/Build/Intermediates.noindex/Pods.build/Debug-iphoneos/GCDWebServer.build/GCDWebServer-project-headers.hmap

WriteAuxiliaryFile /Users/aniskedidi/Library/Developer/Xcode/DerivedData/anisflix-hhqtjtgkehjzwhfmetqsazeobjhe/Build/Intermediates.noindex/Pods.build/Debug-iphoneos/GCDWebServer.build/GCDWebServer-own-target-headers.hmap (in target 'GCDWebServer' from project 'Pods')
    cd /Users/aniskedidi/Documents/perso/AnisFlix/ios-natve/anisflix/Pods
    write-file /Users/aniskedidi/Library/Developer/Xcode/DerivedData/anisflix-hhqtjtgkehjzwhfmetqsazeobjhe/Build/Intermediates.noindex/Pods.build/Debug-iphoneos/GCDWebServer.build/GCDWebServer-own-target-headers.hmap

WriteAuxiliaryFile /Users/aniskedidi/Library/Developer/Xcode/DerivedData/anisflix-hhqtjtgkehjzwhfmetqsazeobjhe/Build/Intermediates.noindex/Pods.build/Debug-iphoneos/GCDWebServer.build/GCDWebServer-generated-files.hmap (in target 'GCDWebServer' from project 'Pods')
    cd /Users/aniskedidi/Documents/perso/AnisFlix/ios-natve/anisflix/Pods
    write-file /Users/aniskedidi/Library/Developer/Xcode/DerivedData/anisflix-hhqtjtgkehjzwhfmetqsazeobjhe/Build/Intermediates.noindex/Pods.build/Debug-iphoneos/GCDWebServer.build/GCDWebServer-generated-files.hmap

Copy /Users/aniskedidi/Library/Developer/Xcode/DerivedData/anisflix-hhqtjtgkehjzwhfmetqsazeobjhe/Build/Products/Debug-iphoneos/Pods_AnisFlix.framework/Modules/module.modulemap /Users/aniskedidi/Library/Developer/Xcode/DerivedData/anisflix-hhqtjtgkehjzwhfmetqsazeobjhe/Build/Intermediates.noindex/Pods.build/Debug-iphoneos/Pods-AnisFlix.build/module.modulemap (in target 'Pods-AnisFlix' from project 'Pods')
    cd /Users/aniskedidi/Documents/perso/AnisFlix/ios-natve/anisflix/Pods
    builtin-copy -exclude .DS_Store -exclude CVS -exclude .svn -exclude .git -exclude .hg -resolve-src-symlinks /Users/aniskedidi/Library/Developer/Xcode/DerivedData/anisflix-hhqtjtgkehjzwhfmetqsazeobjhe/Build/Intermediates.noindex/Pods.build/Debug-iphoneos/Pods-AnisFlix.build/module.modulemap /Users/aniskedidi/Library/Developer/Xcode/DerivedData/anisflix-hhqtjtgkehjzwhfmetqsazeobjhe/Build/Products/Debug-iphoneos/Pods_AnisFlix.framework/Modules

WriteAuxiliaryFile /Users/aniskedidi/Library/Developer/Xcode/DerivedData/anisflix-hhqtjtgkehjzwhfmetqsazeobjhe/Build/Intermediates.noindex/Pods.build/Debug-iphoneos/GCDWebServer.build/GCDWebServer-all-target-headers.hmap (in target 'GCDWebServer' from project 'Pods')
    cd /Users/aniskedidi/Documents/perso/AnisFlix/ios-natve/anisflix/Pods
    write-file /Users/aniskedidi/Library/Developer/Xcode/DerivedData/anisflix-hhqtjtgkehjzwhfmetqsazeobjhe/Build/Intermediates.noindex/Pods.build/Debug-iphoneos/GCDWebServer.build/GCDWebServer-all-target-headers.hmap

WriteAuxiliaryFile /Users/aniskedidi/Library/Developer/Xcode/DerivedData/anisflix-hhqtjtgkehjzwhfmetqsazeobjhe/Build/Intermediates.noindex/Pods.build/Debug-iphoneos/GCDWebServer.build/GCDWebServer-all-non-framework-target-headers.hmap (in target 'GCDWebServer' from project 'Pods')
    cd /Users/aniskedidi/Documents/perso/AnisFlix/ios-natve/anisflix/Pods
    write-file /Users/aniskedidi/Library/Developer/Xcode/DerivedData/anisflix-hhqtjtgkehjzwhfmetqsazeobjhe/Build/Intermediates.noindex/Pods.build/Debug-iphoneos/GCDWebServer.build/GCDWebServer-all-non-framework-target-headers.hmap

WriteAuxiliaryFile /Users/aniskedidi/Library/Developer/Xcode/DerivedData/anisflix-hhqtjtgkehjzwhfmetqsazeobjhe/Build/Intermediates.noindex/Pods.build/Debug-iphoneos/GCDWebServer.build/DerivedSources/GCDWebServer_vers.c (in target 'GCDWebServer' from project 'Pods')
    cd /Users/aniskedidi/Documents/perso/AnisFlix/ios-natve/anisflix/Pods
    write-file /Users/aniskedidi/Library/Developer/Xcode/DerivedData/anisflix-hhqtjtgkehjzwhfmetqsazeobjhe/Build/Intermediates.noindex/Pods.build/Debug-iphoneos/GCDWebServer.build/DerivedSources/GCDWebServer_vers.c

CpHeader /Users/aniskedidi/Library/Developer/Xcode/DerivedData/anisflix-hhqtjtgkehjzwhfmetqsazeobjhe/Build/Products/Debug-iphoneos/GCDWebServer/GCDWebServer.framework/PrivateHeaders/GCDWebServerPrivate.h /Users/aniskedidi/Documents/perso/AnisFlix/ios-natve/anisflix/Pods/GCDWebServer/GCDWebServer/Core/GCDWebServerPrivate.h (in target 'GCDWebServer' from project 'Pods')
    cd /Users/aniskedidi/Documents/perso/AnisFlix/ios-natve/anisflix/Pods
    builtin-copy -exclude .DS_Store -exclude CVS -exclude .svn -exclude .git -exclude .hg -resolve-src-symlinks /Users/aniskedidi/Documents/perso/AnisFlix/ios-natve/anisflix/Pods/GCDWebServer/GCDWebServer/Core/GCDWebServerPrivate.h /Users/aniskedidi/Library/Developer/Xcode/DerivedData/anisflix-hhqtjtgkehjzwhfmetqsazeobjhe/Build/Products/Debug-iphoneos/GCDWebServer/GCDWebServer.framework/PrivateHeaders

CpHeader /Users/aniskedidi/Library/Developer/Xcode/DerivedData/anisflix-hhqtjtgkehjzwhfmetqsazeobjhe/Build/Products/Debug-iphoneos/GCDWebServer/GCDWebServer.framework/Headers/GCDWebServerURLEncodedFormRequest.h /Users/aniskedidi/Documents/perso/AnisFlix/ios-natve/anisflix/Pods/GCDWebServer/GCDWebServer/Requests/GCDWebServerURLEncodedFormRequest.h (in target 'GCDWebServer' from project 'Pods')
    cd /Users/aniskedidi/Documents/perso/AnisFlix/ios-natve/anisflix/Pods
    builtin-copy -exclude .DS_Store -exclude CVS -exclude .svn -exclude .git -exclude .hg -resolve-src-symlinks /Users/aniskedidi/Documents/perso/AnisFlix/ios-natve/anisflix/Pods/GCDWebServer/GCDWebServer/Requests/GCDWebServerURLEncodedFormRequest.h /Users/aniskedidi/Library/Developer/Xcode/DerivedData/anisflix-hhqtjtgkehjzwhfmetqsazeobjhe/Build/Products/Debug-iphoneos/GCDWebServer/GCDWebServer.framework/Headers

CpHeader /Users/aniskedidi/Library/Developer/Xcode/DerivedData/anisflix-hhqtjtgkehjzwhfmetqsazeobjhe/Build/Products/Debug-iphoneos/GCDWebServer/GCDWebServer.framework/Headers/GCDWebServerStreamedResponse.h /Users/aniskedidi/Documents/perso/AnisFlix/ios-natve/anisflix/Pods/GCDWebServer/GCDWebServer/Responses/GCDWebServerStreamedResponse.h (in target 'GCDWebServer' from project 'Pods')
    cd /Users/aniskedidi/Documents/perso/AnisFlix/ios-natve/anisflix/Pods
    builtin-copy -exclude .DS_Store -exclude CVS -exclude .svn -exclude .git -exclude .hg -resolve-src-symlinks /Users/aniskedidi/Documents/perso/AnisFlix/ios-natve/anisflix/Pods/GCDWebServer/GCDWebServer/Responses/GCDWebServerStreamedResponse.h /Users/aniskedidi/Library/Developer/Xcode/DerivedData/anisflix-hhqtjtgkehjzwhfmetqsazeobjhe/Build/Products/Debug-iphoneos/GCDWebServer/GCDWebServer.framework/Headers

CpHeader /Users/aniskedidi/Library/Developer/Xcode/DerivedData/anisflix-hhqtjtgkehjzwhfmetqsazeobjhe/Build/Products/Debug-iphoneos/GCDWebServer/GCDWebServer.framework/Headers/GCDWebServerResponse.h /Users/aniskedidi/Documents/perso/AnisFlix/ios-natve/anisflix/Pods/GCDWebServer/GCDWebServer/Core/GCDWebServerResponse.h (in target 'GCDWebServer' from project 'Pods')
    cd /Users/aniskedidi/Documents/perso/AnisFlix/ios-natve/anisflix/Pods
    builtin-copy -exclude .DS_Store -exclude CVS -exclude .svn -exclude .git -exclude .hg -resolve-src-symlinks /Users/aniskedidi/Documents/perso/AnisFlix/ios-natve/anisflix/Pods/GCDWebServer/GCDWebServer/Core/GCDWebServerResponse.h /Users/aniskedidi/Library/Developer/Xcode/DerivedData/anisflix-hhqtjtgkehjzwhfmetqsazeobjhe/Build/Products/Debug-iphoneos/GCDWebServer/GCDWebServer.framework/Headers

CpHeader /Users/aniskedidi/Library/Developer/Xcode/DerivedData/anisflix-hhqtjtgkehjzwhfmetqsazeobjhe/Build/Products/Debug-iphoneos/GCDWebServer/GCDWebServer.framework/Headers/GCDWebServerRequest.h /Users/aniskedidi/Documents/perso/AnisFlix/ios-natve/anisflix/Pods/GCDWebServer/GCDWebServer/Core/GCDWebServerRequest.h (in target 'GCDWebServer' from project 'Pods')
    cd /Users/aniskedidi/Documents/perso/AnisFlix/ios-natve/anisflix/Pods
    builtin-copy -exclude .DS_Store -exclude CVS -exclude .svn -exclude .git -exclude .hg -resolve-src-symlinks /Users/aniskedidi/Documents/perso/AnisFlix/ios-natve/anisflix/Pods/GCDWebServer/GCDWebServer/Core/GCDWebServerRequest.h /Users/aniskedidi/Library/Developer/Xcode/DerivedData/anisflix-hhqtjtgkehjzwhfmetqsazeobjhe/Build/Products/Debug-iphoneos/GCDWebServer/GCDWebServer.framework/Headers

CpHeader /Users/aniskedidi/Library/Developer/Xcode/DerivedData/anisflix-hhqtjtgkehjzwhfmetqsazeobjhe/Build/Products/Debug-iphoneos/GCDWebServer/GCDWebServer.framework/Headers/GCDWebServerMultiPartFormRequest.h /Users/aniskedidi/Documents/perso/AnisFlix/ios-natve/anisflix/Pods/GCDWebServer/GCDWebServer/Requests/GCDWebServerMultiPartFormRequest.h (in target 'GCDWebServer' from project 'Pods')
    cd /Users/aniskedidi/Documents/perso/AnisFlix/ios-natve/anisflix/Pods
    builtin-copy -exclude .DS_Store -exclude CVS -exclude .svn -exclude .git -exclude .hg -resolve-src-symlinks /Users/aniskedidi/Documents/perso/AnisFlix/ios-natve/anisflix/Pods/GCDWebServer/GCDWebServer/Requests/GCDWebServerMultiPartFormRequest.h /Users/aniskedidi/Library/Developer/Xcode/DerivedData/anisflix-hhqtjtgkehjzwhfmetqsazeobjhe/Build/Products/Debug-iphoneos/GCDWebServer/GCDWebServer.framework/Headers

CpHeader /Users/aniskedidi/Library/Developer/Xcode/DerivedData/anisflix-hhqtjtgkehjzwhfmetqsazeobjhe/Build/Products/Debug-iphoneos/GCDWebServer/GCDWebServer.framework/Headers/GCDWebServerHTTPStatusCodes.h /Users/aniskedidi/Documents/perso/AnisFlix/ios-natve/anisflix/Pods/GCDWebServer/GCDWebServer/Core/GCDWebServerHTTPStatusCodes.h (in target 'GCDWebServer' from project 'Pods')
    cd /Users/aniskedidi/Documents/perso/AnisFlix/ios-natve/anisflix/Pods
    builtin-copy -exclude .DS_Store -exclude CVS -exclude .svn -exclude .git -exclude .hg -resolve-src-symlinks /Users/aniskedidi/Documents/perso/AnisFlix/ios-natve/anisflix/Pods/GCDWebServer/GCDWebServer/Core/GCDWebServerHTTPStatusCodes.h /Users/aniskedidi/Library/Developer/Xcode/DerivedData/anisflix-hhqtjtgkehjzwhfmetqsazeobjhe/Build/Products/Debug-iphoneos/GCDWebServer/GCDWebServer.framework/Headers

CpHeader /Users/aniskedidi/Library/Developer/Xcode/DerivedData/anisflix-hhqtjtgkehjzwhfmetqsazeobjhe/Build/Products/Debug-iphoneos/GCDWebServer/GCDWebServer.framework/Headers/GCDWebServerFunctions.h /Users/aniskedidi/Documents/perso/AnisFlix/ios-natve/anisflix/Pods/GCDWebServer/GCDWebServer/Core/GCDWebServerFunctions.h (in target 'GCDWebServer' from project 'Pods')
    cd /Users/aniskedidi/Documents/perso/AnisFlix/ios-natve/anisflix/Pods
    builtin-copy -exclude .DS_Store -exclude CVS -exclude .svn -exclude .git -exclude .hg -resolve-src-symlinks /Users/aniskedidi/Documents/perso/AnisFlix/ios-natve/anisflix/Pods/GCDWebServer/GCDWebServer/Core/GCDWebServerFunctions.h /Users/aniskedidi/Library/Developer/Xcode/DerivedData/anisflix-hhqtjtgkehjzwhfmetqsazeobjhe/Build/Products/Debug-iphoneos/GCDWebServer/GCDWebServer.framework/Headers

CpHeader /Users/aniskedidi/Library/Developer/Xcode/DerivedData/anisflix-hhqtjtgkehjzwhfmetqsazeobjhe/Build/Products/Debug-iphoneos/GCDWebServer/GCDWebServer.framework/Headers/GCDWebServerFileResponse.h /Users/aniskedidi/Documents/perso/AnisFlix/ios-natve/anisflix/Pods/GCDWebServer/GCDWebServer/Responses/GCDWebServerFileResponse.h (in target 'GCDWebServer' from project 'Pods')
    cd /Users/aniskedidi/Documents/perso/AnisFlix/ios-natve/anisflix/Pods
    builtin-copy -exclude .DS_Store -exclude CVS -exclude .svn -exclude .git -exclude .hg -resolve-src-symlinks /Users/aniskedidi/Documents/perso/AnisFlix/ios-natve/anisflix/Pods/GCDWebServer/GCDWebServer/Responses/GCDWebServerFileResponse.h /Users/aniskedidi/Library/Developer/Xcode/DerivedData/anisflix-hhqtjtgkehjzwhfmetqsazeobjhe/Build/Products/Debug-iphoneos/GCDWebServer/GCDWebServer.framework/Headers

CpHeader /Users/aniskedidi/Library/Developer/Xcode/DerivedData/anisflix-hhqtjtgkehjzwhfmetqsazeobjhe/Build/Products/Debug-iphoneos/GCDWebServer/GCDWebServer.framework/Headers/GCDWebServerFileRequest.h /Users/aniskedidi/Documents/perso/AnisFlix/ios-natve/anisflix/Pods/GCDWebServer/GCDWebServer/Requests/GCDWebServerFileRequest.h (in target 'GCDWebServer' from project 'Pods')
    cd /Users/aniskedidi/Documents/perso/AnisFlix/ios-natve/anisflix/Pods
    builtin-copy -exclude .DS_Store -exclude CVS -exclude .svn -exclude .git -exclude .hg -resolve-src-symlinks /Users/aniskedidi/Documents/perso/AnisFlix/ios-natve/anisflix/Pods/GCDWebServer/GCDWebServer/Requests/GCDWebServerFileRequest.h /Users/aniskedidi/Library/Developer/Xcode/DerivedData/anisflix-hhqtjtgkehjzwhfmetqsazeobjhe/Build/Products/Debug-iphoneos/GCDWebServer/GCDWebServer.framework/Headers

CpHeader /Users/aniskedidi/Library/Developer/Xcode/DerivedData/anisflix-hhqtjtgkehjzwhfmetqsazeobjhe/Build/Products/Debug-iphoneos/GCDWebServer/GCDWebServer.framework/Headers/GCDWebServerErrorResponse.h /Users/aniskedidi/Documents/perso/AnisFlix/ios-natve/anisflix/Pods/GCDWebServer/GCDWebServer/Responses/GCDWebServerErrorResponse.h (in target 'GCDWebServer' from project 'Pods')
    cd /Users/aniskedidi/Documents/perso/AnisFlix/ios-natve/anisflix/Pods
    builtin-copy -exclude .DS_Store -exclude CVS -exclude .svn -exclude .git -exclude .hg -resolve-src-symlinks /Users/aniskedidi/Documents/perso/AnisFlix/ios-natve/anisflix/Pods/GCDWebServer/GCDWebServer/Responses/GCDWebServerErrorResponse.h /Users/aniskedidi/Library/Developer/Xcode/DerivedData/anisflix-hhqtjtgkehjzwhfmetqsazeobjhe/Build/Products/Debug-iphoneos/GCDWebServer/GCDWebServer.framework/Headers

CpHeader /Users/aniskedidi/Library/Developer/Xcode/DerivedData/anisflix-hhqtjtgkehjzwhfmetqsazeobjhe/Build/Products/Debug-iphoneos/GCDWebServer/GCDWebServer.framework/Headers/GCDWebServerDataResponse.h /Users/aniskedidi/Documents/perso/AnisFlix/ios-natve/anisflix/Pods/GCDWebServer/GCDWebServer/Responses/GCDWebServerDataResponse.h (in target 'GCDWebServer' from project 'Pods')
    cd /Users/aniskedidi/Documents/perso/AnisFlix/ios-natve/anisflix/Pods
    builtin-copy -exclude .DS_Store -exclude CVS -exclude .svn -exclude .git -exclude .hg -resolve-src-symlinks /Users/aniskedidi/Documents/perso/AnisFlix/ios-natve/anisflix/Pods/GCDWebServer/GCDWebServer/Responses/GCDWebServerDataResponse.h /Users/aniskedidi/Library/Developer/Xcode/DerivedData/anisflix-hhqtjtgkehjzwhfmetqsazeobjhe/Build/Products/Debug-iphoneos/GCDWebServer/GCDWebServer.framework/Headers

CpHeader /Users/aniskedidi/Library/Developer/Xcode/DerivedData/anisflix-hhqtjtgkehjzwhfmetqsazeobjhe/Build/Products/Debug-iphoneos/GCDWebServer/GCDWebServer.framework/Headers/GCDWebServerDataRequest.h /Users/aniskedidi/Documents/perso/AnisFlix/ios-natve/anisflix/Pods/GCDWebServer/GCDWebServer/Requests/GCDWebServerDataRequest.h (in target 'GCDWebServer' from project 'Pods')
    cd /Users/aniskedidi/Documents/perso/AnisFlix/ios-natve/anisflix/Pods
    builtin-copy -exclude .DS_Store -exclude CVS -exclude .svn -exclude .git -exclude .hg -resolve-src-symlinks /Users/aniskedidi/Documents/perso/AnisFlix/ios-natve/anisflix/Pods/GCDWebServer/GCDWebServer/Requests/GCDWebServerDataRequest.h /Users/aniskedidi/Library/Developer/Xcode/DerivedData/anisflix-hhqtjtgkehjzwhfmetqsazeobjhe/Build/Products/Debug-iphoneos/GCDWebServer/GCDWebServer.framework/Headers

CpHeader /Users/aniskedidi/Library/Developer/Xcode/DerivedData/anisflix-hhqtjtgkehjzwhfmetqsazeobjhe/Build/Products/Debug-iphoneos/GCDWebServer/GCDWebServer.framework/Headers/GCDWebServer.h /Users/aniskedidi/Documents/perso/AnisFlix/ios-natve/anisflix/Pods/GCDWebServer/GCDWebServer/Core/GCDWebServer.h (in target 'GCDWebServer' from project 'Pods')
    cd /Users/aniskedidi/Documents/perso/AnisFlix/ios-natve/anisflix/Pods
    builtin-copy -exclude .DS_Store -exclude CVS -exclude .svn -exclude .git -exclude .hg -resolve-src-symlinks /Users/aniskedidi/Documents/perso/AnisFlix/ios-natve/anisflix/Pods/GCDWebServer/GCDWebServer/Core/GCDWebServer.h /Users/aniskedidi/Library/Developer/Xcode/DerivedData/anisflix-hhqtjtgkehjzwhfmetqsazeobjhe/Build/Products/Debug-iphoneos/GCDWebServer/GCDWebServer.framework/Headers

CpHeader /Users/aniskedidi/Library/Developer/Xcode/DerivedData/anisflix-hhqtjtgkehjzwhfmetqsazeobjhe/Build/Products/Debug-iphoneos/GCDWebServer/GCDWebServer.framework/Headers/GCDWebServerConnection.h /Users/aniskedidi/Documents/perso/AnisFlix/ios-natve/anisflix/Pods/GCDWebServer/GCDWebServer/Core/GCDWebServerConnection.h (in target 'GCDWebServer' from project 'Pods')
    cd /Users/aniskedidi/Documents/perso/AnisFlix/ios-natve/anisflix/Pods
    builtin-copy -exclude .DS_Store -exclude CVS -exclude .svn -exclude .git -exclude .hg -resolve-src-symlinks /Users/aniskedidi/Documents/perso/AnisFlix/ios-natve/anisflix/Pods/GCDWebServer/GCDWebServer/Core/GCDWebServerConnection.h /Users/aniskedidi/Library/Developer/Xcode/DerivedData/anisflix-hhqtjtgkehjzwhfmetqsazeobjhe/Build/Products/Debug-iphoneos/GCDWebServer/GCDWebServer.framework/Headers

CpHeader /Users/aniskedidi/Library/Developer/Xcode/DerivedData/anisflix-hhqtjtgkehjzwhfmetqsazeobjhe/Build/Products/Debug-iphoneos/GCDWebServer/GCDWebServer.framework/Headers/GCDWebServer-umbrella.h /Users/aniskedidi/Documents/perso/AnisFlix/ios-natve/anisflix/Pods/Target\ Support\ Files/GCDWebServer/GCDWebServer-umbrella.h (in target 'GCDWebServer' from project 'Pods')
    cd /Users/aniskedidi/Documents/perso/AnisFlix/ios-natve/anisflix/Pods
    builtin-copy -exclude .DS_Store -exclude CVS -exclude .svn -exclude .git -exclude .hg -resolve-src-symlinks /Users/aniskedidi/Documents/perso/AnisFlix/ios-natve/anisflix/Pods/Target\ Support\ Files/GCDWebServer/GCDWebServer-umbrella.h /Users/aniskedidi/Library/Developer/Xcode/DerivedData/anisflix-hhqtjtgkehjzwhfmetqsazeobjhe/Build/Products/Debug-iphoneos/GCDWebServer/GCDWebServer.framework/Headers

Copy /Users/aniskedidi/Library/Developer/Xcode/DerivedData/anisflix-hhqtjtgkehjzwhfmetqsazeobjhe/Build/Intermediates.noindex/Pods.build/Debug-iphoneos/GCDWebServer.build/module.modulemap /Users/aniskedidi/Documents/perso/AnisFlix/ios-natve/anisflix/Pods/Target\ Support\ Files/GCDWebServer/GCDWebServer.modulemap (in target 'GCDWebServer' from project 'Pods')
    cd /Users/aniskedidi/Documents/perso/AnisFlix/ios-natve/anisflix/Pods
    builtin-copy -exclude .DS_Store -exclude CVS -exclude .svn -exclude .git -exclude .hg -resolve-src-symlinks -rename /Users/aniskedidi/Documents/perso/AnisFlix/ios-natve/anisflix/Pods/Target\ Support\ Files/GCDWebServer/GCDWebServer.modulemap /Users/aniskedidi/Library/Developer/Xcode/DerivedData/anisflix-hhqtjtgkehjzwhfmetqsazeobjhe/Build/Intermediates.noindex/Pods.build/Debug-iphoneos/GCDWebServer.build/module.modulemap

MkDir /Users/aniskedidi/Library/Developer/Xcode/DerivedData/anisflix-hhqtjtgkehjzwhfmetqsazeobjhe/Build/Products/Debug-iphoneos/GCDWebServer/GCDWebServer.framework/PrivateHeaders (in target 'GCDWebServer' from project 'Pods')
    cd /Users/aniskedidi/Documents/perso/AnisFlix/ios-natve/anisflix/Pods
    /bin/mkdir -p /Users/aniskedidi/Library/Developer/Xcode/DerivedData/anisflix-hhqtjtgkehjzwhfmetqsazeobjhe/Build/Products/Debug-iphoneos/GCDWebServer/GCDWebServer.framework/PrivateHeaders

MkDir /Users/aniskedidi/Library/Developer/Xcode/DerivedData/anisflix-hhqtjtgkehjzwhfmetqsazeobjhe/Build/Products/Debug-iphoneos/GCDWebServer/GCDWebServer.framework/Headers (in target 'GCDWebServer' from project 'Pods')
    cd /Users/aniskedidi/Documents/perso/AnisFlix/ios-natve/anisflix/Pods
    /bin/mkdir -p /Users/aniskedidi/Library/Developer/Xcode/DerivedData/anisflix-hhqtjtgkehjzwhfmetqsazeobjhe/Build/Products/Debug-iphoneos/GCDWebServer/GCDWebServer.framework/Headers

MkDir /Users/aniskedidi/Library/Developer/Xcode/DerivedData/anisflix-hhqtjtgkehjzwhfmetqsazeobjhe/Build/Products/Debug-iphoneos/GCDWebServer/GCDWebServer.framework (in target 'GCDWebServer' from project 'Pods')
    cd /Users/aniskedidi/Documents/perso/AnisFlix/ios-natve/anisflix/Pods
    /bin/mkdir -p /Users/aniskedidi/Library/Developer/Xcode/DerivedData/anisflix-hhqtjtgkehjzwhfmetqsazeobjhe/Build/Products/Debug-iphoneos/GCDWebServer/GCDWebServer.framework

Copy /Users/aniskedidi/Library/Developer/Xcode/DerivedData/anisflix-hhqtjtgkehjzwhfmetqsazeobjhe/Build/Products/Debug-iphoneos/GCDWebServer/GCDWebServer.framework/Modules/module.modulemap /Users/aniskedidi/Library/Developer/Xcode/DerivedData/anisflix-hhqtjtgkehjzwhfmetqsazeobjhe/Build/Intermediates.noindex/Pods.build/Debug-iphoneos/GCDWebServer.build/module.modulemap (in target 'GCDWebServer' from project 'Pods')
    cd /Users/aniskedidi/Documents/perso/AnisFlix/ios-natve/anisflix/Pods
    builtin-copy -exclude .DS_Store -exclude CVS -exclude .svn -exclude .git -exclude .hg -resolve-src-symlinks /Users/aniskedidi/Library/Developer/Xcode/DerivedData/anisflix-hhqtjtgkehjzwhfmetqsazeobjhe/Build/Intermediates.noindex/Pods.build/Debug-iphoneos/GCDWebServer.build/module.modulemap /Users/aniskedidi/Library/Developer/Xcode/DerivedData/anisflix-hhqtjtgkehjzwhfmetqsazeobjhe/Build/Products/Debug-iphoneos/GCDWebServer/GCDWebServer.framework/Modules

ProcessInfoPlistFile /Users/aniskedidi/Library/Developer/Xcode/DerivedData/anisflix-hhqtjtgkehjzwhfmetqsazeobjhe/Build/Products/Debug-iphoneos/google-cast-sdk/GoogleCast.bundle/Info.plist /Users/aniskedidi/Documents/perso/AnisFlix/ios-natve/anisflix/Pods/Target\ Support\ Files/google-cast-sdk/ResourceBundle-GoogleCast-google-cast-sdk-Info.plist (in target 'google-cast-sdk-GoogleCast' from project 'Pods')
    cd /Users/aniskedidi/Documents/perso/AnisFlix/ios-natve/anisflix/Pods
    builtin-infoPlistUtility /Users/aniskedidi/Documents/perso/AnisFlix/ios-natve/anisflix/Pods/Target\ Support\ Files/google-cast-sdk/ResourceBundle-GoogleCast-google-cast-sdk-Info.plist -producttype com.apple.product-type.bundle -expandbuildsettings -format binary -platform iphoneos -requiredArchitecture arm64 -o /Users/aniskedidi/Library/Developer/Xcode/DerivedData/anisflix-hhqtjtgkehjzwhfmetqsazeobjhe/Build/Products/Debug-iphoneos/google-cast-sdk/GoogleCast.bundle/Info.plist

CpResource /Users/aniskedidi/Library/Developer/Xcode/DerivedData/anisflix-hhqtjtgkehjzwhfmetqsazeobjhe/Build/Products/Debug-iphoneos/google-cast-sdk/GoogleCast.bundle/PrivacyInfo.xcprivacy /Users/aniskedidi/Documents/perso/AnisFlix/ios-natve/anisflix/Pods/google-cast-sdk/GoogleCastSDK-ios-4.8.4_static_xcframework/GoogleCast.xcframework/ios-arm64/GoogleCast.framework/PrivacyInfo.xcprivacy (in target 'google-cast-sdk-GoogleCast' from project 'Pods')
    cd /Users/aniskedidi/Documents/perso/AnisFlix/ios-natve/anisflix/Pods
    builtin-copy -exclude .DS_Store -exclude CVS -exclude .svn -exclude .git -exclude .hg -resolve-src-symlinks /Users/aniskedidi/Documents/perso/AnisFlix/ios-natve/anisflix/Pods/google-cast-sdk/GoogleCastSDK-ios-4.8.4_static_xcframework/GoogleCast.xcframework/ios-arm64/GoogleCast.framework/PrivacyInfo.xcprivacy /Users/aniskedidi/Library/Developer/Xcode/DerivedData/anisflix-hhqtjtgkehjzwhfmetqsazeobjhe/Build/Products/Debug-iphoneos/google-cast-sdk/GoogleCast.bundle

PhaseScriptExecution [CP]\ Copy\ XCFrameworks /Users/aniskedidi/Library/Developer/Xcode/DerivedData/anisflix-hhqtjtgkehjzwhfmetqsazeobjhe/Build/Intermediates.noindex/Pods.build/Debug-iphoneos/MobileVLCKit.build/Script-EC3F5098316C1BF91803A23EFD67F49E.sh (in target 'MobileVLCKit' from project 'Pods')
    cd /Users/aniskedidi/Documents/perso/AnisFlix/ios-natve/anisflix/Pods
    /bin/sh -c /Users/aniskedidi/Library/Developer/Xcode/DerivedData/anisflix-hhqtjtgkehjzwhfmetqsazeobjhe/Build/Intermediates.noindex/Pods.build/Debug-iphoneos/MobileVLCKit.build/Script-EC3F5098316C1BF91803A23EFD67F49E.sh
Selected xcframework slice ios-arm64_armv7_armv7s
rsync --delete -av --filter P .*.?????? --links --filter "- CVS/" --filter "- .svn/" --filter "- .git/" --filter "- .hg/" "/Users/aniskedidi/Documents/perso/AnisFlix/ios-natve/anisflix/Pods/MobileVLCKit/MobileVLCKit.xcframework/ios-arm64_armv7_armv7s/*" "/Users/aniskedidi/Library/Developer/Xcode/DerivedData/anisflix-hhqtjtgkehjzwhfmetqsazeobjhe/Build/Products/Debug-iphoneos/XCFrameworkIntermediates/MobileVLCKit"
Transfer starting: 61 files
MobileVLCKit.framework/
MobileVLCKit.framework/Info.plist
MobileVLCKit.framework/MobileVLCKit
MobileVLCKit.framework/Headers/
MobileVLCKit.framework/Headers/MobileVLCKit.h
MobileVLCKit.framework/Headers/VLCAdjustFilter.h
MobileVLCKit.framework/Headers/VLCAudio.h
MobileVLCKit.framework/Headers/VLCAudioEqualizer.h
MobileVLCKit.framework/Headers/VLCConsoleLogger.h
MobileVLCKit.framework/Headers/VLCDialogProvider.h
MobileVLCKit.framework/Headers/VLCEventsConfiguration.h
MobileVLCKit.framework/Headers/VLCFileLogger.h
MobileVLCKit.framework/Headers/VLCFilter.h
MobileVLCKit.framework/Headers/VLCLibrary.h
MobileVLCKit.framework/Headers/VLCLogMessageFormatter.h
MobileVLCKit.framework/Headers/VLCLogging.h
MobileVLCKit.framework/Headers/VLCMedia.h
MobileVLCKit.framework/Headers/VLCMediaDiscoverer.h
MobileVLCKit.framework/Headers/VLCMediaList.h
MobileVLCKit.framework/Headers/VLCMediaListPlayer.h
MobileVLCKit.framework/Headers/VLCMediaMetaData.h
MobileVLCKit.framework/Headers/VLCMediaPlayer.h
MobileVLCKit.framework/Headers/VLCMediaThumbnailer.h
MobileVLCKit.framework/Headers/VLCRendererDiscoverer.h
MobileVLCKit.framework/Headers/VLCRendererItem.h
MobileVLCKit.framework/Headers/VLCTime.h
MobileVLCKit.framework/Headers/VLCTranscoder.h
MobileVLCKit.framework/Headers/vlc/
MobileVLCKit.framework/Headers/vlc/deprecated.h
MobileVLCKit.framework/Headers/vlc/libvlc.h
MobileVLCKit.framework/Headers/vlc/libvlc_dialog.h
MobileVLCKit.framework/Headers/vlc/libvlc_events.h
MobileVLCKit.framework/Headers/vlc/libvlc_media.h
MobileVLCKit.framework/Headers/vlc/libvlc_media_discoverer.h
MobileVLCKit.framework/Headers/vlc/libvlc_media_library.h
MobileVLCKit.framework/Headers/vlc/libvlc_media_list.h
MobileVLCKit.framework/Headers/vlc/libvlc_media_list_player.h
MobileVLCKit.framework/Headers/vlc/libvlc_media_player.h
MobileVLCKit.framework/Headers/vlc/libvlc_picture.h
MobileVLCKit.framework/Headers/vlc/libvlc_renderer_discoverer.h
MobileVLCKit.framework/Headers/vlc/libvlc_version.h
MobileVLCKit.framework/Headers/vlc/libvlc_vlm.h
MobileVLCKit.framework/Headers/vlc/vlc.h
MobileVLCKit.framework/Modules/
MobileVLCKit.framework/Modules/module.modulemap
MobileVLCKit.framework/PrivateHeaders/
MobileVLCKit.framework/PrivateHeaders/VLCCustomDialogProvider.h
MobileVLCKit.framework/PrivateHeaders/VLCEmbeddedDialogProvider.h
MobileVLCKit.framework/PrivateHeaders/VLCEventsHandler.h
MobileVLCKit.framework/PrivateHeaders/VLCFilter+Internal.h
MobileVLCKit.framework/PrivateHeaders/VLCHelperCode.h
MobileVLCKit.framework/PrivateHeaders/VLCLibVLCBridging.h
MobileVLCKit.framework/PrivateHeaders/VLCMediaPlayer+Internal.h
MobileVLCKit.framework/PrivateHeaders/VLCiOSLegacyDialogProvider.h
dSYMs/
dSYMs/MobileVLCKit.framework.dSYM/
dSYMs/MobileVLCKit.framework.dSYM/Contents/
dSYMs/MobileVLCKit.framework.dSYM/Contents/Info.plist
dSYMs/MobileVLCKit.framework.dSYM/Contents/Resources/
dSYMs/MobileVLCKit.framework.dSYM/Contents/Resources/DWARF/
dSYMs/MobileVLCKit.framework.dSYM/Contents/Resources/DWARF/MobileVLCKit

sent 550583240 bytes  received 1202 bytes  79242446 bytes/sec
total size is 550509101  speedup is 1.00
Copied /Users/aniskedidi/Documents/perso/AnisFlix/ios-natve/anisflix/Pods/MobileVLCKit/MobileVLCKit.xcframework/ios-arm64_armv7_armv7s to /Users/aniskedidi/Library/Developer/Xcode/DerivedData/anisflix-hhqtjtgkehjzwhfmetqsazeobjhe/Build/Products/Debug-iphoneos/XCFrameworkIntermediates/MobileVLCKit

PhaseScriptExecution [CP]\ Copy\ XCFrameworks /Users/aniskedidi/Library/Developer/Xcode/DerivedData/anisflix-hhqtjtgkehjzwhfmetqsazeobjhe/Build/Intermediates.noindex/Pods.build/Debug-iphoneos/ffmpeg-kit-ios-full.build/Script-F1BB03043F8F0A677255D908E8BD573B.sh (in target 'ffmpeg-kit-ios-full' from project 'Pods')
    cd /Users/aniskedidi/Documents/perso/AnisFlix/ios-natve/anisflix/Pods
    /bin/sh -c /Users/aniskedidi/Library/Developer/Xcode/DerivedData/anisflix-hhqtjtgkehjzwhfmetqsazeobjhe/Build/Intermediates.noindex/Pods.build/Debug-iphoneos/ffmpeg-kit-ios-full.build/Script-F1BB03043F8F0A677255D908E8BD573B.sh
Selected xcframework slice ios-arm64
rsync --delete -av --filter P .*.?????? --links --filter "- CVS/" --filter "- .svn/" --filter "- .git/" --filter "- .hg/" "/Users/aniskedidi/Documents/perso/AnisFlix/ios-natve/anisflix/Pods/ffmpeg-kit-ios-full/ffmpeg-kit-ios-full/ffmpegkit.xcframework/ios-arm64/*" "/Users/aniskedidi/Library/Developer/Xcode/DerivedData/anisflix-hhqtjtgkehjzwhfmetqsazeobjhe/Build/Products/Debug-iphoneos/XCFrameworkIntermediates/ffmpeg-kit-ios-full"
Transfer starting: 45 files
ffmpegkit.framework/
ffmpegkit.framework/.DS_Store
ffmpegkit.framework/Info.plist
ffmpegkit.framework/LICENSE
ffmpegkit.framework/SOURCE
ffmpegkit.framework/ffmpegkit
ffmpegkit.framework/strip-frameworks.sh
ffmpegkit.framework/Headers/
ffmpegkit.framework/Headers/AbstractSession.h
ffmpegkit.framework/Headers/ArchDetect.h
ffmpegkit.framework/Headers/AtomicLong.h
ffmpegkit.framework/Headers/Chapter.h
ffmpegkit.framework/Headers/FFmpegKit.h
ffmpegkit.framework/Headers/FFmpegKitConfig.h
ffmpegkit.framework/Headers/FFmpegSession.h
ffmpegkit.framework/Headers/FFmpegSessionCompleteCallback.h
ffmpegkit.framework/Headers/FFprobeKit.h
ffmpegkit.framework/Headers/FFprobeSession.h
ffmpegkit.framework/Headers/FFprobeSessionCompleteCallback.h
ffmpegkit.framework/Headers/Level.h
ffmpegkit.framework/Headers/Log.h
ffmpegkit.framework/Headers/LogCallback.h
ffmpegkit.framework/Headers/LogRedirectionStrategy.h
ffmpegkit.framework/Headers/MediaInformation.h
ffmpegkit.framework/Headers/MediaInformationJsonParser.h
ffmpegkit.framework/Headers/MediaInformationSession.h
ffmpegkit.framework/Headers/MediaInformationSessionCompleteCallback.h
ffmpegkit.framework/Headers/Packages.h
ffmpegkit.framework/Headers/ReturnCode.h
ffmpegkit.framework/Headers/Session.h
ffmpegkit.framework/Headers/SessionState.h
ffmpegkit.framework/Headers/Statistics.h
ffmpegkit.framework/Headers/StatisticsCallback.h
ffmpegkit.framework/Headers/StreamInformation.h
ffmpegkit.framework/Headers/ffmpegkit_exception.h
ffmpegkit.framework/Headers/fftools_cmdutils.h
ffmpegkit.framework/Headers/fftools_ffmpeg.h
ffmpegkit.framework/Headers/fftools_ffmpeg_mux.h
ffmpegkit.framework/Headers/fftools_fopen_utf8.h
ffmpegkit.framework/Headers/fftools_objpool.h
ffmpegkit.framework/Headers/fftools_opt_common.h
ffmpegkit.framework/Headers/fftools_sync_queue.h
ffmpegkit.framework/Headers/fftools_thread_queue.h
ffmpegkit.framework/Modules/
ffmpegkit.framework/Modules/module.modulemap

sent 738589 bytes  received 962 bytes  23038971 bytes/sec
total size is 733443  speedup is 0.99
Copied /Users/aniskedidi/Documents/perso/AnisFlix/ios-natve/anisflix/Pods/ffmpeg-kit-ios-full/ffmpeg-kit-ios-full/ffmpegkit.xcframework/ios-arm64 to /Users/aniskedidi/Library/Developer/Xcode/DerivedData/anisflix-hhqtjtgkehjzwhfmetqsazeobjhe/Build/Products/Debug-iphoneos/XCFrameworkIntermediates/ffmpeg-kit-ios-full
Selected xcframework slice ios-arm64
rsync --delete -av --filter P .*.?????? --links --filter "- CVS/" --filter "- .svn/" --filter "- .git/" --filter "- .hg/" "/Users/aniskedidi/Documents/perso/AnisFlix/ios-natve/anisflix/Pods/ffmpeg-kit-ios-full/ffmpeg-kit-ios-full/libavcodec.xcframework/ios-arm64/*" "/Users/aniskedidi/Library/Developer/Xcode/DerivedData/anisflix-hhqtjtgkehjzwhfmetqsazeobjhe/Build/Products/Debug-iphoneos/XCFrameworkIntermediates/ffmpeg-kit-ios-full"
Transfer starting: 68 files
libavcodec.framework/
libavcodec.framework/Info.plist
libavcodec.framework/LICENSE
libavcodec.framework/LICENSE.DAV1D
libavcodec.framework/LICENSE.EXPAT
libavcodec.framework/LICENSE.FONTCONFIG
libavcodec.framework/LICENSE.FREETYPE
libavcodec.framework/LICENSE.FRIBIDI
libavcodec.framework/LICENSE.GIFLIB
libavcodec.framework/LICENSE.GMP
libavcodec.framework/LICENSE.GNUTLS
libavcodec.framework/LICENSE.HARFBUZZ
libavcodec.framework/LICENSE.JPEG
libavcodec.framework/LICENSE.KVAZAAR
libavcodec.framework/LICENSE.LAME
libavcodec.framework/LICENSE.LIBASS
libavcodec.framework/LICENSE.LIBILBC
libavcodec.framework/LICENSE.LIBOGG
libavcodec.framework/LICENSE.LIBPNG
libavcodec.framework/LICENSE.LIBSNDFILE
libavcodec.framework/LICENSE.LIBTHEORA
libavcodec.framework/LICENSE.LIBVORBIS
libavcodec.framework/LICENSE.LIBVPX
libavcodec.framework/LICENSE.LIBWEBP
libavcodec.framework/LICENSE.LIBXML2
libavcodec.framework/LICENSE.NETTLE
libavcodec.framework/LICENSE.OPENCORE-AMR
libavcodec.framework/LICENSE.OPUS
libavcodec.framework/LICENSE.SHINE
libavcodec.framework/LICENSE.SNAPPY
libavcodec.framework/LICENSE.SOXR
libavcodec.framework/LICENSE.SPEEX
libavcodec.framework/LICENSE.TIFF
libavcodec.framework/LICENSE.TWOLAME
libavcodec.framework/LICENSE.VO-AMRWBENC
libavcodec.framework/LICENSE.ZIMG
libavcodec.framework/libavcodec
libavcodec.framework/Headers/
libavcodec.framework/Headers/ac3_parser.h
libavcodec.framework/Headers/adts_parser.h
libavcodec.framework/Headers/avcodec.h
libavcodec.framework/Headers/avdct.h
libavcodec.framework/Headers/avfft.h
libavcodec.framework/Headers/bsf.h
libavcodec.framework/Headers/codec.h
libavcodec.framework/Headers/codec_desc.h
libavcodec.framework/Headers/codec_id.h
libavcodec.framework/Headers/codec_par.h
libavcodec.framework/Headers/d3d11va.h
libavcodec.framework/Headers/defs.h
libavcodec.framework/Headers/dirac.h
libavcodec.framework/Headers/dv_profile.h
libavcodec.framework/Headers/dxva2.h
libavcodec.framework/Headers/jni.h
libavcodec.framework/Headers/mathops.h
libavcodec.framework/Headers/mediacodec.h
libavcodec.framework/Headers/packet.h
libavcodec.framework/Headers/qsv.h
libavcodec.framework/Headers/vdpau.h
libavcodec.framework/Headers/version.h
libavcodec.framework/Headers/version_major.h
libavcodec.framework/Headers/videotoolbox.h
libavcodec.framework/Headers/vorbis_parser.h
libavcodec.framework/Headers/xvmc.h
libavcodec.framework/Headers/arm/
libavcodec.framework/Headers/arm/mathops.h
libavcodec.framework/Headers/x86/
libavcodec.framework/Headers/x86/mathops.h

sent 12127818 bytes  received 1452 bytes  73023901 bytes/sec
total size is 12119157  speedup is 1.00
Copied /Users/aniskedidi/Documents/perso/AnisFlix/ios-natve/anisflix/Pods/ffmpeg-kit-ios-full/ffmpeg-kit-ios-full/libavcodec.xcframework/ios-arm64 to /Users/aniskedidi/Library/Developer/Xcode/DerivedData/anisflix-hhqtjtgkehjzwhfmetqsazeobjhe/Build/Products/Debug-iphoneos/XCFrameworkIntermediates/ffmpeg-kit-ios-full
Selected xcframework slice ios-arm64
rsync --delete -av --filter P .*.?????? --links --filter "- CVS/" --filter "- .svn/" --filter "- .git/" --filter "- .hg/" "/Users/aniskedidi/Documents/perso/AnisFlix/ios-natve/anisflix/Pods/ffmpeg-kit-ios-full/ffmpeg-kit-ios-full/libavdevice.xcframework/ios-arm64/*" "/Users/aniskedidi/Library/Developer/Xcode/DerivedData/anisflix-hhqtjtgkehjzwhfmetqsazeobjhe/Build/Products/Debug-iphoneos/XCFrameworkIntermediates/ffmpeg-kit-ios-full"
Transfer starting: 8 files
libavdevice.framework/
libavdevice.framework/Info.plist
libavdevice.framework/LICENSE
libavdevice.framework/libavdevice
libavdevice.framework/Headers/
libavdevice.framework/Headers/avdevice.h
libavdevice.framework/Headers/version.h
libavdevice.framework/Headers/version_major.h

sent 122499 bytes  received 164 bytes  15143580 bytes/sec
total size is 121620  speedup is 0.99
Copied /Users/aniskedidi/Documents/perso/AnisFlix/ios-natve/anisflix/Pods/ffmpeg-kit-ios-full/ffmpeg-kit-ios-full/libavdevice.xcframework/ios-arm64 to /Users/aniskedidi/Library/Developer/Xcode/DerivedData/anisflix-hhqtjtgkehjzwhfmetqsazeobjhe/Build/Products/Debug-iphoneos/XCFrameworkIntermediates/ffmpeg-kit-ios-full
Selected xcframework slice ios-arm64
rsync --delete -av --filter P .*.?????? --links --filter "- CVS/" --filter "- .svn/" --filter "- .git/" --filter "- .hg/" "/Users/aniskedidi/Documents/perso/AnisFlix/ios-natve/anisflix/Pods/ffmpeg-kit-ios-full/ffmpeg-kit-ios-full/libavfilter.xcframework/ios-arm64/*" "/Users/aniskedidi/Library/Developer/Xcode/DerivedData/anisflix-hhqtjtgkehjzwhfmetqsazeobjhe/Build/Products/Debug-iphoneos/XCFrameworkIntermediates/ffmpeg-kit-ios-full"
Transfer starting: 10 files
libavfilter.framework/
libavfilter.framework/Info.plist
libavfilter.framework/LICENSE
libavfilter.framework/libavfilter
libavfilter.framework/Headers/
libavfilter.framework/Headers/avfilter.h
libavfilter.framework/Headers/buffersink.h
libavfilter.framework/Headers/buffersrc.h
libavfilter.framework/Headers/version.h
libavfilter.framework/Headers/version_major.h

sent 4323018 bytes  received 208 bytes  78461451 bytes/sec
total size is 4321402  speedup is 1.00
Copied /Users/aniskedidi/Documents/perso/AnisFlix/ios-natve/anisflix/Pods/ffmpeg-kit-ios-full/ffmpeg-kit-ios-full/libavfilter.xcframework/ios-arm64 to /Users/aniskedidi/Library/Developer/Xcode/DerivedData/anisflix-hhqtjtgkehjzwhfmetqsazeobjhe/Build/Products/Debug-iphoneos/XCFrameworkIntermediates/ffmpeg-kit-ios-full
Selected xcframework slice ios-arm64
rsync --delete -av --filter P .*.?????? --links --filter "- CVS/" --filter "- .svn/" --filter "- .git/" --filter "- .hg/" "/Users/aniskedidi/Documents/perso/AnisFlix/ios-natve/anisflix/Pods/ffmpeg-kit-ios-full/ffmpeg-kit-ios-full/libavformat.xcframework/ios-arm64/*" "/Users/aniskedidi/Library/Developer/Xcode/DerivedData/anisflix-hhqtjtgkehjzwhfmetqsazeobjhe/Build/Products/Debug-iphoneos/XCFrameworkIntermediates/ffmpeg-kit-ios-full"
Transfer starting: 12 files
libavformat.framework/
libavformat.framework/Info.plist
libavformat.framework/LICENSE
libavformat.framework/libavformat
libavformat.framework/Headers/
libavformat.framework/Headers/avformat.h
libavformat.framework/Headers/avio.h
libavformat.framework/Headers/network.h
libavformat.framework/Headers/os_support.h
libavformat.framework/Headers/url.h
libavformat.framework/Headers/version.h
libavformat.framework/Headers/version_major.h

sent 3837746 bytes  received 252 bytes  76606746 bytes/sec
total size is 3835983  speedup is 1.00
Copied /Users/aniskedidi/Documents/perso/AnisFlix/ios-natve/anisflix/Pods/ffmpeg-kit-ios-full/ffmpeg-kit-ios-full/libavformat.xcframework/ios-arm64 to /Users/aniskedidi/Library/Developer/Xcode/DerivedData/anisflix-hhqtjtgkehjzwhfmetqsazeobjhe/Build/Products/Debug-iphoneos/XCFrameworkIntermediates/ffmpeg-kit-ios-full
Selected xcframework slice ios-arm64
rsync --delete -av --filter P .*.?????? --links --filter "- CVS/" --filter "- .svn/" --filter "- .git/" --filter "- .hg/" "/Users/aniskedidi/Documents/perso/AnisFlix/ios-natve/anisflix/Pods/ffmpeg-kit-ios-full/ffmpeg-kit-ios-full/libavutil.xcframework/ios-arm64/*" "/Users/aniskedidi/Library/Developer/Xcode/DerivedData/anisflix-hhqtjtgkehjzwhfmetqsazeobjhe/Build/Products/Debug-iphoneos/XCFrameworkIntermediates/ffmpeg-kit-ios-full"
Transfer starting: 112 files
libavutil.framework/
libavutil.framework/Info.plist
libavutil.framework/LICENSE
libavutil.framework/libavutil
libavutil.framework/Headers/
libavutil.framework/Headers/adler32.h
libavutil.framework/Headers/aes.h
libavutil.framework/Headers/aes_ctr.h
libavutil.framework/Headers/ambient_viewing_environment.h
libavutil.framework/Headers/attributes.h
libavutil.framework/Headers/attributes_internal.h
libavutil.framework/Headers/audio_fifo.h
libavutil.framework/Headers/avassert.h
libavutil.framework/Headers/avconfig.h
libavutil.framework/Headers/avstring.h
libavutil.framework/Headers/avutil.h
libavutil.framework/Headers/base64.h
libavutil.framework/Headers/blowfish.h
libavutil.framework/Headers/bprint.h
libavutil.framework/Headers/bswap.h
libavutil.framework/Headers/buffer.h
libavutil.framework/Headers/camellia.h
libavutil.framework/Headers/cast5.h
libavutil.framework/Headers/channel_layout.h
libavutil.framework/Headers/common.h
libavutil.framework/Headers/cpu.h
libavutil.framework/Headers/crc.h
libavutil.framework/Headers/csp.h
libavutil.framework/Headers/des.h
libavutil.framework/Headers/detection_bbox.h
libavutil.framework/Headers/dict.h
libavutil.framework/Headers/display.h
libavutil.framework/Headers/dovi_meta.h
libavutil.framework/Headers/downmix_info.h
libavutil.framework/Headers/encryption_info.h
libavutil.framework/Headers/error.h
libavutil.framework/Headers/eval.h
libavutil.framework/Headers/ffversion.h
libavutil.framework/Headers/fifo.h
libavutil.framework/Headers/file.h
libavutil.framework/Headers/film_grain_params.h
libavutil.framework/Headers/frame.h
libavutil.framework/Headers/getenv_utf8.h
libavutil.framework/Headers/hash.h
libavutil.framework/Headers/hdr_dynamic_metadata.h
libavutil.framework/Headers/hdr_dynamic_vivid_metadata.h
libavutil.framework/Headers/hmac.h
libavutil.framework/Headers/hwcontext.h
libavutil.framework/Headers/hwcontext_cuda.h
libavutil.framework/Headers/hwcontext_d3d11va.h
libavutil.framework/Headers/hwcontext_drm.h
libavutil.framework/Headers/hwcontext_dxva2.h
libavutil.framework/Headers/hwcontext_mediacodec.h
libavutil.framework/Headers/hwcontext_opencl.h
libavutil.framework/Headers/hwcontext_qsv.h
libavutil.framework/Headers/hwcontext_vaapi.h
libavutil.framework/Headers/hwcontext_vdpau.h
libavutil.framework/Headers/hwcontext_videotoolbox.h
libavutil.framework/Headers/hwcontext_vulkan.h
libavutil.framework/Headers/imgutils.h
libavutil.framework/Headers/internal.h
libavutil.framework/Headers/intfloat.h
libavutil.framework/Headers/intreadwrite.h
libavutil.framework/Headers/lfg.h
libavutil.framework/Headers/libm.h
libavutil.framework/Headers/log.h
libavutil.framework/Headers/lzo.h
libavutil.framework/Headers/macros.h
libavutil.framework/Headers/mastering_display_metadata.h
libavutil.framework/Headers/mathematics.h
libavutil.framework/Headers/md5.h
libavutil.framework/Headers/mem.h
libavutil.framework/Headers/motion_vector.h
libavutil.framework/Headers/murmur3.h
libavutil.framework/Headers/opt.h
libavutil.framework/Headers/parseutils.h
libavutil.framework/Headers/pixdesc.h
libavutil.framework/Headers/pixelutils.h
libavutil.framework/Headers/pixfmt.h
libavutil.framework/Headers/random_seed.h
libavutil.framework/Headers/rational.h
libavutil.framework/Headers/rc4.h
libavutil.framework/Headers/replaygain.h
libavutil.framework/Headers/reverse.h
libavutil.framework/Headers/ripemd.h
libavutil.framework/Headers/samplefmt.h
libavutil.framework/Headers/sha.h
libavutil.framework/Headers/sha512.h
libavutil.framework/Headers/spherical.h
libavutil.framework/Headers/stereo3d.h
libavutil.framework/Headers/tea.h
libavutil.framework/Headers/thread.h
libavutil.framework/Headers/threadmessage.h
libavutil.framework/Headers/time.h
libavutil.framework/Headers/timecode.h
libavutil.framework/Headers/timer.h
libavutil.framework/Headers/timestamp.h
libavutil.framework/Headers/tree.h
libavutil.framework/Headers/twofish.h
libavutil.framework/Headers/tx.h
libavutil.framework/Headers/uuid.h
libavutil.framework/Headers/version.h
libavutil.framework/Headers/video_enc_params.h
libavutil.framework/Headers/xtea.h
libavutil.framework/Headers/aarch64/
libavutil.framework/Headers/aarch64/timer.h
libavutil.framework/Headers/arm/
libavutil.framework/Headers/arm/timer.h
libavutil.framework/Headers/x86/
libavutil.framework/Headers/x86/asm.h
libavutil.framework/Headers/x86/emms.h
libavutil.framework/Headers/x86/timer.h

sent 1246912 bytes  received 2404 bytes  6243458 bytes/sec
total size is 1234704  speedup is 0.99
Copied /Users/aniskedidi/Documents/perso/AnisFlix/ios-natve/anisflix/Pods/ffmpeg-kit-ios-full/ffmpeg-kit-ios-full/libavutil.xcframework/ios-arm64 to /Users/aniskedidi/Library/Developer/Xcode/DerivedData/anisflix-hhqtjtgkehjzwhfmetqsazeobjhe/Build/Products/Debug-iphoneos/XCFrameworkIntermediates/ffmpeg-kit-ios-full
Selected xcframework slice ios-arm64
rsync --delete -av --filter P .*.?????? --links --filter "- CVS/" --filter "- .svn/" --filter "- .git/" --filter "- .hg/" "/Users/aniskedidi/Documents/perso/AnisFlix/ios-natve/anisflix/Pods/ffmpeg-kit-ios-full/ffmpeg-kit-ios-full/libswresample.xcframework/ios-arm64/*" "/Users/aniskedidi/Library/Developer/Xcode/DerivedData/anisflix-hhqtjtgkehjzwhfmetqsazeobjhe/Build/Products/Debug-iphoneos/XCFrameworkIntermediates/ffmpeg-kit-ios-full"
Transfer starting: 8 files
libswresample.framework/
libswresample.framework/Info.plist
libswresample.framework/LICENSE
libswresample.framework/libswresample
libswresample.framework/Headers/
libswresample.framework/Headers/swresample.h
libswresample.framework/Headers/version.h
libswresample.framework/Headers/version_major.h

sent 256797 bytes  received 164 bytes  9144519 bytes/sec
total size is 255882  speedup is 1.00
Copied /Users/aniskedidi/Documents/perso/AnisFlix/ios-natve/anisflix/Pods/ffmpeg-kit-ios-full/ffmpeg-kit-ios-full/libswresample.xcframework/ios-arm64 to /Users/aniskedidi/Library/Developer/Xcode/DerivedData/anisflix-hhqtjtgkehjzwhfmetqsazeobjhe/Build/Products/Debug-iphoneos/XCFrameworkIntermediates/ffmpeg-kit-ios-full
Selected xcframework slice ios-arm64
rsync --delete -av --filter P .*.?????? --links --filter "- CVS/" --filter "- .svn/" --filter "- .git/" --filter "- .hg/" "/Users/aniskedidi/Documents/perso/AnisFlix/ios-natve/anisflix/Pods/ffmpeg-kit-ios-full/ffmpeg-kit-ios-full/libswscale.xcframework/ios-arm64/*" "/Users/aniskedidi/Library/Developer/Xcode/DerivedData/anisflix-hhqtjtgkehjzwhfmetqsazeobjhe/Build/Products/Debug-iphoneos/XCFrameworkIntermediates/ffmpeg-kit-ios-full"
Transfer starting: 8 files
libswscale.framework/
libswscale.framework/Info.plist
libswscale.framework/LICENSE
libswscale.framework/libswscale
libswscale.framework/Headers/
libswscale.framework/Headers/swscale.h
libswscale.framework/Headers/version.h
libswscale.framework/Headers/version_major.h

sent 378647 bytes  received 164 bytes  25086821 bytes/sec
total size is 377746  speedup is 1.00
Copied /Users/aniskedidi/Documents/perso/AnisFlix/ios-natve/anisflix/Pods/ffmpeg-kit-ios-full/ffmpeg-kit-ios-full/libswscale.xcframework/ios-arm64 to /Users/aniskedidi/Library/Developer/Xcode/DerivedData/anisflix-hhqtjtgkehjzwhfmetqsazeobjhe/Build/Products/Debug-iphoneos/XCFrameworkIntermediates/ffmpeg-kit-ios-full

ProcessInfoPlistFile /Users/aniskedidi/Library/Developer/Xcode/DerivedData/anisflix-hhqtjtgkehjzwhfmetqsazeobjhe/Build/Products/Debug-iphoneos/GCDWebServer/GCDWebServer.framework/Info.plist /Users/aniskedidi/Documents/perso/AnisFlix/ios-natve/anisflix/Pods/Target\ Support\ Files/GCDWebServer/GCDWebServer-Info.plist (in target 'GCDWebServer' from project 'Pods')
    cd /Users/aniskedidi/Documents/perso/AnisFlix/ios-natve/anisflix/Pods
    builtin-infoPlistUtility /Users/aniskedidi/Documents/perso/AnisFlix/ios-natve/anisflix/Pods/Target\ Support\ Files/GCDWebServer/GCDWebServer-Info.plist -producttype com.apple.product-type.framework -expandbuildsettings -format binary -platform iphoneos -requiredArchitecture arm64 -o /Users/aniskedidi/Library/Developer/Xcode/DerivedData/anisflix-hhqtjtgkehjzwhfmetqsazeobjhe/Build/Products/Debug-iphoneos/GCDWebServer/GCDWebServer.framework/Info.plist

RegisterExecutionPolicyException /Users/aniskedidi/Library/Developer/Xcode/DerivedData/anisflix-hhqtjtgkehjzwhfmetqsazeobjhe/Build/Products/Debug-iphoneos/google-cast-sdk/GoogleCast.bundle (in target 'google-cast-sdk-GoogleCast' from project 'Pods')
    cd /Users/aniskedidi/Documents/perso/AnisFlix/ios-natve/anisflix/Pods
    builtin-RegisterExecutionPolicyException /Users/aniskedidi/Library/Developer/Xcode/DerivedData/anisflix-hhqtjtgkehjzwhfmetqsazeobjhe/Build/Products/Debug-iphoneos/google-cast-sdk/GoogleCast.bundle

Touch /Users/aniskedidi/Library/Developer/Xcode/DerivedData/anisflix-hhqtjtgkehjzwhfmetqsazeobjhe/Build/Products/Debug-iphoneos/google-cast-sdk/GoogleCast.bundle (in target 'google-cast-sdk-GoogleCast' from project 'Pods')
    cd /Users/aniskedidi/Documents/perso/AnisFlix/ios-natve/anisflix/Pods
    /usr/bin/touch -c /Users/aniskedidi/Library/Developer/Xcode/DerivedData/anisflix-hhqtjtgkehjzwhfmetqsazeobjhe/Build/Products/Debug-iphoneos/google-cast-sdk/GoogleCast.bundle

PhaseScriptExecution [CP]\ Copy\ XCFrameworks /Users/aniskedidi/Library/Developer/Xcode/DerivedData/anisflix-hhqtjtgkehjzwhfmetqsazeobjhe/Build/Intermediates.noindex/Pods.build/Debug-iphoneos/google-cast-sdk.build/Script-3FA3970859354AFA2BCAA5FE66757895.sh (in target 'google-cast-sdk' from project 'Pods')
    cd /Users/aniskedidi/Documents/perso/AnisFlix/ios-natve/anisflix/Pods
    /bin/sh -c /Users/aniskedidi/Library/Developer/Xcode/DerivedData/anisflix-hhqtjtgkehjzwhfmetqsazeobjhe/Build/Intermediates.noindex/Pods.build/Debug-iphoneos/google-cast-sdk.build/Script-3FA3970859354AFA2BCAA5FE66757895.sh
Selected xcframework slice ios-arm64
rsync --delete -av --filter P .*.?????? --links --filter "- CVS/" --filter "- .svn/" --filter "- .git/" --filter "- .hg/" "/Users/aniskedidi/Documents/perso/AnisFlix/ios-natve/anisflix/Pods/google-cast-sdk/GoogleCastSDK-ios-4.8.4_static_xcframework/GoogleCast.xcframework/ios-arm64/*" "/Users/aniskedidi/Library/Developer/Xcode/DerivedData/anisflix-hhqtjtgkehjzwhfmetqsazeobjhe/Build/Products/Debug-iphoneos/XCFrameworkIntermediates/google-cast-sdk"
Transfer starting: 723 files
GoogleCast.framework/
GoogleCast.framework/GoogleCast
GoogleCast.framework/Info.plist
GoogleCast.framework/PrivacyInfo.xcprivacy
GoogleCast.framework/GoogleCastCoreResources.bundle/
GoogleCast.framework/GoogleCastCoreResources.bundle/CastFrameworkDB.momd/
GoogleCast.framework/GoogleCastCoreResources.bundle/CastFrameworkDB.momd/CastFrameworkDB.mom
GoogleCast.framework/GoogleCastCoreResources.bundle/CastFrameworkDB.momd/CastFrameworkDB01.mom
GoogleCast.framework/GoogleCastCoreResources.bundle/CastFrameworkDB.momd/CastFrameworkDB02.mom
GoogleCast.framework/GoogleCastCoreResources.bundle/CastFrameworkDB.momd/CastFrameworkDB03.mom
GoogleCast.framework/GoogleCastCoreResources.bundle/CastFrameworkDB.momd/CastFrameworkDB04.mom
GoogleCast.framework/GoogleCastCoreResources.bundle/CastFrameworkDB.momd/CastFrameworkDB05.mom
GoogleCast.framework/GoogleCastCoreResources.bundle/CastFrameworkDB.momd/CastFrameworkDB06.mom
GoogleCast.framework/GoogleCastCoreResources.bundle/CastFrameworkDB.momd/CastFrameworkDB07.mom
GoogleCast.framework/GoogleCastCoreResources.bundle/CastFrameworkDB.momd/CastFrameworkDB08.mom
GoogleCast.framework/GoogleCastCoreResources.bundle/CastFrameworkDB.momd/CastFrameworkDB09.mom
GoogleCast.framework/GoogleCastCoreResources.bundle/CastFrameworkDB.momd/CastFrameworkDB10.mom
GoogleCast.framework/GoogleCastCoreResources.bundle/CastFrameworkDB.momd/CastFrameworkDB11.mom
GoogleCast.framework/GoogleCastCoreResources.bundle/CastFrameworkDB.momd/CastFrameworkDB12.mom
GoogleCast.framework/GoogleCastCoreResources.bundle/CastFrameworkDB.momd/CastFrameworkDB12.omo
GoogleCast.framework/GoogleCastCoreResources.bundle/CastFrameworkDB.momd/VersionInfo.plist
GoogleCast.framework/GoogleCastCoreResources.bundle/Icons/
GoogleCast.framework/GoogleCastCoreResources.bundle/Icons/cast_disconnected_24pt.png
GoogleCast.framework/GoogleCastCoreResources.bundle/Icons/cast_disconnected_24pt@2x.png
GoogleCast.framework/GoogleCastCoreResources.bundle/Icons/cast_disconnected_24pt@3x.png
GoogleCast.framework/GoogleCastCoreResources.bundle/Icons/cast_logo_385_64.png
GoogleCast.framework/GoogleCastCoreResources.bundle/Icons/cast_logo_385_64@2x.png
GoogleCast.framework/GoogleCastCoreResources.bundle/Icons/cast_logo_385_64@3x.png
GoogleCast.framework/GoogleCastCoreResources.bundle/af.lproj/
GoogleCast.framework/GoogleCastCoreResources.bundle/af.lproj/CoreLocalizable.strings
GoogleCast.framework/GoogleCastCoreResources.bundle/ar.lproj/
GoogleCast.framework/GoogleCastCoreResources.bundle/ar.lproj/CoreLocalizable.strings
GoogleCast.framework/GoogleCastCoreResources.bundle/bg.lproj/
GoogleCast.framework/GoogleCastCoreResources.bundle/bg.lproj/CoreLocalizable.strings
GoogleCast.framework/GoogleCastCoreResources.bundle/bn.lproj/
GoogleCast.framework/GoogleCastCoreResources.bundle/bn.lproj/CoreLocalizable.strings
GoogleCast.framework/GoogleCastCoreResources.bundle/ca.lproj/
GoogleCast.framework/GoogleCastCoreResources.bundle/ca.lproj/CoreLocalizable.strings
GoogleCast.framework/GoogleCastCoreResources.bundle/cs.lproj/
GoogleCast.framework/GoogleCastCoreResources.bundle/cs.lproj/CoreLocalizable.strings
GoogleCast.framework/GoogleCastCoreResources.bundle/da.lproj/
GoogleCast.framework/GoogleCastCoreResources.bundle/da.lproj/CoreLocalizable.strings
GoogleCast.framework/GoogleCastCoreResources.bundle/de.lproj/
GoogleCast.framework/GoogleCastCoreResources.bundle/de.lproj/CoreLocalizable.strings
GoogleCast.framework/GoogleCastCoreResources.bundle/el.lproj/
GoogleCast.framework/GoogleCastCoreResources.bundle/el.lproj/CoreLocalizable.strings
GoogleCast.framework/GoogleCastCoreResources.bundle/en.lproj/
GoogleCast.framework/GoogleCastCoreResources.bundle/en.lproj/CoreLocalizable.strings
GoogleCast.framework/GoogleCastCoreResources.bundle/en_GB.lproj/
GoogleCast.framework/GoogleCastCoreResources.bundle/en_GB.lproj/CoreLocalizable.strings
GoogleCast.framework/GoogleCastCoreResources.bundle/es.lproj/
GoogleCast.framework/GoogleCastCoreResources.bundle/es.lproj/CoreLocalizable.strings
GoogleCast.framework/GoogleCastCoreResources.bundle/es_419.lproj/
GoogleCast.framework/GoogleCastCoreResources.bundle/es_419.lproj/CoreLocalizable.strings
GoogleCast.framework/GoogleCastCoreResources.bundle/et.lproj/
GoogleCast.framework/GoogleCastCoreResources.bundle/et.lproj/CoreLocalizable.strings
GoogleCast.framework/GoogleCastCoreResources.bundle/fa.lproj/
GoogleCast.framework/GoogleCastCoreResources.bundle/fa.lproj/CoreLocalizable.strings
GoogleCast.framework/GoogleCastCoreResources.bundle/fi.lproj/
GoogleCast.framework/GoogleCastCoreResources.bundle/fi.lproj/CoreLocalizable.strings
GoogleCast.framework/GoogleCastCoreResources.bundle/fil.lproj/
GoogleCast.framework/GoogleCastCoreResources.bundle/fil.lproj/CoreLocalizable.strings
GoogleCast.framework/GoogleCastCoreResources.bundle/fr.lproj/
GoogleCast.framework/GoogleCastCoreResources.bundle/fr.lproj/CoreLocalizable.strings
GoogleCast.framework/GoogleCastCoreResources.bundle/hi.lproj/
GoogleCast.framework/GoogleCastCoreResources.bundle/hi.lproj/CoreLocalizable.strings
GoogleCast.framework/GoogleCastCoreResources.bundle/hr.lproj/
GoogleCast.framework/GoogleCastCoreResources.bundle/hr.lproj/CoreLocalizable.strings
GoogleCast.framework/GoogleCastCoreResources.bundle/hu.lproj/
GoogleCast.framework/GoogleCastCoreResources.bundle/hu.lproj/CoreLocalizable.strings
GoogleCast.framework/GoogleCastCoreResources.bundle/hy.lproj/
GoogleCast.framework/GoogleCastCoreResources.bundle/hy.lproj/CoreLocalizable.strings
GoogleCast.framework/GoogleCastCoreResources.bundle/id.lproj/
GoogleCast.framework/GoogleCastCoreResources.bundle/id.lproj/CoreLocalizable.strings
GoogleCast.framework/GoogleCastCoreResources.bundle/is.lproj/
GoogleCast.framework/GoogleCastCoreResources.bundle/is.lproj/CoreLocalizable.strings
GoogleCast.framework/GoogleCastCoreResources.bundle/it.lproj/
GoogleCast.framework/GoogleCastCoreResources.bundle/it.lproj/CoreLocalizable.strings
GoogleCast.framework/GoogleCastCoreResources.bundle/iw.lproj/
GoogleCast.framework/GoogleCastCoreResources.bundle/iw.lproj/CoreLocalizable.strings
GoogleCast.framework/GoogleCastCoreResources.bundle/ja.lproj/
GoogleCast.framework/GoogleCastCoreResources.bundle/ja.lproj/CoreLocalizable.strings
GoogleCast.framework/GoogleCastCoreResources.bundle/ka.lproj/
GoogleCast.framework/GoogleCastCoreResources.bundle/ka.lproj/CoreLocalizable.strings
GoogleCast.framework/GoogleCastCoreResources.bundle/km.lproj/
GoogleCast.framework/GoogleCastCoreResources.bundle/km.lproj/CoreLocalizable.strings
GoogleCast.framework/GoogleCastCoreResources.bundle/ko.lproj/
GoogleCast.framework/GoogleCastCoreResources.bundle/ko.lproj/CoreLocalizable.strings
GoogleCast.framework/GoogleCastCoreResources.bundle/lo.lproj/
GoogleCast.framework/GoogleCastCoreResources.bundle/lo.lproj/CoreLocalizable.strings
GoogleCast.framework/GoogleCastCoreResources.bundle/lt.lproj/
GoogleCast.framework/GoogleCastCoreResources.bundle/lt.lproj/CoreLocalizable.strings
GoogleCast.framework/GoogleCastCoreResources.bundle/lv.lproj/
GoogleCast.framework/GoogleCastCoreResources.bundle/lv.lproj/CoreLocalizable.strings
GoogleCast.framework/GoogleCastCoreResources.bundle/mk.lproj/
GoogleCast.framework/GoogleCastCoreResources.bundle/mk.lproj/CoreLocalizable.strings
GoogleCast.framework/GoogleCastCoreResources.bundle/mn.lproj/
GoogleCast.framework/GoogleCastCoreResources.bundle/mn.lproj/CoreLocalizable.strings
GoogleCast.framework/GoogleCastCoreResources.bundle/mr.lproj/
GoogleCast.framework/GoogleCastCoreResources.bundle/mr.lproj/CoreLocalizable.strings
GoogleCast.framework/GoogleCastCoreResources.bundle/ms.lproj/
GoogleCast.framework/GoogleCastCoreResources.bundle/ms.lproj/CoreLocalizable.strings
GoogleCast.framework/GoogleCastCoreResources.bundle/my.lproj/
GoogleCast.framework/GoogleCastCoreResources.bundle/my.lproj/CoreLocalizable.strings
GoogleCast.framework/GoogleCastCoreResources.bundle/ne.lproj/
GoogleCast.framework/GoogleCastCoreResources.bundle/ne.lproj/CoreLocalizable.strings
GoogleCast.framework/GoogleCastCoreResources.bundle/nl.lproj/
GoogleCast.framework/GoogleCastCoreResources.bundle/nl.lproj/CoreLocalizable.strings
GoogleCast.framework/GoogleCastCoreResources.bundle/no.lproj/
GoogleCast.framework/GoogleCastCoreResources.bundle/no.lproj/CoreLocalizable.strings
GoogleCast.framework/GoogleCastCoreResources.bundle/pl.lproj/
GoogleCast.framework/GoogleCastCoreResources.bundle/pl.lproj/CoreLocalizable.strings
GoogleCast.framework/GoogleCastCoreResources.bundle/pt.lproj/
GoogleCast.framework/GoogleCastCoreResources.bundle/pt.lproj/CoreLocalizable.strings
GoogleCast.framework/GoogleCastCoreResources.bundle/pt_PT.lproj/
GoogleCast.framework/GoogleCastCoreResources.bundle/pt_PT.lproj/CoreLocalizable.strings
GoogleCast.framework/GoogleCastCoreResources.bundle/ro.lproj/
GoogleCast.framework/GoogleCastCoreResources.bundle/ro.lproj/CoreLocalizable.strings
GoogleCast.framework/GoogleCastCoreResources.bundle/ru.lproj/
GoogleCast.framework/GoogleCastCoreResources.bundle/ru.lproj/CoreLocalizable.strings
GoogleCast.framework/GoogleCastCoreResources.bundle/si.lproj/
GoogleCast.framework/GoogleCastCoreResources.bundle/si.lproj/CoreLocalizable.strings
GoogleCast.framework/GoogleCastCoreResources.bundle/sk.lproj/
GoogleCast.framework/GoogleCastCoreResources.bundle/sk.lproj/CoreLocalizable.strings
GoogleCast.framework/GoogleCastCoreResources.bundle/sl.lproj/
GoogleCast.framework/GoogleCastCoreResources.bundle/sl.lproj/CoreLocalizable.strings
GoogleCast.framework/GoogleCastCoreResources.bundle/sr.lproj/
GoogleCast.framework/GoogleCastCoreResources.bundle/sr.lproj/CoreLocalizable.strings
GoogleCast.framework/GoogleCastCoreResources.bundle/sv.lproj/
GoogleCast.framework/GoogleCastCoreResources.bundle/sv.lproj/CoreLocalizable.strings
GoogleCast.framework/GoogleCastCoreResources.bundle/sw.lproj/
GoogleCast.framework/GoogleCastCoreResources.bundle/sw.lproj/CoreLocalizable.strings
GoogleCast.framework/GoogleCastCoreResources.bundle/ta.lproj/
GoogleCast.framework/GoogleCastCoreResources.bundle/ta.lproj/CoreLocalizable.strings
GoogleCast.framework/GoogleCastCoreResources.bundle/th.lproj/
GoogleCast.framework/GoogleCastCoreResources.bundle/th.lproj/CoreLocalizable.strings
GoogleCast.framework/GoogleCastCoreResources.bundle/tr.lproj/
GoogleCast.framework/GoogleCastCoreResources.bundle/tr.lproj/CoreLocalizable.strings
GoogleCast.framework/GoogleCastCoreResources.bundle/uk.lproj/
GoogleCast.framework/GoogleCastCoreResources.bundle/uk.lproj/CoreLocalizable.strings
GoogleCast.framework/GoogleCastCoreResources.bundle/vi.lproj/
GoogleCast.framework/GoogleCastCoreResources.bundle/vi.lproj/CoreLocalizable.strings
GoogleCast.framework/GoogleCastCoreResources.bundle/zh.lproj/
GoogleCast.framework/GoogleCastCoreResources.bundle/zh.lproj/CoreLocalizable.strings
GoogleCast.framework/GoogleCastCoreResources.bundle/zh_CN.lproj/
GoogleCast.framework/GoogleCastCoreResources.bundle/zh_CN.lproj/CoreLocalizable.strings
GoogleCast.framework/GoogleCastCoreResources.bundle/zh_TW.lproj/
GoogleCast.framework/GoogleCastCoreResources.bundle/zh_TW.lproj/CoreLocalizable.strings
GoogleCast.framework/GoogleCastOptionalUIResources.bundle/
GoogleCast.framework/GoogleCastOptionalUIResources.bundle/Icons/
GoogleCast.framework/GoogleCastOptionalUIResources.bundle/Icons/audio_track_48pt.png
GoogleCast.framework/GoogleCastOptionalUIResources.bundle/Icons/audio_track_48pt@2x.png
GoogleCast.framework/GoogleCastOptionalUIResources.bundle/Icons/audio_track_48pt@3x.png
GoogleCast.framework/GoogleCastOptionalUIResources.bundle/Icons/cast_connected_24pt.png
GoogleCast.framework/GoogleCastOptionalUIResources.bundle/Icons/cast_connected_24pt@2x.png
GoogleCast.framework/GoogleCastOptionalUIResources.bundle/Icons/cast_connected_24pt@3x.png
GoogleCast.framework/GoogleCastOptionalUIResources.bundle/Icons/cast_on0.png
GoogleCast.framework/GoogleCastOptionalUIResources.bundle/Icons/cast_on0@2x.png
GoogleCast.framework/GoogleCastOptionalUIResources.bundle/Icons/cast_on0@3x.png
GoogleCast.framework/GoogleCastOptionalUIResources.bundle/Icons/cast_on1.png
GoogleCast.framework/GoogleCastOptionalUIResources.bundle/Icons/cast_on1@2x.png
GoogleCast.framework/GoogleCastOptionalUIResources.bundle/Icons/cast_on1@3x.png
GoogleCast.framework/GoogleCastOptionalUIResources.bundle/Icons/cast_on2.png
GoogleCast.framework/GoogleCastOptionalUIResources.bundle/Icons/cast_on2@2x.png
GoogleCast.framework/GoogleCastOptionalUIResources.bundle/Icons/cast_on2@3x.png
GoogleCast.framework/GoogleCastOptionalUIResources.bundle/Icons/closed_caption_36pt.png
GoogleCast.framework/GoogleCastOptionalUIResources.bundle/Icons/closed_caption_36pt@2x.png
GoogleCast.framework/GoogleCastOptionalUIResources.bundle/Icons/closed_caption_36pt@3x.png
GoogleCast.framework/GoogleCastOptionalUIResources.bundle/Icons/closed_caption_48pt.png
GoogleCast.framework/GoogleCastOptionalUIResources.bundle/Icons/closed_caption_48pt@2x.png
GoogleCast.framework/GoogleCastOptionalUIResources.bundle/Icons/closed_caption_48pt@3x.png
GoogleCast.framework/GoogleCastOptionalUIResources.bundle/Icons/collapse_arrow_24pt.png
GoogleCast.framework/GoogleCastOptionalUIResources.bundle/Icons/collapse_arrow_24pt@2x.png
GoogleCast.framework/GoogleCastOptionalUIResources.bundle/Icons/collapse_arrow_24pt@3x.png
GoogleCast.framework/GoogleCastOptionalUIResources.bundle/Icons/forward_30_36pt.png
GoogleCast.framework/GoogleCastOptionalUIResources.bundle/Icons/forward_30_36pt@2x.png
GoogleCast.framework/GoogleCastOptionalUIResources.bundle/Icons/forward_30_36pt@3x.png
GoogleCast.framework/GoogleCastOptionalUIResources.bundle/Icons/forward_30_48pt.png
GoogleCast.framework/GoogleCastOptionalUIResources.bundle/Icons/forward_30_48pt@2x.png
GoogleCast.framework/GoogleCastOptionalUIResources.bundle/Icons/forward_30_48pt@3x.png
GoogleCast.framework/GoogleCastOptionalUIResources.bundle/Icons/hardware_speaker_24pt.png
GoogleCast.framework/GoogleCastOptionalUIResources.bundle/Icons/hardware_speaker_24pt@2x.png
GoogleCast.framework/GoogleCastOptionalUIResources.bundle/Icons/hardware_speaker_24pt@3x.png
GoogleCast.framework/GoogleCastOptionalUIResources.bundle/Icons/hardware_speaker_group_24pt.png
GoogleCast.framework/GoogleCastOptionalUIResources.bundle/Icons/hardware_speaker_group_24pt@2x.png
GoogleCast.framework/GoogleCastOptionalUIResources.bundle/Icons/hardware_speaker_group_24pt@3x.png
GoogleCast.framework/GoogleCastOptionalUIResources.bundle/Icons/hardware_tv_24pt.png
GoogleCast.framework/GoogleCastOptionalUIResources.bundle/Icons/hardware_tv_24pt@2x.png
GoogleCast.framework/GoogleCastOptionalUIResources.bundle/Icons/hardware_tv_24pt@3x.png
GoogleCast.framework/GoogleCastOptionalUIResources.bundle/Icons/ic_close_icon.png
GoogleCast.framework/GoogleCastOptionalUIResources.bundle/Icons/ic_close_icon@2x.png
GoogleCast.framework/GoogleCastOptionalUIResources.bundle/Icons/ic_close_icon@3x.png
GoogleCast.framework/GoogleCastOptionalUIResources.bundle/Icons/pause_48pt.png
GoogleCast.framework/GoogleCastOptionalUIResources.bundle/Icons/pause_48pt@2x.png
GoogleCast.framework/GoogleCastOptionalUIResources.bundle/Icons/pause_48pt@3x.png
GoogleCast.framework/GoogleCastOptionalUIResources.bundle/Icons/pause_circle_filled_64pt.png
GoogleCast.framework/GoogleCastOptionalUIResources.bundle/Icons/pause_circle_filled_64pt@2x.png
GoogleCast.framework/GoogleCastOptionalUIResources.bundle/Icons/pause_circle_filled_64pt@3x.png
GoogleCast.framework/GoogleCastOptionalUIResources.bundle/Icons/play_48pt.png
GoogleCast.framework/GoogleCastOptionalUIResources.bundle/Icons/play_48pt@2x.png
GoogleCast.framework/GoogleCastOptionalUIResources.bundle/Icons/play_48pt@3x.png
GoogleCast.framework/GoogleCastOptionalUIResources.bundle/Icons/play_circle_filled_64pt.png
GoogleCast.framework/GoogleCastOptionalUIResources.bundle/Icons/play_circle_filled_64pt@2x.png
GoogleCast.framework/GoogleCastOptionalUIResources.bundle/Icons/play_circle_filled_64pt@3x.png
GoogleCast.framework/GoogleCastOptionalUIResources.bundle/Icons/replay_30_36pt.png
GoogleCast.framework/GoogleCastOptionalUIResources.bundle/Icons/replay_30_36pt@2x.png
GoogleCast.framework/GoogleCastOptionalUIResources.bundle/Icons/replay_30_36pt@3x.png
GoogleCast.framework/GoogleCastOptionalUIResources.bundle/Icons/replay_30_48pt.png
GoogleCast.framework/GoogleCastOptionalUIResources.bundle/Icons/replay_30_48pt@2x.png
GoogleCast.framework/GoogleCastOptionalUIResources.bundle/Icons/replay_30_48pt@3x.png
GoogleCast.framework/GoogleCastOptionalUIResources.bundle/Icons/skip_next_36pt.png
GoogleCast.framework/GoogleCastOptionalUIResources.bundle/Icons/skip_next_36pt@2x.png
GoogleCast.framework/GoogleCastOptionalUIResources.bundle/Icons/skip_next_36pt@3x.png
GoogleCast.framework/GoogleCastOptionalUIResources.bundle/Icons/skip_next_48pt.png
GoogleCast.framework/GoogleCastOptionalUIResources.bundle/Icons/skip_next_48pt@2x.png
GoogleCast.framework/GoogleCastOptionalUIResources.bundle/Icons/skip_next_48pt@3x.png
GoogleCast.framework/GoogleCastOptionalUIResources.bundle/Icons/skip_previous_36pt.png
GoogleCast.framework/GoogleCastOptionalUIResources.bundle/Icons/skip_previous_36pt@2x.png
GoogleCast.framework/GoogleCastOptionalUIResources.bundle/Icons/skip_previous_36pt@3x.png
GoogleCast.framework/GoogleCastOptionalUIResources.bundle/Icons/skip_previous_48pt.png
GoogleCast.framework/GoogleCastOptionalUIResources.bundle/Icons/skip_previous_48pt@2x.png
GoogleCast.framework/GoogleCastOptionalUIResources.bundle/Icons/skip_previous_48pt@3x.png
GoogleCast.framework/GoogleCastOptionalUIResources.bundle/Icons/sliderthumb_focused_light.png
GoogleCast.framework/GoogleCastOptionalUIResources.bundle/Icons/sliderthumb_focused_light@2x.png
GoogleCast.framework/GoogleCastOptionalUIResources.bundle/Icons/sliderthumb_focused_light@3x.png
GoogleCast.framework/GoogleCastOptionalUIResources.bundle/Icons/sliderthumb_normal_light.png
GoogleCast.framework/GoogleCastOptionalUIResources.bundle/Icons/sliderthumb_normal_light@2x.png
GoogleCast.framework/GoogleCastOptionalUIResources.bundle/Icons/sliderthumb_normal_light@3x.png
GoogleCast.framework/GoogleCastOptionalUIResources.bundle/Icons/stop_36pt.png
GoogleCast.framework/GoogleCastOptionalUIResources.bundle/Icons/stop_36pt@2x.png
GoogleCast.framework/GoogleCastOptionalUIResources.bundle/Icons/stop_36pt@3x.png
GoogleCast.framework/GoogleCastOptionalUIResources.bundle/Icons/stop_48pt.png
GoogleCast.framework/GoogleCastOptionalUIResources.bundle/Icons/stop_48pt@2x.png
GoogleCast.framework/GoogleCastOptionalUIResources.bundle/Icons/stop_48pt@3x.png
GoogleCast.framework/GoogleCastOptionalUIResources.bundle/Icons/volume_mute_36pt.png
GoogleCast.framework/GoogleCastOptionalUIResources.bundle/Icons/volume_mute_36pt@2x.png
GoogleCast.framework/GoogleCastOptionalUIResources.bundle/Icons/volume_mute_36pt@3x.png
GoogleCast.framework/GoogleCastOptionalUIResources.bundle/Icons/volume_mute_48pt.png
GoogleCast.framework/GoogleCastOptionalUIResources.bundle/Icons/volume_mute_48pt@2x.png
GoogleCast.framework/GoogleCastOptionalUIResources.bundle/Icons/volume_mute_48pt@3x.png
GoogleCast.framework/GoogleCastOptionalUIResources.bundle/Icons/volume_off_36pt.png
GoogleCast.framework/GoogleCastOptionalUIResources.bundle/Icons/volume_off_36pt@2x.png
GoogleCast.framework/GoogleCastOptionalUIResources.bundle/Icons/volume_off_36pt@3x.png
GoogleCast.framework/GoogleCastOptionalUIResources.bundle/Icons/volume_off_48pt.png
GoogleCast.framework/GoogleCastOptionalUIResources.bundle/Icons/volume_off_48pt@2x.png
GoogleCast.framework/GoogleCastOptionalUIResources.bundle/Icons/volume_off_48pt@3x.png
GoogleCast.framework/GoogleCastOptionalUIResources.bundle/Icons/volume_up_36pt.png
GoogleCast.framework/GoogleCastOptionalUIResources.bundle/Icons/volume_up_36pt@2x.png
GoogleCast.framework/GoogleCastOptionalUIResources.bundle/Icons/volume_up_36pt@3x.png
GoogleCast.framework/GoogleCastOptionalUIResources.bundle/Icons/volume_up_48pt.png
GoogleCast.framework/GoogleCastOptionalUIResources.bundle/Icons/volume_up_48pt@2x.png
GoogleCast.framework/GoogleCastOptionalUIResources.bundle/Icons/volume_up_48pt@3x.png
GoogleCast.framework/GoogleCastUIResources.bundle/
GoogleCast.framework/GoogleCastUIResources.bundle/Base.lproj/
GoogleCast.framework/GoogleCastUIResources.bundle/Base.lproj/CastComponents.storyboardc/
GoogleCast.framework/GoogleCastUIResources.bundle/Base.lproj/CastComponents.storyboardc/4HD-aa-FNo-view-1HP-BM-J3I.nib
GoogleCast.framework/GoogleCastUIResources.bundle/Base.lproj/CastComponents.storyboardc/6is-ze-qoP-view-Vah-jq-ZgN.nib
GoogleCast.framework/GoogleCastUIResources.bundle/Base.lproj/CastComponents.storyboardc/9V7-ce-5KJ-view-WQF-my-40r.nib
GoogleCast.framework/GoogleCastUIResources.bundle/Base.lproj/CastComponents.storyboardc/9Yh-4v-Jy8-view-eLu-zi-ufs.nib
GoogleCast.framework/GoogleCastUIResources.bundle/Base.lproj/CastComponents.storyboardc/C87-rF-Kff-view-Z93-bw-eCT.nib
GoogleCast.framework/GoogleCastUIResources.bundle/Base.lproj/CastComponents.storyboardc/CastContainer.nib
GoogleCast.framework/GoogleCastUIResources.bundle/Base.lproj/CastComponents.storyboardc/CastInstructions.nib
GoogleCast.framework/GoogleCastUIResources.bundle/Base.lproj/CastComponents.storyboardc/CastTerms.nib
GoogleCast.framework/GoogleCastUIResources.bundle/Base.lproj/CastComponents.storyboardc/DeviceConnectionNavigation.nib
GoogleCast.framework/GoogleCastUIResources.bundle/Base.lproj/CastComponents.storyboardc/ExpandedMediaControlsViewController.nib
GoogleCast.framework/GoogleCastUIResources.bundle/Base.lproj/CastComponents.storyboardc/Info.plist
GoogleCast.framework/GoogleCastUIResources.bundle/Base.lproj/CastComponents.storyboardc/MediaTrackSelectionController.nib
GoogleCast.framework/GoogleCastUIResources.bundle/Base.lproj/CastComponents.storyboardc/MediaTrackSelectionNavigation.nib
GoogleCast.framework/GoogleCastUIResources.bundle/Base.lproj/CastComponents.storyboardc/MiniMediaControlsViewController.nib
GoogleCast.framework/GoogleCastUIResources.bundle/Base.lproj/CastComponents.storyboardc/a4H-bv-VbH-view-Xbz-9K-eDJ.nib
GoogleCast.framework/GoogleCastUIResources.bundle/Base.lproj/CastComponents.storyboardc/egs-hj-bEX-view-MTY-Nw-q8O.nib
GoogleCast.framework/GoogleCastUIResources.bundle/Base.lproj/CastComponents.storyboardc/mzQ-08-M2L-view-QcC-yO-nhF.nib
GoogleCast.framework/GoogleCastUIResources.bundle/af.lproj/
GoogleCast.framework/GoogleCastUIResources.bundle/af.lproj/CastComponents.strings
GoogleCast.framework/GoogleCastUIResources.bundle/af.lproj/UILocalizable.strings
GoogleCast.framework/GoogleCastUIResources.bundle/ar.lproj/
GoogleCast.framework/GoogleCastUIResources.bundle/ar.lproj/CastComponents.strings
GoogleCast.framework/GoogleCastUIResources.bundle/ar.lproj/UILocalizable.strings
GoogleCast.framework/GoogleCastUIResources.bundle/bg.lproj/
GoogleCast.framework/GoogleCastUIResources.bundle/bg.lproj/CastComponents.strings
GoogleCast.framework/GoogleCastUIResources.bundle/bg.lproj/UILocalizable.strings
GoogleCast.framework/GoogleCastUIResources.bundle/bn.lproj/
GoogleCast.framework/GoogleCastUIResources.bundle/bn.lproj/CastComponents.strings
GoogleCast.framework/GoogleCastUIResources.bundle/bn.lproj/UILocalizable.strings
GoogleCast.framework/GoogleCastUIResources.bundle/ca.lproj/
GoogleCast.framework/GoogleCastUIResources.bundle/ca.lproj/CastComponents.strings
GoogleCast.framework/GoogleCastUIResources.bundle/ca.lproj/UILocalizable.strings
GoogleCast.framework/GoogleCastUIResources.bundle/cs.lproj/
GoogleCast.framework/GoogleCastUIResources.bundle/cs.lproj/CastComponents.strings
GoogleCast.framework/GoogleCastUIResources.bundle/cs.lproj/UILocalizable.strings
GoogleCast.framework/GoogleCastUIResources.bundle/da.lproj/
GoogleCast.framework/GoogleCastUIResources.bundle/da.lproj/CastComponents.strings
GoogleCast.framework/GoogleCastUIResources.bundle/da.lproj/UILocalizable.strings
GoogleCast.framework/GoogleCastUIResources.bundle/de.lproj/
GoogleCast.framework/GoogleCastUIResources.bundle/de.lproj/CastComponents.strings
GoogleCast.framework/GoogleCastUIResources.bundle/de.lproj/UILocalizable.strings
GoogleCast.framework/GoogleCastUIResources.bundle/el.lproj/
GoogleCast.framework/GoogleCastUIResources.bundle/el.lproj/CastComponents.strings
GoogleCast.framework/GoogleCastUIResources.bundle/el.lproj/UILocalizable.strings
GoogleCast.framework/GoogleCastUIResources.bundle/en.lproj/
GoogleCast.framework/GoogleCastUIResources.bundle/en.lproj/CastComponents.strings
GoogleCast.framework/GoogleCastUIResources.bundle/en.lproj/UILocalizable.strings
GoogleCast.framework/GoogleCastUIResources.bundle/en_GB.lproj/
GoogleCast.framework/GoogleCastUIResources.bundle/en_GB.lproj/CastComponents.strings
GoogleCast.framework/GoogleCastUIResources.bundle/en_GB.lproj/UILocalizable.strings
GoogleCast.framework/GoogleCastUIResources.bundle/es.lproj/
GoogleCast.framework/GoogleCastUIResources.bundle/es.lproj/CastComponents.strings
GoogleCast.framework/GoogleCastUIResources.bundle/es.lproj/UILocalizable.strings
GoogleCast.framework/GoogleCastUIResources.bundle/es_419.lproj/
GoogleCast.framework/GoogleCastUIResources.bundle/es_419.lproj/CastComponents.strings
GoogleCast.framework/GoogleCastUIResources.bundle/es_419.lproj/UILocalizable.strings
GoogleCast.framework/GoogleCastUIResources.bundle/et.lproj/
GoogleCast.framework/GoogleCastUIResources.bundle/et.lproj/CastComponents.strings
GoogleCast.framework/GoogleCastUIResources.bundle/et.lproj/UILocalizable.strings
GoogleCast.framework/GoogleCastUIResources.bundle/fa.lproj/
GoogleCast.framework/GoogleCastUIResources.bundle/fa.lproj/CastComponents.strings
GoogleCast.framework/GoogleCastUIResources.bundle/fa.lproj/UILocalizable.strings
GoogleCast.framework/GoogleCastUIResources.bundle/fi.lproj/
GoogleCast.framework/GoogleCastUIResources.bundle/fi.lproj/CastComponents.strings
GoogleCast.framework/GoogleCastUIResources.bundle/fi.lproj/UILocalizable.strings
GoogleCast.framework/GoogleCastUIResources.bundle/fil.lproj/
GoogleCast.framework/GoogleCastUIResources.bundle/fil.lproj/CastComponents.strings
GoogleCast.framework/GoogleCastUIResources.bundle/fil.lproj/UILocalizable.strings
GoogleCast.framework/GoogleCastUIResources.bundle/fr.lproj/
GoogleCast.framework/GoogleCastUIResources.bundle/fr.lproj/CastComponents.strings
GoogleCast.framework/GoogleCastUIResources.bundle/fr.lproj/UILocalizable.strings
GoogleCast.framework/GoogleCastUIResources.bundle/hi.lproj/
GoogleCast.framework/GoogleCastUIResources.bundle/hi.lproj/CastComponents.strings
GoogleCast.framework/GoogleCastUIResources.bundle/hi.lproj/UILocalizable.strings
GoogleCast.framework/GoogleCastUIResources.bundle/hr.lproj/
GoogleCast.framework/GoogleCastUIResources.bundle/hr.lproj/CastComponents.strings
GoogleCast.framework/GoogleCastUIResources.bundle/hr.lproj/UILocalizable.strings
GoogleCast.framework/GoogleCastUIResources.bundle/hu.lproj/
GoogleCast.framework/GoogleCastUIResources.bundle/hu.lproj/CastComponents.strings
GoogleCast.framework/GoogleCastUIResources.bundle/hu.lproj/UILocalizable.strings
GoogleCast.framework/GoogleCastUIResources.bundle/hy.lproj/
GoogleCast.framework/GoogleCastUIResources.bundle/hy.lproj/CastComponents.strings
GoogleCast.framework/GoogleCastUIResources.bundle/hy.lproj/UILocalizable.strings
GoogleCast.framework/GoogleCastUIResources.bundle/id.lproj/
GoogleCast.framework/GoogleCastUIResources.bundle/id.lproj/CastComponents.strings
GoogleCast.framework/GoogleCastUIResources.bundle/id.lproj/UILocalizable.strings
GoogleCast.framework/GoogleCastUIResources.bundle/is.lproj/
GoogleCast.framework/GoogleCastUIResources.bundle/is.lproj/CastComponents.strings
GoogleCast.framework/GoogleCastUIResources.bundle/is.lproj/UILocalizable.strings
GoogleCast.framework/GoogleCastUIResources.bundle/it.lproj/
GoogleCast.framework/GoogleCastUIResources.bundle/it.lproj/CastComponents.strings
GoogleCast.framework/GoogleCastUIResources.bundle/it.lproj/UILocalizable.strings
GoogleCast.framework/GoogleCastUIResources.bundle/iw.lproj/
GoogleCast.framework/GoogleCastUIResources.bundle/iw.lproj/CastComponents.strings
GoogleCast.framework/GoogleCastUIResources.bundle/iw.lproj/UILocalizable.strings
GoogleCast.framework/GoogleCastUIResources.bundle/ja.lproj/
GoogleCast.framework/GoogleCastUIResources.bundle/ja.lproj/CastComponents.strings
GoogleCast.framework/GoogleCastUIResources.bundle/ja.lproj/UILocalizable.strings
GoogleCast.framework/GoogleCastUIResources.bundle/ka.lproj/
GoogleCast.framework/GoogleCastUIResources.bundle/ka.lproj/CastComponents.strings
GoogleCast.framework/GoogleCastUIResources.bundle/ka.lproj/UILocalizable.strings
GoogleCast.framework/GoogleCastUIResources.bundle/km.lproj/
GoogleCast.framework/GoogleCastUIResources.bundle/km.lproj/CastComponents.strings
GoogleCast.framework/GoogleCastUIResources.bundle/km.lproj/UILocalizable.strings
GoogleCast.framework/GoogleCastUIResources.bundle/ko.lproj/
GoogleCast.framework/GoogleCastUIResources.bundle/ko.lproj/CastComponents.strings
GoogleCast.framework/GoogleCastUIResources.bundle/ko.lproj/UILocalizable.strings
GoogleCast.framework/GoogleCastUIResources.bundle/lo.lproj/
GoogleCast.framework/GoogleCastUIResources.bundle/lo.lproj/CastComponents.strings
GoogleCast.framework/GoogleCastUIResources.bundle/lo.lproj/UILocalizable.strings
GoogleCast.framework/GoogleCastUIResources.bundle/lt.lproj/
GoogleCast.framework/GoogleCastUIResources.bundle/lt.lproj/CastComponents.strings
GoogleCast.framework/GoogleCastUIResources.bundle/lt.lproj/UILocalizable.strings
GoogleCast.framework/GoogleCastUIResources.bundle/lv.lproj/
GoogleCast.framework/GoogleCastUIResources.bundle/lv.lproj/CastComponents.strings
GoogleCast.framework/GoogleCastUIResources.bundle/lv.lproj/UILocalizable.strings
GoogleCast.framework/GoogleCastUIResources.bundle/mk.lproj/
GoogleCast.framework/GoogleCastUIResources.bundle/mk.lproj/CastComponents.strings
GoogleCast.framework/GoogleCastUIResources.bundle/mk.lproj/UILocalizable.strings
GoogleCast.framework/GoogleCastUIResources.bundle/mn.lproj/
GoogleCast.framework/GoogleCastUIResources.bundle/mn.lproj/CastComponents.strings
GoogleCast.framework/GoogleCastUIResources.bundle/mn.lproj/UILocalizable.strings
GoogleCast.framework/GoogleCastUIResources.bundle/mr.lproj/
GoogleCast.framework/GoogleCastUIResources.bundle/mr.lproj/CastComponents.strings
GoogleCast.framework/GoogleCastUIResources.bundle/mr.lproj/UILocalizable.strings
GoogleCast.framework/GoogleCastUIResources.bundle/ms.lproj/
GoogleCast.framework/GoogleCastUIResources.bundle/ms.lproj/CastComponents.strings
GoogleCast.framework/GoogleCastUIResources.bundle/ms.lproj/UILocalizable.strings
GoogleCast.framework/GoogleCastUIResources.bundle/my.lproj/
GoogleCast.framework/GoogleCastUIResources.bundle/my.lproj/CastComponents.strings
GoogleCast.framework/GoogleCastUIResources.bundle/my.lproj/UILocalizable.strings
GoogleCast.framework/GoogleCastUIResources.bundle/ne.lproj/
GoogleCast.framework/GoogleCastUIResources.bundle/ne.lproj/CastComponents.strings
GoogleCast.framework/GoogleCastUIResources.bundle/ne.lproj/UILocalizable.strings
GoogleCast.framework/GoogleCastUIResources.bundle/nl.lproj/
GoogleCast.framework/GoogleCastUIResources.bundle/nl.lproj/CastComponents.strings
GoogleCast.framework/GoogleCastUIResources.bundle/nl.lproj/UILocalizable.strings
GoogleCast.framework/GoogleCastUIResources.bundle/no.lproj/
GoogleCast.framework/GoogleCastUIResources.bundle/no.lproj/CastComponents.strings
GoogleCast.framework/GoogleCastUIResources.bundle/no.lproj/UILocalizable.strings
GoogleCast.framework/GoogleCastUIResources.bundle/pl.lproj/
GoogleCast.framework/GoogleCastUIResources.bundle/pl.lproj/CastComponents.strings
GoogleCast.framework/GoogleCastUIResources.bundle/pl.lproj/UILocalizable.strings
GoogleCast.framework/GoogleCastUIResources.bundle/pt.lproj/
GoogleCast.framework/GoogleCastUIResources.bundle/pt.lproj/CastComponents.strings
GoogleCast.framework/GoogleCastUIResources.bundle/pt.lproj/UILocalizable.strings
GoogleCast.framework/GoogleCastUIResources.bundle/pt_PT.lproj/
GoogleCast.framework/GoogleCastUIResources.bundle/pt_PT.lproj/CastComponents.strings
GoogleCast.framework/GoogleCastUIResources.bundle/pt_PT.lproj/UILocalizable.strings
GoogleCast.framework/GoogleCastUIResources.bundle/ro.lproj/
GoogleCast.framework/GoogleCastUIResources.bundle/ro.lproj/CastComponents.strings
GoogleCast.framework/GoogleCastUIResources.bundle/ro.lproj/UILocalizable.strings
GoogleCast.framework/GoogleCastUIResources.bundle/ru.lproj/
GoogleCast.framework/GoogleCastUIResources.bundle/ru.lproj/CastComponents.strings
GoogleCast.framework/GoogleCastUIResources.bundle/ru.lproj/UILocalizable.strings
GoogleCast.framework/GoogleCastUIResources.bundle/si.lproj/
GoogleCast.framework/GoogleCastUIResources.bundle/si.lproj/CastComponents.strings
GoogleCast.framework/GoogleCastUIResources.bundle/si.lproj/UILocalizable.strings
GoogleCast.framework/GoogleCastUIResources.bundle/sk.lproj/
GoogleCast.framework/GoogleCastUIResources.bundle/sk.lproj/CastComponents.strings
GoogleCast.framework/GoogleCastUIResources.bundle/sk.lproj/UILocalizable.strings
GoogleCast.framework/GoogleCastUIResources.bundle/sl.lproj/
GoogleCast.framework/GoogleCastUIResources.bundle/sl.lproj/CastComponents.strings
GoogleCast.framework/GoogleCastUIResources.bundle/sl.lproj/UILocalizable.strings
GoogleCast.framework/GoogleCastUIResources.bundle/sr.lproj/
GoogleCast.framework/GoogleCastUIResources.bundle/sr.lproj/CastComponents.strings
GoogleCast.framework/GoogleCastUIResources.bundle/sr.lproj/UILocalizable.strings
GoogleCast.framework/GoogleCastUIResources.bundle/sv.lproj/
GoogleCast.framework/GoogleCastUIResources.bundle/sv.lproj/CastComponents.strings
GoogleCast.framework/GoogleCastUIResources.bundle/sv.lproj/UILocalizable.strings
GoogleCast.framework/GoogleCastUIResources.bundle/sw.lproj/
GoogleCast.framework/GoogleCastUIResources.bundle/sw.lproj/CastComponents.strings
GoogleCast.framework/GoogleCastUIResources.bundle/sw.lproj/UILocalizable.strings
GoogleCast.framework/GoogleCastUIResources.bundle/ta.lproj/
GoogleCast.framework/GoogleCastUIResources.bundle/ta.lproj/CastComponents.strings
GoogleCast.framework/GoogleCastUIResources.bundle/ta.lproj/UILocalizable.strings
GoogleCast.framework/GoogleCastUIResources.bundle/th.lproj/
GoogleCast.framework/GoogleCastUIResources.bundle/th.lproj/CastComponents.strings
GoogleCast.framework/GoogleCastUIResources.bundle/th.lproj/UILocalizable.strings
GoogleCast.framework/GoogleCastUIResources.bundle/tr.lproj/
GoogleCast.framework/GoogleCastUIResources.bundle/tr.lproj/CastComponents.strings
GoogleCast.framework/GoogleCastUIResources.bundle/tr.lproj/UILocalizable.strings
GoogleCast.framework/GoogleCastUIResources.bundle/uk.lproj/
GoogleCast.framework/GoogleCastUIResources.bundle/uk.lproj/CastComponents.strings
GoogleCast.framework/GoogleCastUIResources.bundle/uk.lproj/UILocalizable.strings
GoogleCast.framework/GoogleCastUIResources.bundle/vi.lproj/
GoogleCast.framework/GoogleCastUIResources.bundle/vi.lproj/CastComponents.strings
GoogleCast.framework/GoogleCastUIResources.bundle/vi.lproj/UILocalizable.strings
GoogleCast.framework/GoogleCastUIResources.bundle/zh.lproj/
GoogleCast.framework/GoogleCastUIResources.bundle/zh.lproj/CastComponents.strings
GoogleCast.framework/GoogleCastUIResources.bundle/zh.lproj/UILocalizable.strings
GoogleCast.framework/GoogleCastUIResources.bundle/zh_CN.lproj/
GoogleCast.framework/GoogleCastUIResources.bundle/zh_CN.lproj/CastComponents.strings
GoogleCast.framework/GoogleCastUIResources.bundle/zh_CN.lproj/UILocalizable.strings
GoogleCast.framework/GoogleCastUIResources.bundle/zh_TW.lproj/
GoogleCast.framework/GoogleCastUIResources.bundle/zh_TW.lproj/CastComponents.strings
GoogleCast.framework/GoogleCastUIResources.bundle/zh_TW.lproj/UILocalizable.strings
GoogleCast.framework/GoogleSansBold.bundle/
GoogleCast.framework/GoogleSansBold.bundle/GoogleSans-Bold.nohints.ttf
GoogleCast.framework/GoogleSansMedium.bundle/
GoogleCast.framework/GoogleSansMedium.bundle/GoogleSans-Medium.nohints.ttf
GoogleCast.framework/GoogleSansRegular.bundle/
GoogleCast.framework/GoogleSansRegular.bundle/GoogleSans-Regular.nohints.ttf
GoogleCast.framework/Headers/
GoogleCast.framework/Headers/GCKAdBreakClipInfo.h
GoogleCast.framework/Headers/GCKAdBreakInfo.h
GoogleCast.framework/Headers/GCKAdBreakStatus.h
GoogleCast.framework/Headers/GCKApplicationMetadata.h
GoogleCast.framework/Headers/GCKCastChannel.h
GoogleCast.framework/Headers/GCKCastContext+UI.h
GoogleCast.framework/Headers/GCKCastContext.h
GoogleCast.framework/Headers/GCKCastOptions.h
GoogleCast.framework/Headers/GCKCastSession.h
GoogleCast.framework/Headers/GCKColor.h
GoogleCast.framework/Headers/GCKCommon.h
GoogleCast.framework/Headers/GCKCredentialsData.h
GoogleCast.framework/Headers/GCKDefines.h
GoogleCast.framework/Headers/GCKDevice.h
GoogleCast.framework/Headers/GCKDeviceProvider+Protected.h
GoogleCast.framework/Headers/GCKDeviceProvider.h
GoogleCast.framework/Headers/GCKDiscoveryCriteria.h
GoogleCast.framework/Headers/GCKDiscoveryManager.h
GoogleCast.framework/Headers/GCKDynamicDevice.h
GoogleCast.framework/Headers/GCKError.h
GoogleCast.framework/Headers/GCKGenericChannel.h
GoogleCast.framework/Headers/GCKHLSSegmentFormat.h
GoogleCast.framework/Headers/GCKHLSVideoSegmentFormat.h
GoogleCast.framework/Headers/GCKImage.h
GoogleCast.framework/Headers/GCKJSONUtils.h
GoogleCast.framework/Headers/GCKLaunchOptions.h
GoogleCast.framework/Headers/GCKLogger.h
GoogleCast.framework/Headers/GCKLoggerCommon.h
GoogleCast.framework/Headers/GCKLoggerFilter.h
GoogleCast.framework/Headers/GCKMediaCommon.h
GoogleCast.framework/Headers/GCKMediaInformation.h
GoogleCast.framework/Headers/GCKMediaLiveSeekableRange.h
GoogleCast.framework/Headers/GCKMediaLoadOptions.h
GoogleCast.framework/Headers/GCKMediaLoadRequestData.h
GoogleCast.framework/Headers/GCKMediaMetadata.h
GoogleCast.framework/Headers/GCKMediaQueue.h
GoogleCast.framework/Headers/GCKMediaQueueContainerMetadata.h
GoogleCast.framework/Headers/GCKMediaQueueData.h
GoogleCast.framework/Headers/GCKMediaQueueItem.h
GoogleCast.framework/Headers/GCKMediaQueueLoadOptions.h
GoogleCast.framework/Headers/GCKMediaRequestItem.h
GoogleCast.framework/Headers/GCKMediaSeekOptions.h
GoogleCast.framework/Headers/GCKMediaStatus.h
GoogleCast.framework/Headers/GCKMediaTextTrackStyle.h
GoogleCast.framework/Headers/GCKMediaTrack.h
GoogleCast.framework/Headers/GCKMultizoneDevice.h
GoogleCast.framework/Headers/GCKMultizoneStatus.h
GoogleCast.framework/Headers/GCKNetworkAddress.h
GoogleCast.framework/Headers/GCKOpenURLOptions.h
GoogleCast.framework/Headers/GCKRemoteMediaClient+Protected.h
GoogleCast.framework/Headers/GCKRemoteMediaClient.h
GoogleCast.framework/Headers/GCKRequest.h
GoogleCast.framework/Headers/GCKSenderApplicationInfo.h
GoogleCast.framework/Headers/GCKSession+Protected.h
GoogleCast.framework/Headers/GCKSession.h
GoogleCast.framework/Headers/GCKSessionManager.h
GoogleCast.framework/Headers/GCKSessionOptions.h
GoogleCast.framework/Headers/GCKSessionTraits.h
GoogleCast.framework/Headers/GCKUIButton.h
GoogleCast.framework/Headers/GCKUICastButton.h
GoogleCast.framework/Headers/GCKUICastContainerViewController.h
GoogleCast.framework/Headers/GCKUIDeviceVolumeController.h
GoogleCast.framework/Headers/GCKUIExpandedMediaControlsViewController.h
GoogleCast.framework/Headers/GCKUIImageCache.h
GoogleCast.framework/Headers/GCKUIImageHints.h
GoogleCast.framework/Headers/GCKUIImagePicker.h
GoogleCast.framework/Headers/GCKUIMediaButtonBarProtocol.h
GoogleCast.framework/Headers/GCKUIMediaController.h
GoogleCast.framework/Headers/GCKUIMediaTrackSelectionViewController.h
GoogleCast.framework/Headers/GCKUIMiniMediaControlsViewController.h
GoogleCast.framework/Headers/GCKUIMultistateButton.h
GoogleCast.framework/Headers/GCKUIPlayPauseToggleController.h
GoogleCast.framework/Headers/GCKUIPlaybackRateController.h
GoogleCast.framework/Headers/GCKUIStreamPositionController.h
GoogleCast.framework/Headers/GCKUIStyle.h
GoogleCast.framework/Headers/GCKUIStyleAttributes.h
GoogleCast.framework/Headers/GCKUIUtils.h
GoogleCast.framework/Headers/GCKVastAdsRequest.h
GoogleCast.framework/Headers/GCKVideoInfo.h
GoogleCast.framework/Headers/GoogleCast.h
GoogleCast.framework/Headers/NSDictionary+GCKAdditions.h
GoogleCast.framework/Headers/NSMutableDictionary+GCKAdditions.h
GoogleCast.framework/Headers/NSTimer+GCKAdditions.h
GoogleCast.framework/MaterialDialogs.bundle/
GoogleCast.framework/MaterialDialogs.bundle/am.lproj/
GoogleCast.framework/MaterialDialogs.bundle/am.lproj/MaterialDialogs.strings
GoogleCast.framework/MaterialDialogs.bundle/ar.lproj/
GoogleCast.framework/MaterialDialogs.bundle/ar.lproj/MaterialDialogs.strings
GoogleCast.framework/MaterialDialogs.bundle/az.lproj/
GoogleCast.framework/MaterialDialogs.bundle/az.lproj/MaterialDialogs.strings
GoogleCast.framework/MaterialDialogs.bundle/be.lproj/
GoogleCast.framework/MaterialDialogs.bundle/be.lproj/MaterialDialogs.strings
GoogleCast.framework/MaterialDialogs.bundle/bg.lproj/
GoogleCast.framework/MaterialDialogs.bundle/bg.lproj/MaterialDialogs.strings
GoogleCast.framework/MaterialDialogs.bundle/bn.lproj/
GoogleCast.framework/MaterialDialogs.bundle/bn.lproj/MaterialDialogs.strings
GoogleCast.framework/MaterialDialogs.bundle/bs.lproj/
GoogleCast.framework/MaterialDialogs.bundle/bs.lproj/MaterialDialogs.strings
GoogleCast.framework/MaterialDialogs.bundle/ca.lproj/
GoogleCast.framework/MaterialDialogs.bundle/ca.lproj/MaterialDialogs.strings
GoogleCast.framework/MaterialDialogs.bundle/cs.lproj/
GoogleCast.framework/MaterialDialogs.bundle/cs.lproj/MaterialDialogs.strings
GoogleCast.framework/MaterialDialogs.bundle/cy.lproj/
GoogleCast.framework/MaterialDialogs.bundle/cy.lproj/MaterialDialogs.strings
GoogleCast.framework/MaterialDialogs.bundle/da.lproj/
GoogleCast.framework/MaterialDialogs.bundle/da.lproj/MaterialDialogs.strings
GoogleCast.framework/MaterialDialogs.bundle/de.lproj/
GoogleCast.framework/MaterialDialogs.bundle/de.lproj/MaterialDialogs.strings
GoogleCast.framework/MaterialDialogs.bundle/el.lproj/
GoogleCast.framework/MaterialDialogs.bundle/el.lproj/MaterialDialogs.strings
GoogleCast.framework/MaterialDialogs.bundle/en.lproj/
GoogleCast.framework/MaterialDialogs.bundle/en.lproj/MaterialDialogs.strings
GoogleCast.framework/MaterialDialogs.bundle/en_AU.lproj/
GoogleCast.framework/MaterialDialogs.bundle/en_AU.lproj/MaterialDialogs.strings
GoogleCast.framework/MaterialDialogs.bundle/en_GB.lproj/
GoogleCast.framework/MaterialDialogs.bundle/en_GB.lproj/MaterialDialogs.strings
GoogleCast.framework/MaterialDialogs.bundle/en_IN.lproj/
GoogleCast.framework/MaterialDialogs.bundle/en_IN.lproj/MaterialDialogs.strings
GoogleCast.framework/MaterialDialogs.bundle/es.lproj/
GoogleCast.framework/MaterialDialogs.bundle/es.lproj/MaterialDialogs.strings
GoogleCast.framework/MaterialDialogs.bundle/es_419.lproj/
GoogleCast.framework/MaterialDialogs.bundle/es_419.lproj/MaterialDialogs.strings
GoogleCast.framework/MaterialDialogs.bundle/es_MX.lproj/
GoogleCast.framework/MaterialDialogs.bundle/es_MX.lproj/MaterialDialogs.strings
GoogleCast.framework/MaterialDialogs.bundle/et.lproj/
GoogleCast.framework/MaterialDialogs.bundle/et.lproj/MaterialDialogs.strings
GoogleCast.framework/MaterialDialogs.bundle/eu.lproj/
GoogleCast.framework/MaterialDialogs.bundle/eu.lproj/MaterialDialogs.strings
GoogleCast.framework/MaterialDialogs.bundle/fa.lproj/
GoogleCast.framework/MaterialDialogs.bundle/fa.lproj/MaterialDialogs.strings
GoogleCast.framework/MaterialDialogs.bundle/fi.lproj/
GoogleCast.framework/MaterialDialogs.bundle/fi.lproj/MaterialDialogs.strings
GoogleCast.framework/MaterialDialogs.bundle/fil.lproj/
GoogleCast.framework/MaterialDialogs.bundle/fil.lproj/MaterialDialogs.strings
GoogleCast.framework/MaterialDialogs.bundle/fr.lproj/
GoogleCast.framework/MaterialDialogs.bundle/fr.lproj/MaterialDialogs.strings
GoogleCast.framework/MaterialDialogs.bundle/fr_CA.lproj/
GoogleCast.framework/MaterialDialogs.bundle/fr_CA.lproj/MaterialDialogs.strings
GoogleCast.framework/MaterialDialogs.bundle/ga.lproj/
GoogleCast.framework/MaterialDialogs.bundle/ga.lproj/MaterialDialogs.strings
GoogleCast.framework/MaterialDialogs.bundle/gl.lproj/
GoogleCast.framework/MaterialDialogs.bundle/gl.lproj/MaterialDialogs.strings
GoogleCast.framework/MaterialDialogs.bundle/gu.lproj/
GoogleCast.framework/MaterialDialogs.bundle/gu.lproj/MaterialDialogs.strings
GoogleCast.framework/MaterialDialogs.bundle/he.lproj/
GoogleCast.framework/MaterialDialogs.bundle/he.lproj/MaterialDialogs.strings
GoogleCast.framework/MaterialDialogs.bundle/hi.lproj/
GoogleCast.framework/MaterialDialogs.bundle/hi.lproj/MaterialDialogs.strings
GoogleCast.framework/MaterialDialogs.bundle/hr.lproj/
GoogleCast.framework/MaterialDialogs.bundle/hr.lproj/MaterialDialogs.strings
GoogleCast.framework/MaterialDialogs.bundle/hu.lproj/
GoogleCast.framework/MaterialDialogs.bundle/hu.lproj/MaterialDialogs.strings
GoogleCast.framework/MaterialDialogs.bundle/hy.lproj/
GoogleCast.framework/MaterialDialogs.bundle/hy.lproj/MaterialDialogs.strings
GoogleCast.framework/MaterialDialogs.bundle/id.lproj/
GoogleCast.framework/MaterialDialogs.bundle/id.lproj/MaterialDialogs.strings
GoogleCast.framework/MaterialDialogs.bundle/is.lproj/
GoogleCast.framework/MaterialDialogs.bundle/is.lproj/MaterialDialogs.strings
GoogleCast.framework/MaterialDialogs.bundle/it.lproj/
GoogleCast.framework/MaterialDialogs.bundle/it.lproj/MaterialDialogs.strings
GoogleCast.framework/MaterialDialogs.bundle/ja.lproj/
GoogleCast.framework/MaterialDialogs.bundle/ja.lproj/MaterialDialogs.strings
GoogleCast.framework/MaterialDialogs.bundle/jv.lproj/
GoogleCast.framework/MaterialDialogs.bundle/jv.lproj/MaterialDialogs.strings
GoogleCast.framework/MaterialDialogs.bundle/ka.lproj/
GoogleCast.framework/MaterialDialogs.bundle/ka.lproj/MaterialDialogs.strings
GoogleCast.framework/MaterialDialogs.bundle/kk.lproj/
GoogleCast.framework/MaterialDialogs.bundle/kk.lproj/MaterialDialogs.strings
GoogleCast.framework/MaterialDialogs.bundle/km.lproj/
GoogleCast.framework/MaterialDialogs.bundle/km.lproj/MaterialDialogs.strings
GoogleCast.framework/MaterialDialogs.bundle/kn.lproj/
GoogleCast.framework/MaterialDialogs.bundle/kn.lproj/MaterialDialogs.strings
GoogleCast.framework/MaterialDialogs.bundle/ko.lproj/
GoogleCast.framework/MaterialDialogs.bundle/ko.lproj/MaterialDialogs.strings
GoogleCast.framework/MaterialDialogs.bundle/ky.lproj/
GoogleCast.framework/MaterialDialogs.bundle/ky.lproj/MaterialDialogs.strings
GoogleCast.framework/MaterialDialogs.bundle/lo.lproj/
GoogleCast.framework/MaterialDialogs.bundle/lo.lproj/MaterialDialogs.strings
GoogleCast.framework/MaterialDialogs.bundle/lt.lproj/
GoogleCast.framework/MaterialDialogs.bundle/lt.lproj/MaterialDialogs.strings
GoogleCast.framework/MaterialDialogs.bundle/lv.lproj/
GoogleCast.framework/MaterialDialogs.bundle/lv.lproj/MaterialDialogs.strings
GoogleCast.framework/MaterialDialogs.bundle/mk.lproj/
GoogleCast.framework/MaterialDialogs.bundle/mk.lproj/MaterialDialogs.strings
GoogleCast.framework/MaterialDialogs.bundle/ml.lproj/
GoogleCast.framework/MaterialDialogs.bundle/ml.lproj/MaterialDialogs.strings
GoogleCast.framework/MaterialDialogs.bundle/mn.lproj/
GoogleCast.framework/MaterialDialogs.bundle/mn.lproj/MaterialDialogs.strings
GoogleCast.framework/MaterialDialogs.bundle/mr.lproj/
GoogleCast.framework/MaterialDialogs.bundle/mr.lproj/MaterialDialogs.strings
GoogleCast.framework/MaterialDialogs.bundle/ms.lproj/
GoogleCast.framework/MaterialDialogs.bundle/ms.lproj/MaterialDialogs.strings
GoogleCast.framework/MaterialDialogs.bundle/my.lproj/
GoogleCast.framework/MaterialDialogs.bundle/my.lproj/MaterialDialogs.strings
GoogleCast.framework/MaterialDialogs.bundle/nb.lproj/
GoogleCast.framework/MaterialDialogs.bundle/nb.lproj/MaterialDialogs.strings
GoogleCast.framework/MaterialDialogs.bundle/ne.lproj/
GoogleCast.framework/MaterialDialogs.bundle/ne.lproj/MaterialDialogs.strings
GoogleCast.framework/MaterialDialogs.bundle/nl.lproj/
GoogleCast.framework/MaterialDialogs.bundle/nl.lproj/MaterialDialogs.strings
GoogleCast.framework/MaterialDialogs.bundle/pa.lproj/
GoogleCast.framework/MaterialDialogs.bundle/pa.lproj/MaterialDialogs.strings
GoogleCast.framework/MaterialDialogs.bundle/pl.lproj/
GoogleCast.framework/MaterialDialogs.bundle/pl.lproj/MaterialDialogs.strings
GoogleCast.framework/MaterialDialogs.bundle/ps.lproj/
GoogleCast.framework/MaterialDialogs.bundle/ps.lproj/MaterialDialogs.strings
GoogleCast.framework/MaterialDialogs.bundle/pt_BR.lproj/
GoogleCast.framework/MaterialDialogs.bundle/pt_BR.lproj/MaterialDialogs.strings
GoogleCast.framework/MaterialDialogs.bundle/pt_PT.lproj/
GoogleCast.framework/MaterialDialogs.bundle/pt_PT.lproj/MaterialDialogs.strings
GoogleCast.framework/MaterialDialogs.bundle/ro.lproj/
GoogleCast.framework/MaterialDialogs.bundle/ro.lproj/MaterialDialogs.strings
GoogleCast.framework/MaterialDialogs.bundle/ru.lproj/
GoogleCast.framework/MaterialDialogs.bundle/ru.lproj/MaterialDialogs.strings
GoogleCast.framework/MaterialDialogs.bundle/sd.lproj/
GoogleCast.framework/MaterialDialogs.bundle/sd.lproj/MaterialDialogs.strings
GoogleCast.framework/MaterialDialogs.bundle/si.lproj/
GoogleCast.framework/MaterialDialogs.bundle/si.lproj/MaterialDialogs.strings
GoogleCast.framework/MaterialDialogs.bundle/sk.lproj/
GoogleCast.framework/MaterialDialogs.bundle/sk.lproj/MaterialDialogs.strings
GoogleCast.framework/MaterialDialogs.bundle/sl.lproj/
GoogleCast.framework/MaterialDialogs.bundle/sl.lproj/MaterialDialogs.strings
GoogleCast.framework/MaterialDialogs.bundle/so.lproj/
GoogleCast.framework/MaterialDialogs.bundle/so.lproj/MaterialDialogs.strings
GoogleCast.framework/MaterialDialogs.bundle/sq.lproj/
GoogleCast.framework/MaterialDialogs.bundle/sq.lproj/MaterialDialogs.strings
GoogleCast.framework/MaterialDialogs.bundle/sr.lproj/
GoogleCast.framework/MaterialDialogs.bundle/sr.lproj/MaterialDialogs.strings
GoogleCast.framework/MaterialDialogs.bundle/sr_Latn.lproj/
GoogleCast.framework/MaterialDialogs.bundle/sr_Latn.lproj/MaterialDialogs.strings
GoogleCast.framework/MaterialDialogs.bundle/sv.lproj/
GoogleCast.framework/MaterialDialogs.bundle/sv.lproj/MaterialDialogs.strings
GoogleCast.framework/MaterialDialogs.bundle/sw.lproj/
GoogleCast.framework/MaterialDialogs.bundle/sw.lproj/MaterialDialogs.strings
GoogleCast.framework/MaterialDialogs.bundle/ta.lproj/
GoogleCast.framework/MaterialDialogs.bundle/ta.lproj/MaterialDialogs.strings
GoogleCast.framework/MaterialDialogs.bundle/te.lproj/
GoogleCast.framework/MaterialDialogs.bundle/te.lproj/MaterialDialogs.strings
GoogleCast.framework/MaterialDialogs.bundle/th.lproj/
GoogleCast.framework/MaterialDialogs.bundle/th.lproj/MaterialDialogs.strings
GoogleCast.framework/MaterialDialogs.bundle/tk.lproj/
GoogleCast.framework/MaterialDialogs.bundle/tk.lproj/MaterialDialogs.strings
GoogleCast.framework/MaterialDialogs.bundle/tr.lproj/
GoogleCast.framework/MaterialDialogs.bundle/tr.lproj/MaterialDialogs.strings
GoogleCast.framework/MaterialDialogs.bundle/uk.lproj/
GoogleCast.framework/MaterialDialogs.bundle/uk.lproj/MaterialDialogs.strings
GoogleCast.framework/MaterialDialogs.bundle/ur.lproj/
GoogleCast.framework/MaterialDialogs.bundle/ur.lproj/MaterialDialogs.strings
GoogleCast.framework/MaterialDialogs.bundle/uz.lproj/
GoogleCast.framework/MaterialDialogs.bundle/uz.lproj/MaterialDialogs.strings
GoogleCast.framework/MaterialDialogs.bundle/vi.lproj/
GoogleCast.framework/MaterialDialogs.bundle/vi.lproj/MaterialDialogs.strings
GoogleCast.framework/MaterialDialogs.bundle/yue_HK.lproj/
GoogleCast.framework/MaterialDialogs.bundle/yue_HK.lproj/MaterialDialogs.strings
GoogleCast.framework/MaterialDialogs.bundle/zh_CN.lproj/
GoogleCast.framework/MaterialDialogs.bundle/zh_CN.lproj/MaterialDialogs.strings
GoogleCast.framework/MaterialDialogs.bundle/zh_HK.lproj/
GoogleCast.framework/MaterialDialogs.bundle/zh_HK.lproj/MaterialDialogs.strings
GoogleCast.framework/MaterialDialogs.bundle/zh_TW.lproj/
GoogleCast.framework/MaterialDialogs.bundle/zh_TW.lproj/MaterialDialogs.strings
GoogleCast.framework/MaterialDialogs.bundle/zu.lproj/
GoogleCast.framework/MaterialDialogs.bundle/zu.lproj/MaterialDialogs.strings
GoogleCast.framework/Modules/
GoogleCast.framework/Modules/module.modulemap

sent 24060612 bytes  received 12342 bytes  37029616 bytes/sec
total size is 23964185  speedup is 1.00
Copied /Users/aniskedidi/Documents/perso/AnisFlix/ios-natve/anisflix/Pods/google-cast-sdk/GoogleCastSDK-ios-4.8.4_static_xcframework/GoogleCast.xcframework/ios-arm64 to /Users/aniskedidi/Library/Developer/Xcode/DerivedData/anisflix-hhqtjtgkehjzwhfmetqsazeobjhe/Build/Products/Debug-iphoneos/XCFrameworkIntermediates/google-cast-sdk

ScanDependencies /Users/aniskedidi/Library/Developer/Xcode/DerivedData/anisflix-hhqtjtgkehjzwhfmetqsazeobjhe/Build/Intermediates.noindex/Pods.build/Debug-iphoneos/GCDWebServer.build/Objects-normal/arm64/GCDWebServerURLEncodedFormRequest.o /Users/aniskedidi/Documents/perso/AnisFlix/ios-natve/anisflix/Pods/GCDWebServer/GCDWebServer/Requests/GCDWebServerURLEncodedFormRequest.m normal arm64 objective-c com.apple.compilers.llvm.clang.1_0.compiler (in target 'GCDWebServer' from project 'Pods')
    cd /Users/aniskedidi/Documents/perso/AnisFlix/ios-natve/anisflix/Pods
    
    Using response file: /Users/aniskedidi/Library/Developer/Xcode/DerivedData/anisflix-hhqtjtgkehjzwhfmetqsazeobjhe/Build/Intermediates.noindex/Pods.build/Debug-iphoneos/GCDWebServer.build/Objects-normal/arm64/e6072d4f65d7061329687fe24e3d63a7-common-args.resp
    
    builtin-ScanDependencies -o /Users/aniskedidi/Library/Developer/Xcode/DerivedData/anisflix-hhqtjtgkehjzwhfmetqsazeobjhe/Build/Intermediates.noindex/Pods.build/Debug-iphoneos/GCDWebServer.build/Objects-normal/arm64/GCDWebServerURLEncodedFormRequest.o.scan -- /Applications/Xcode.app/Contents/Developer/Toolchains/XcodeDefault.xctoolchain/usr/bin/clang -x objective-c -ivfsstatcache /Users/aniskedidi/Library/Developer/Xcode/DerivedData/SDKStatCaches.noindex/iphoneos26.5-23F81a-32daed1954a7d5dd0789fcaf2a9bb78b.sdkstatcache -target arm64-apple-ios16.0 -fmessage-length\=0 -fdiagnostics-show-note-include-stack -fmacro-backtrace-limit\=0 -fno-color-diagnostics -fmodules-prune-interval\=86400 -fmodules-prune-after\=345600 -fbuild-session-file\=/Users/aniskedidi/Library/Developer/Xcode/DerivedData/ModuleCache.noindex/Session.modulevalidation -fmodules-validate-once-per-build-session -Wnon-modular-include-in-framework-module -Werror\=non-modular-include-in-framework-module -Wno-trigraphs -Wno-missing-field-initializers -Wno-missing-prototypes -Werror\=return-type -Wdocumentation -Wunreachable-code -Wno-implicit-atomic-properties -Werror\=deprecated-objc-isa-usage -Wno-objc-interface-ivars -Werror\=objc-root-class -Wno-arc-repeated-use-of-weak -Wimplicit-retain-self -Wduplicate-method-match -Wno-missing-braces -Wparentheses -Wswitch -Wunused-function -Wno-unused-label -Wno-unused-parameter -Wunused-variable -Wunused-value -Wempty-body -Wuninitialized -Wconditional-uninitialized -Wno-unknown-pragmas -Wno-shadow -Wno-four-char-constants -Wno-conversion -Wconstant-conversion -Wint-conversion -Wbool-conversion -Wenum-conversion -Wno-float-conversion -Wnon-literal-null-conversion -Wobjc-literal-conversion -Wshorten-64-to-32 -Wpointer-sign -Wno-newline-eof -Wno-selector -Wno-strict-selector-match -Wundeclared-selector -Wdeprecated-implementations -Wno-implicit-fallthrough -isysroot /Applications/Xcode.app/Contents/Developer/Platforms/iPhoneOS.platform/Developer/SDKs/iPhoneOS26.5.sdk -fstrict-aliasing -Wprotocol -Wdeprecated-declarations -Wno-sign-conversion -Winfinite-recursion -Wcomma -Wblock-capture-autoreleasing -Wstrict-prototypes -Wno-semicolon-before-method-body -Wunguarded-availability -index-store-path /Users/aniskedidi/Library/Developer/Xcode/DerivedData/anisflix-hhqtjtgkehjzwhfmetqsazeobjhe/Index.noindex/DataStore @/Users/aniskedidi/Library/Developer/Xcode/DerivedData/anisflix-hhqtjtgkehjzwhfmetqsazeobjhe/Build/Intermediates.noindex/Pods.build/Debug-iphoneos/GCDWebServer.build/Objects-normal/arm64/e6072d4f65d7061329687fe24e3d63a7-common-args.resp -include /Users/aniskedidi/Documents/perso/AnisFlix/ios-natve/anisflix/Pods/Target\ Support\ Files/GCDWebServer/GCDWebServer-prefix.pch -MMD -MT dependencies -MF /Users/aniskedidi/Library/Developer/Xcode/DerivedData/anisflix-hhqtjtgkehjzwhfmetqsazeobjhe/Build/Intermediates.noindex/Pods.build/Debug-iphoneos/GCDWebServer.build/Objects-normal/arm64/GCDWebServerURLEncodedFormRequest.d --serialize-diagnostics /Users/aniskedidi/Library/Developer/Xcode/DerivedData/anisflix-hhqtjtgkehjzwhfmetqsazeobjhe/Build/Intermediates.noindex/Pods.build/Debug-iphoneos/GCDWebServer.build/Objects-normal/arm64/GCDWebServerURLEncodedFormRequest.dia -c /Users/aniskedidi/Documents/perso/AnisFlix/ios-natve/anisflix/Pods/GCDWebServer/GCDWebServer/Requests/GCDWebServerURLEncodedFormRequest.m -o /Users/aniskedidi/Library/Developer/Xcode/DerivedData/anisflix-hhqtjtgkehjzwhfmetqsazeobjhe/Build/Intermediates.noindex/Pods.build/Debug-iphoneos/GCDWebServer.build/Objects-normal/arm64/GCDWebServerURLEncodedFormRequest.o -index-unit-output-path /Pods.build/Debug-iphoneos/GCDWebServer.build/Objects-normal/arm64/GCDWebServerURLEncodedFormRequest.o

ScanDependencies /Users/aniskedidi/Library/Developer/Xcode/DerivedData/anisflix-hhqtjtgkehjzwhfmetqsazeobjhe/Build/Intermediates.noindex/Pods.build/Debug-iphoneos/GCDWebServer.build/Objects-normal/arm64/GCDWebServer_vers.o /Users/aniskedidi/Library/Developer/Xcode/DerivedData/anisflix-hhqtjtgkehjzwhfmetqsazeobjhe/Build/Intermediates.noindex/Pods.build/Debug-iphoneos/GCDWebServer.build/DerivedSources/GCDWebServer_vers.c normal arm64 c com.apple.compilers.llvm.clang.1_0.compiler (in target 'GCDWebServer' from project 'Pods')
    cd /Users/aniskedidi/Documents/perso/AnisFlix/ios-natve/anisflix/Pods
    
    Using response file: /Users/aniskedidi/Library/Developer/Xcode/DerivedData/anisflix-hhqtjtgkehjzwhfmetqsazeobjhe/Build/Intermediates.noindex/Pods.build/Debug-iphoneos/GCDWebServer.build/Objects-normal/arm64/7187679823f38a2a940e0043cdf9d637-common-args.resp
    
    builtin-ScanDependencies -o /Users/aniskedidi/Library/Developer/Xcode/DerivedData/anisflix-hhqtjtgkehjzwhfmetqsazeobjhe/Build/Intermediates.noindex/Pods.build/Debug-iphoneos/GCDWebServer.build/Objects-normal/arm64/GCDWebServer_vers.o.scan -- /Applications/Xcode.app/Contents/Developer/Toolchains/XcodeDefault.xctoolchain/usr/bin/clang -x c -ivfsstatcache /Users/aniskedidi/Library/Developer/Xcode/DerivedData/SDKStatCaches.noindex/iphoneos26.5-23F81a-32daed1954a7d5dd0789fcaf2a9bb78b.sdkstatcache -target arm64-apple-ios16.0 -fmessage-length\=0 -fdiagnostics-show-note-include-stack -fmacro-backtrace-limit\=0 -fno-color-diagnostics -fmodules-prune-interval\=86400 -fmodules-prune-after\=345600 -fbuild-session-file\=/Users/aniskedidi/Library/Developer/Xcode/DerivedData/ModuleCache.noindex/Session.modulevalidation -fmodules-validate-once-per-build-session -Wnon-modular-include-in-framework-module -Werror\=non-modular-include-in-framework-module -Wno-trigraphs -Wno-missing-field-initializers -Wno-missing-prototypes -Werror\=return-type -Wdocumentation -Wunreachable-code -Werror\=deprecated-objc-isa-usage -Werror\=objc-root-class -Wno-missing-braces -Wparentheses -Wswitch -Wunused-function -Wno-unused-label -Wno-unused-parameter -Wunused-variable -Wunused-value -Wempty-body -Wuninitialized -Wconditional-uninitialized -Wno-unknown-pragmas -Wno-shadow -Wno-four-char-constants -Wno-conversion -Wconstant-conversion -Wint-conversion -Wbool-conversion -Wenum-conversion -Wno-float-conversion -Wnon-literal-null-conversion -Wobjc-literal-conversion -Wshorten-64-to-32 -Wpointer-sign -Wno-newline-eof -Wno-implicit-fallthrough -isysroot /Applications/Xcode.app/Contents/Developer/Platforms/iPhoneOS.platform/Developer/SDKs/iPhoneOS26.5.sdk -fstrict-aliasing -Wdeprecated-declarations -Wno-sign-conversion -Winfinite-recursion -Wcomma -Wblock-capture-autoreleasing -Wstrict-prototypes -Wno-semicolon-before-method-body -Wunguarded-availability -index-store-path /Users/aniskedidi/Library/Developer/Xcode/DerivedData/anisflix-hhqtjtgkehjzwhfmetqsazeobjhe/Index.noindex/DataStore @/Users/aniskedidi/Library/Developer/Xcode/DerivedData/anisflix-hhqtjtgkehjzwhfmetqsazeobjhe/Build/Intermediates.noindex/Pods.build/Debug-iphoneos/GCDWebServer.build/Objects-normal/arm64/7187679823f38a2a940e0043cdf9d637-common-args.resp -MMD -MT dependencies -MF /Users/aniskedidi/Library/Developer/Xcode/DerivedData/anisflix-hhqtjtgkehjzwhfmetqsazeobjhe/Build/Intermediates.noindex/Pods.build/Debug-iphoneos/GCDWebServer.build/Objects-normal/arm64/GCDWebServer_vers.d --serialize-diagnostics /Users/aniskedidi/Library/Developer/Xcode/DerivedData/anisflix-hhqtjtgkehjzwhfmetqsazeobjhe/Build/Intermediates.noindex/Pods.build/Debug-iphoneos/GCDWebServer.build/Objects-normal/arm64/GCDWebServer_vers.dia -c /Users/aniskedidi/Library/Developer/Xcode/DerivedData/anisflix-hhqtjtgkehjzwhfmetqsazeobjhe/Build/Intermediates.noindex/Pods.build/Debug-iphoneos/GCDWebServer.build/DerivedSources/GCDWebServer_vers.c -o /Users/aniskedidi/Library/Developer/Xcode/DerivedData/anisflix-hhqtjtgkehjzwhfmetqsazeobjhe/Build/Intermediates.noindex/Pods.build/Debug-iphoneos/GCDWebServer.build/Objects-normal/arm64/GCDWebServer_vers.o -index-unit-output-path /Pods.build/Debug-iphoneos/GCDWebServer.build/Objects-normal/arm64/GCDWebServer_vers.o

ScanDependencies /Users/aniskedidi/Library/Developer/Xcode/DerivedData/anisflix-hhqtjtgkehjzwhfmetqsazeobjhe/Build/Intermediates.noindex/Pods.build/Debug-iphoneos/GCDWebServer.build/Objects-normal/arm64/GCDWebServerStreamedResponse.o /Users/aniskedidi/Documents/perso/AnisFlix/ios-natve/anisflix/Pods/GCDWebServer/GCDWebServer/Responses/GCDWebServerStreamedResponse.m normal arm64 objective-c com.apple.compilers.llvm.clang.1_0.compiler (in target 'GCDWebServer' from project 'Pods')
    cd /Users/aniskedidi/Documents/perso/AnisFlix/ios-natve/anisflix/Pods
    
    Using response file: /Users/aniskedidi/Library/Developer/Xcode/DerivedData/anisflix-hhqtjtgkehjzwhfmetqsazeobjhe/Build/Intermediates.noindex/Pods.build/Debug-iphoneos/GCDWebServer.build/Objects-normal/arm64/e6072d4f65d7061329687fe24e3d63a7-common-args.resp
    
    builtin-ScanDependencies -o /Users/aniskedidi/Library/Developer/Xcode/DerivedData/anisflix-hhqtjtgkehjzwhfmetqsazeobjhe/Build/Intermediates.noindex/Pods.build/Debug-iphoneos/GCDWebServer.build/Objects-normal/arm64/GCDWebServerStreamedResponse.o.scan -- /Applications/Xcode.app/Contents/Developer/Toolchains/XcodeDefault.xctoolchain/usr/bin/clang -x objective-c -ivfsstatcache /Users/aniskedidi/Library/Developer/Xcode/DerivedData/SDKStatCaches.noindex/iphoneos26.5-23F81a-32daed1954a7d5dd0789fcaf2a9bb78b.sdkstatcache -target arm64-apple-ios16.0 -fmessage-length\=0 -fdiagnostics-show-note-include-stack -fmacro-backtrace-limit\=0 -fno-color-diagnostics -fmodules-prune-interval\=86400 -fmodules-prune-after\=345600 -fbuild-session-file\=/Users/aniskedidi/Library/Developer/Xcode/DerivedData/ModuleCache.noindex/Session.modulevalidation -fmodules-validate-once-per-build-session -Wnon-modular-include-in-framework-module -Werror\=non-modular-include-in-framework-module -Wno-trigraphs -Wno-missing-field-initializers -Wno-missing-prototypes -Werror\=return-type -Wdocumentation -Wunreachable-code -Wno-implicit-atomic-properties -Werror\=deprecated-objc-isa-usage -Wno-objc-interface-ivars -Werror\=objc-root-class -Wno-arc-repeated-use-of-weak -Wimplicit-retain-self -Wduplicate-method-match -Wno-missing-braces -Wparentheses -Wswitch -Wunused-function -Wno-unused-label -Wno-unused-parameter -Wunused-variable -Wunused-value -Wempty-body -Wuninitialized -Wconditional-uninitialized -Wno-unknown-pragmas -Wno-shadow -Wno-four-char-constants -Wno-conversion -Wconstant-conversion -Wint-conversion -Wbool-conversion -Wenum-conversion -Wno-float-conversion -Wnon-literal-null-conversion -Wobjc-literal-conversion -Wshorten-64-to-32 -Wpointer-sign -Wno-newline-eof -Wno-selector -Wno-strict-selector-match -Wundeclared-selector -Wdeprecated-implementations -Wno-implicit-fallthrough -isysroot /Applications/Xcode.app/Contents/Developer/Platforms/iPhoneOS.platform/Developer/SDKs/iPhoneOS26.5.sdk -fstrict-aliasing -Wprotocol -Wdeprecated-declarations -Wno-sign-conversion -Winfinite-recursion -Wcomma -Wblock-capture-autoreleasing -Wstrict-prototypes -Wno-semicolon-before-method-body -Wunguarded-availability -index-store-path /Users/aniskedidi/Library/Developer/Xcode/DerivedData/anisflix-hhqtjtgkehjzwhfmetqsazeobjhe/Index.noindex/DataStore @/Users/aniskedidi/Library/Developer/Xcode/DerivedData/anisflix-hhqtjtgkehjzwhfmetqsazeobjhe/Build/Intermediates.noindex/Pods.build/Debug-iphoneos/GCDWebServer.build/Objects-normal/arm64/e6072d4f65d7061329687fe24e3d63a7-common-args.resp -include /Users/aniskedidi/Documents/perso/AnisFlix/ios-natve/anisflix/Pods/Target\ Support\ Files/GCDWebServer/GCDWebServer-prefix.pch -MMD -MT dependencies -MF /Users/aniskedidi/Library/Developer/Xcode/DerivedData/anisflix-hhqtjtgkehjzwhfmetqsazeobjhe/Build/Intermediates.noindex/Pods.build/Debug-iphoneos/GCDWebServer.build/Objects-normal/arm64/GCDWebServerStreamedResponse.d --serialize-diagnostics /Users/aniskedidi/Library/Developer/Xcode/DerivedData/anisflix-hhqtjtgkehjzwhfmetqsazeobjhe/Build/Intermediates.noindex/Pods.build/Debug-iphoneos/GCDWebServer.build/Objects-normal/arm64/GCDWebServerStreamedResponse.dia -c /Users/aniskedidi/Documents/perso/AnisFlix/ios-natve/anisflix/Pods/GCDWebServer/GCDWebServer/Responses/GCDWebServerStreamedResponse.m -o /Users/aniskedidi/Library/Developer/Xcode/DerivedData/anisflix-hhqtjtgkehjzwhfmetqsazeobjhe/Build/Intermediates.noindex/Pods.build/Debug-iphoneos/GCDWebServer.build/Objects-normal/arm64/GCDWebServerStreamedResponse.o -index-unit-output-path /Pods.build/Debug-iphoneos/GCDWebServer.build/Objects-normal/arm64/GCDWebServerStreamedResponse.o

ScanDependencies /Users/aniskedidi/Library/Developer/Xcode/DerivedData/anisflix-hhqtjtgkehjzwhfmetqsazeobjhe/Build/Intermediates.noindex/Pods.build/Debug-iphoneos/GCDWebServer.build/Objects-normal/arm64/GCDWebServerResponse.o /Users/aniskedidi/Documents/perso/AnisFlix/ios-natve/anisflix/Pods/GCDWebServer/GCDWebServer/Core/GCDWebServerResponse.m normal arm64 objective-c com.apple.compilers.llvm.clang.1_0.compiler (in target 'GCDWebServer' from project 'Pods')
    cd /Users/aniskedidi/Documents/perso/AnisFlix/ios-natve/anisflix/Pods
    
    Using response file: /Users/aniskedidi/Library/Developer/Xcode/DerivedData/anisflix-hhqtjtgkehjzwhfmetqsazeobjhe/Build/Intermediates.noindex/Pods.build/Debug-iphoneos/GCDWebServer.build/Objects-normal/arm64/e6072d4f65d7061329687fe24e3d63a7-common-args.resp
    
    builtin-ScanDependencies -o /Users/aniskedidi/Library/Developer/Xcode/DerivedData/anisflix-hhqtjtgkehjzwhfmetqsazeobjhe/Build/Intermediates.noindex/Pods.build/Debug-iphoneos/GCDWebServer.build/Objects-normal/arm64/GCDWebServerResponse.o.scan -- /Applications/Xcode.app/Contents/Developer/Toolchains/XcodeDefault.xctoolchain/usr/bin/clang -x objective-c -ivfsstatcache /Users/aniskedidi/Library/Developer/Xcode/DerivedData/SDKStatCaches.noindex/iphoneos26.5-23F81a-32daed1954a7d5dd0789fcaf2a9bb78b.sdkstatcache -target arm64-apple-ios16.0 -fmessage-length\=0 -fdiagnostics-show-note-include-stack -fmacro-backtrace-limit\=0 -fno-color-diagnostics -fmodules-prune-interval\=86400 -fmodules-prune-after\=345600 -fbuild-session-file\=/Users/aniskedidi/Library/Developer/Xcode/DerivedData/ModuleCache.noindex/Session.modulevalidation -fmodules-validate-once-per-build-session -Wnon-modular-include-in-framework-module -Werror\=non-modular-include-in-framework-module -Wno-trigraphs -Wno-missing-field-initializers -Wno-missing-prototypes -Werror\=return-type -Wdocumentation -Wunreachable-code -Wno-implicit-atomic-properties -Werror\=deprecated-objc-isa-usage -Wno-objc-interface-ivars -Werror\=objc-root-class -Wno-arc-repeated-use-of-weak -Wimplicit-retain-self -Wduplicate-method-match -Wno-missing-braces -Wparentheses -Wswitch -Wunused-function -Wno-unused-label -Wno-unused-parameter -Wunused-variable -Wunused-value -Wempty-body -Wuninitialized -Wconditional-uninitialized -Wno-unknown-pragmas -Wno-shadow -Wno-four-char-constants -Wno-conversion -Wconstant-conversion -Wint-conversion -Wbool-conversion -Wenum-conversion -Wno-float-conversion -Wnon-literal-null-conversion -Wobjc-literal-conversion -Wshorten-64-to-32 -Wpointer-sign -Wno-newline-eof -Wno-selector -Wno-strict-selector-match -Wundeclared-selector -Wdeprecated-implementations -Wno-implicit-fallthrough -isysroot /Applications/Xcode.app/Contents/Developer/Platforms/iPhoneOS.platform/Developer/SDKs/iPhoneOS26.5.sdk -fstrict-aliasing -Wprotocol -Wdeprecated-declarations -Wno-sign-conversion -Winfinite-recursion -Wcomma -Wblock-capture-autoreleasing -Wstrict-prototypes -Wno-semicolon-before-method-body -Wunguarded-availability -index-store-path /Users/aniskedidi/Library/Developer/Xcode/DerivedData/anisflix-hhqtjtgkehjzwhfmetqsazeobjhe/Index.noindex/DataStore @/Users/aniskedidi/Library/Developer/Xcode/DerivedData/anisflix-hhqtjtgkehjzwhfmetqsazeobjhe/Build/Intermediates.noindex/Pods.build/Debug-iphoneos/GCDWebServer.build/Objects-normal/arm64/e6072d4f65d7061329687fe24e3d63a7-common-args.resp -include /Users/aniskedidi/Documents/perso/AnisFlix/ios-natve/anisflix/Pods/Target\ Support\ Files/GCDWebServer/GCDWebServer-prefix.pch -MMD -MT dependencies -MF /Users/aniskedidi/Library/Developer/Xcode/DerivedData/anisflix-hhqtjtgkehjzwhfmetqsazeobjhe/Build/Intermediates.noindex/Pods.build/Debug-iphoneos/GCDWebServer.build/Objects-normal/arm64/GCDWebServerResponse.d --serialize-diagnostics /Users/aniskedidi/Library/Developer/Xcode/DerivedData/anisflix-hhqtjtgkehjzwhfmetqsazeobjhe/Build/Intermediates.noindex/Pods.build/Debug-iphoneos/GCDWebServer.build/Objects-normal/arm64/GCDWebServerResponse.dia -c /Users/aniskedidi/Documents/perso/AnisFlix/ios-natve/anisflix/Pods/GCDWebServer/GCDWebServer/Core/GCDWebServerResponse.m -o /Users/aniskedidi/Library/Developer/Xcode/DerivedData/anisflix-hhqtjtgkehjzwhfmetqsazeobjhe/Build/Intermediates.noindex/Pods.build/Debug-iphoneos/GCDWebServer.build/Objects-normal/arm64/GCDWebServerResponse.o -index-unit-output-path /Pods.build/Debug-iphoneos/GCDWebServer.build/Objects-normal/arm64/GCDWebServerResponse.o

ScanDependencies /Users/aniskedidi/Library/Developer/Xcode/DerivedData/anisflix-hhqtjtgkehjzwhfmetqsazeobjhe/Build/Intermediates.noindex/Pods.build/Debug-iphoneos/GCDWebServer.build/Objects-normal/arm64/GCDWebServerRequest.o /Users/aniskedidi/Documents/perso/AnisFlix/ios-natve/anisflix/Pods/GCDWebServer/GCDWebServer/Core/GCDWebServerRequest.m normal arm64 objective-c com.apple.compilers.llvm.clang.1_0.compiler (in target 'GCDWebServer' from project 'Pods')
    cd /Users/aniskedidi/Documents/perso/AnisFlix/ios-natve/anisflix/Pods
    
    Using response file: /Users/aniskedidi/Library/Developer/Xcode/DerivedData/anisflix-hhqtjtgkehjzwhfmetqsazeobjhe/Build/Intermediates.noindex/Pods.build/Debug-iphoneos/GCDWebServer.build/Objects-normal/arm64/e6072d4f65d7061329687fe24e3d63a7-common-args.resp
    
    builtin-ScanDependencies -o /Users/aniskedidi/Library/Developer/Xcode/DerivedData/anisflix-hhqtjtgkehjzwhfmetqsazeobjhe/Build/Intermediates.noindex/Pods.build/Debug-iphoneos/GCDWebServer.build/Objects-normal/arm64/GCDWebServerRequest.o.scan -- /Applications/Xcode.app/Contents/Developer/Toolchains/XcodeDefault.xctoolchain/usr/bin/clang -x objective-c -ivfsstatcache /Users/aniskedidi/Library/Developer/Xcode/DerivedData/SDKStatCaches.noindex/iphoneos26.5-23F81a-32daed1954a7d5dd0789fcaf2a9bb78b.sdkstatcache -target arm64-apple-ios16.0 -fmessage-length\=0 -fdiagnostics-show-note-include-stack -fmacro-backtrace-limit\=0 -fno-color-diagnostics -fmodules-prune-interval\=86400 -fmodules-prune-after\=345600 -fbuild-session-file\=/Users/aniskedidi/Library/Developer/Xcode/DerivedData/ModuleCache.noindex/Session.modulevalidation -fmodules-validate-once-per-build-session -Wnon-modular-include-in-framework-module -Werror\=non-modular-include-in-framework-module -Wno-trigraphs -Wno-missing-field-initializers -Wno-missing-prototypes -Werror\=return-type -Wdocumentation -Wunreachable-code -Wno-implicit-atomic-properties -Werror\=deprecated-objc-isa-usage -Wno-objc-interface-ivars -Werror\=objc-root-class -Wno-arc-repeated-use-of-weak -Wimplicit-retain-self -Wduplicate-method-match -Wno-missing-braces -Wparentheses -Wswitch -Wunused-function -Wno-unused-label -Wno-unused-parameter -Wunused-variable -Wunused-value -Wempty-body -Wuninitialized -Wconditional-uninitialized -Wno-unknown-pragmas -Wno-shadow -Wno-four-char-constants -Wno-conversion -Wconstant-conversion -Wint-conversion -Wbool-conversion -Wenum-conversion -Wno-float-conversion -Wnon-literal-null-conversion -Wobjc-literal-conversion -Wshorten-64-to-32 -Wpointer-sign -Wno-newline-eof -Wno-selector -Wno-strict-selector-match -Wundeclared-selector -Wdeprecated-implementations -Wno-implicit-fallthrough -isysroot /Applications/Xcode.app/Contents/Developer/Platforms/iPhoneOS.platform/Developer/SDKs/iPhoneOS26.5.sdk -fstrict-aliasing -Wprotocol -Wdeprecated-declarations -Wno-sign-conversion -Winfinite-recursion -Wcomma -Wblock-capture-autoreleasing -Wstrict-prototypes -Wno-semicolon-before-method-body -Wunguarded-availability -index-store-path /Users/aniskedidi/Library/Developer/Xcode/DerivedData/anisflix-hhqtjtgkehjzwhfmetqsazeobjhe/Index.noindex/DataStore @/Users/aniskedidi/Library/Developer/Xcode/DerivedData/anisflix-hhqtjtgkehjzwhfmetqsazeobjhe/Build/Intermediates.noindex/Pods.build/Debug-iphoneos/GCDWebServer.build/Objects-normal/arm64/e6072d4f65d7061329687fe24e3d63a7-common-args.resp -include /Users/aniskedidi/Documents/perso/AnisFlix/ios-natve/anisflix/Pods/Target\ Support\ Files/GCDWebServer/GCDWebServer-prefix.pch -MMD -MT dependencies -MF /Users/aniskedidi/Library/Developer/Xcode/DerivedData/anisflix-hhqtjtgkehjzwhfmetqsazeobjhe/Build/Intermediates.noindex/Pods.build/Debug-iphoneos/GCDWebServer.build/Objects-normal/arm64/GCDWebServerRequest.d --serialize-diagnostics /Users/aniskedidi/Library/Developer/Xcode/DerivedData/anisflix-hhqtjtgkehjzwhfmetqsazeobjhe/Build/Intermediates.noindex/Pods.build/Debug-iphoneos/GCDWebServer.build/Objects-normal/arm64/GCDWebServerRequest.dia -c /Users/aniskedidi/Documents/perso/AnisFlix/ios-natve/anisflix/Pods/GCDWebServer/GCDWebServer/Core/GCDWebServerRequest.m -o /Users/aniskedidi/Library/Developer/Xcode/DerivedData/anisflix-hhqtjtgkehjzwhfmetqsazeobjhe/Build/Intermediates.noindex/Pods.build/Debug-iphoneos/GCDWebServer.build/Objects-normal/arm64/GCDWebServerRequest.o -index-unit-output-path /Pods.build/Debug-iphoneos/GCDWebServer.build/Objects-normal/arm64/GCDWebServerRequest.o

ScanDependencies /Users/aniskedidi/Library/Developer/Xcode/DerivedData/anisflix-hhqtjtgkehjzwhfmetqsazeobjhe/Build/Intermediates.noindex/Pods.build/Debug-iphoneos/GCDWebServer.build/Objects-normal/arm64/GCDWebServerMultiPartFormRequest.o /Users/aniskedidi/Documents/perso/AnisFlix/ios-natve/anisflix/Pods/GCDWebServer/GCDWebServer/Requests/GCDWebServerMultiPartFormRequest.m normal arm64 objective-c com.apple.compilers.llvm.clang.1_0.compiler (in target 'GCDWebServer' from project 'Pods')
    cd /Users/aniskedidi/Documents/perso/AnisFlix/ios-natve/anisflix/Pods
    
    Using response file: /Users/aniskedidi/Library/Developer/Xcode/DerivedData/anisflix-hhqtjtgkehjzwhfmetqsazeobjhe/Build/Intermediates.noindex/Pods.build/Debug-iphoneos/GCDWebServer.build/Objects-normal/arm64/e6072d4f65d7061329687fe24e3d63a7-common-args.resp
    
    builtin-ScanDependencies -o /Users/aniskedidi/Library/Developer/Xcode/DerivedData/anisflix-hhqtjtgkehjzwhfmetqsazeobjhe/Build/Intermediates.noindex/Pods.build/Debug-iphoneos/GCDWebServer.build/Objects-normal/arm64/GCDWebServerMultiPartFormRequest.o.scan -- /Applications/Xcode.app/Contents/Developer/Toolchains/XcodeDefault.xctoolchain/usr/bin/clang -x objective-c -ivfsstatcache /Users/aniskedidi/Library/Developer/Xcode/DerivedData/SDKStatCaches.noindex/iphoneos26.5-23F81a-32daed1954a7d5dd0789fcaf2a9bb78b.sdkstatcache -target arm64-apple-ios16.0 -fmessage-length\=0 -fdiagnostics-show-note-include-stack -fmacro-backtrace-limit\=0 -fno-color-diagnostics -fmodules-prune-interval\=86400 -fmodules-prune-after\=345600 -fbuild-session-file\=/Users/aniskedidi/Library/Developer/Xcode/DerivedData/ModuleCache.noindex/Session.modulevalidation -fmodules-validate-once-per-build-session -Wnon-modular-include-in-framework-module -Werror\=non-modular-include-in-framework-module -Wno-trigraphs -Wno-missing-field-initializers -Wno-missing-prototypes -Werror\=return-type -Wdocumentation -Wunreachable-code -Wno-implicit-atomic-properties -Werror\=deprecated-objc-isa-usage -Wno-objc-interface-ivars -Werror\=objc-root-class -Wno-arc-repeated-use-of-weak -Wimplicit-retain-self -Wduplicate-method-match -Wno-missing-braces -Wparentheses -Wswitch -Wunused-function -Wno-unused-label -Wno-unused-parameter -Wunused-variable -Wunused-value -Wempty-body -Wuninitialized -Wconditional-uninitialized -Wno-unknown-pragmas -Wno-shadow -Wno-four-char-constants -Wno-conversion -Wconstant-conversion -Wint-conversion -Wbool-conversion -Wenum-conversion -Wno-float-conversion -Wnon-literal-null-conversion -Wobjc-literal-conversion -Wshorten-64-to-32 -Wpointer-sign -Wno-newline-eof -Wno-selector -Wno-strict-selector-match -Wundeclared-selector -Wdeprecated-implementations -Wno-implicit-fallthrough -isysroot /Applications/Xcode.app/Contents/Developer/Platforms/iPhoneOS.platform/Developer/SDKs/iPhoneOS26.5.sdk -fstrict-aliasing -Wprotocol -Wdeprecated-declarations -Wno-sign-conversion -Winfinite-recursion -Wcomma -Wblock-capture-autoreleasing -Wstrict-prototypes -Wno-semicolon-before-method-body -Wunguarded-availability -index-store-path /Users/aniskedidi/Library/Developer/Xcode/DerivedData/anisflix-hhqtjtgkehjzwhfmetqsazeobjhe/Index.noindex/DataStore @/Users/aniskedidi/Library/Developer/Xcode/DerivedData/anisflix-hhqtjtgkehjzwhfmetqsazeobjhe/Build/Intermediates.noindex/Pods.build/Debug-iphoneos/GCDWebServer.build/Objects-normal/arm64/e6072d4f65d7061329687fe24e3d63a7-common-args.resp -include /Users/aniskedidi/Documents/perso/AnisFlix/ios-natve/anisflix/Pods/Target\ Support\ Files/GCDWebServer/GCDWebServer-prefix.pch -MMD -MT dependencies -MF /Users/aniskedidi/Library/Developer/Xcode/DerivedData/anisflix-hhqtjtgkehjzwhfmetqsazeobjhe/Build/Intermediates.noindex/Pods.build/Debug-iphoneos/GCDWebServer.build/Objects-normal/arm64/GCDWebServerMultiPartFormRequest.d --serialize-diagnostics /Users/aniskedidi/Library/Developer/Xcode/DerivedData/anisflix-hhqtjtgkehjzwhfmetqsazeobjhe/Build/Intermediates.noindex/Pods.build/Debug-iphoneos/GCDWebServer.build/Objects-normal/arm64/GCDWebServerMultiPartFormRequest.dia -c /Users/aniskedidi/Documents/perso/AnisFlix/ios-natve/anisflix/Pods/GCDWebServer/GCDWebServer/Requests/GCDWebServerMultiPartFormRequest.m -o /Users/aniskedidi/Library/Developer/Xcode/DerivedData/anisflix-hhqtjtgkehjzwhfmetqsazeobjhe/Build/Intermediates.noindex/Pods.build/Debug-iphoneos/GCDWebServer.build/Objects-normal/arm64/GCDWebServerMultiPartFormRequest.o -index-unit-output-path /Pods.build/Debug-iphoneos/GCDWebServer.build/Objects-normal/arm64/GCDWebServerMultiPartFormRequest.o

ScanDependencies /Users/aniskedidi/Library/Developer/Xcode/DerivedData/anisflix-hhqtjtgkehjzwhfmetqsazeobjhe/Build/Intermediates.noindex/Pods.build/Debug-iphoneos/GCDWebServer.build/Objects-normal/arm64/GCDWebServerFunctions.o /Users/aniskedidi/Documents/perso/AnisFlix/ios-natve/anisflix/Pods/GCDWebServer/GCDWebServer/Core/GCDWebServerFunctions.m normal arm64 objective-c com.apple.compilers.llvm.clang.1_0.compiler (in target 'GCDWebServer' from project 'Pods')
    cd /Users/aniskedidi/Documents/perso/AnisFlix/ios-natve/anisflix/Pods
    
    Using response file: /Users/aniskedidi/Library/Developer/Xcode/DerivedData/anisflix-hhqtjtgkehjzwhfmetqsazeobjhe/Build/Intermediates.noindex/Pods.build/Debug-iphoneos/GCDWebServer.build/Objects-normal/arm64/e6072d4f65d7061329687fe24e3d63a7-common-args.resp
    
    builtin-ScanDependencies -o /Users/aniskedidi/Library/Developer/Xcode/DerivedData/anisflix-hhqtjtgkehjzwhfmetqsazeobjhe/Build/Intermediates.noindex/Pods.build/Debug-iphoneos/GCDWebServer.build/Objects-normal/arm64/GCDWebServerFunctions.o.scan -- /Applications/Xcode.app/Contents/Developer/Toolchains/XcodeDefault.xctoolchain/usr/bin/clang -x objective-c -ivfsstatcache /Users/aniskedidi/Library/Developer/Xcode/DerivedData/SDKStatCaches.noindex/iphoneos26.5-23F81a-32daed1954a7d5dd0789fcaf2a9bb78b.sdkstatcache -target arm64-apple-ios16.0 -fmessage-length\=0 -fdiagnostics-show-note-include-stack -fmacro-backtrace-limit\=0 -fno-color-diagnostics -fmodules-prune-interval\=86400 -fmodules-prune-after\=345600 -fbuild-session-file\=/Users/aniskedidi/Library/Developer/Xcode/DerivedData/ModuleCache.noindex/Session.modulevalidation -fmodules-validate-once-per-build-session -Wnon-modular-include-in-framework-module -Werror\=non-modular-include-in-framework-module -Wno-trigraphs -Wno-missing-field-initializers -Wno-missing-prototypes -Werror\=return-type -Wdocumentation -Wunreachable-code -Wno-implicit-atomic-properties -Werror\=deprecated-objc-isa-usage -Wno-objc-interface-ivars -Werror\=objc-root-class -Wno-arc-repeated-use-of-weak -Wimplicit-retain-self -Wduplicate-method-match -Wno-missing-braces -Wparentheses -Wswitch -Wunused-function -Wno-unused-label -Wno-unused-parameter -Wunused-variable -Wunused-value -Wempty-body -Wuninitialized -Wconditional-uninitialized -Wno-unknown-pragmas -Wno-shadow -Wno-four-char-constants -Wno-conversion -Wconstant-conversion -Wint-conversion -Wbool-conversion -Wenum-conversion -Wno-float-conversion -Wnon-literal-null-conversion -Wobjc-literal-conversion -Wshorten-64-to-32 -Wpointer-sign -Wno-newline-eof -Wno-selector -Wno-strict-selector-match -Wundeclared-selector -Wdeprecated-implementations -Wno-implicit-fallthrough -isysroot /Applications/Xcode.app/Contents/Developer/Platforms/iPhoneOS.platform/Developer/SDKs/iPhoneOS26.5.sdk -fstrict-aliasing -Wprotocol -Wdeprecated-declarations -Wno-sign-conversion -Winfinite-recursion -Wcomma -Wblock-capture-autoreleasing -Wstrict-prototypes -Wno-semicolon-before-method-body -Wunguarded-availability -index-store-path /Users/aniskedidi/Library/Developer/Xcode/DerivedData/anisflix-hhqtjtgkehjzwhfmetqsazeobjhe/Index.noindex/DataStore @/Users/aniskedidi/Library/Developer/Xcode/DerivedData/anisflix-hhqtjtgkehjzwhfmetqsazeobjhe/Build/Intermediates.noindex/Pods.build/Debug-iphoneos/GCDWebServer.build/Objects-normal/arm64/e6072d4f65d7061329687fe24e3d63a7-common-args.resp -include /Users/aniskedidi/Documents/perso/AnisFlix/ios-natve/anisflix/Pods/Target\ Support\ Files/GCDWebServer/GCDWebServer-prefix.pch -MMD -MT dependencies -MF /Users/aniskedidi/Library/Developer/Xcode/DerivedData/anisflix-hhqtjtgkehjzwhfmetqsazeobjhe/Build/Intermediates.noindex/Pods.build/Debug-iphoneos/GCDWebServer.build/Objects-normal/arm64/GCDWebServerFunctions.d --serialize-diagnostics /Users/aniskedidi/Library/Developer/Xcode/DerivedData/anisflix-hhqtjtgkehjzwhfmetqsazeobjhe/Build/Intermediates.noindex/Pods.build/Debug-iphoneos/GCDWebServer.build/Objects-normal/arm64/GCDWebServerFunctions.dia -c /Users/aniskedidi/Documents/perso/AnisFlix/ios-natve/anisflix/Pods/GCDWebServer/GCDWebServer/Core/GCDWebServerFunctions.m -o /Users/aniskedidi/Library/Developer/Xcode/DerivedData/anisflix-hhqtjtgkehjzwhfmetqsazeobjhe/Build/Intermediates.noindex/Pods.build/Debug-iphoneos/GCDWebServer.build/Objects-normal/arm64/GCDWebServerFunctions.o -index-unit-output-path /Pods.build/Debug-iphoneos/GCDWebServer.build/Objects-normal/arm64/GCDWebServerFunctions.o

ScanDependencies /Users/aniskedidi/Library/Developer/Xcode/DerivedData/anisflix-hhqtjtgkehjzwhfmetqsazeobjhe/Build/Intermediates.noindex/Pods.build/Debug-iphoneos/GCDWebServer.build/Objects-normal/arm64/GCDWebServerFileResponse.o /Users/aniskedidi/Documents/perso/AnisFlix/ios-natve/anisflix/Pods/GCDWebServer/GCDWebServer/Responses/GCDWebServerFileResponse.m normal arm64 objective-c com.apple.compilers.llvm.clang.1_0.compiler (in target 'GCDWebServer' from project 'Pods')
    cd /Users/aniskedidi/Documents/perso/AnisFlix/ios-natve/anisflix/Pods
    
    Using response file: /Users/aniskedidi/Library/Developer/Xcode/DerivedData/anisflix-hhqtjtgkehjzwhfmetqsazeobjhe/Build/Intermediates.noindex/Pods.build/Debug-iphoneos/GCDWebServer.build/Objects-normal/arm64/e6072d4f65d7061329687fe24e3d63a7-common-args.resp
    
    builtin-ScanDependencies -o /Users/aniskedidi/Library/Developer/Xcode/DerivedData/anisflix-hhqtjtgkehjzwhfmetqsazeobjhe/Build/Intermediates.noindex/Pods.build/Debug-iphoneos/GCDWebServer.build/Objects-normal/arm64/GCDWebServerFileResponse.o.scan -- /Applications/Xcode.app/Contents/Developer/Toolchains/XcodeDefault.xctoolchain/usr/bin/clang -x objective-c -ivfsstatcache /Users/aniskedidi/Library/Developer/Xcode/DerivedData/SDKStatCaches.noindex/iphoneos26.5-23F81a-32daed1954a7d5dd0789fcaf2a9bb78b.sdkstatcache -target arm64-apple-ios16.0 -fmessage-length\=0 -fdiagnostics-show-note-include-stack -fmacro-backtrace-limit\=0 -fno-color-diagnostics -fmodules-prune-interval\=86400 -fmodules-prune-after\=345600 -fbuild-session-file\=/Users/aniskedidi/Library/Developer/Xcode/DerivedData/ModuleCache.noindex/Session.modulevalidation -fmodules-validate-once-per-build-session -Wnon-modular-include-in-framework-module -Werror\=non-modular-include-in-framework-module -Wno-trigraphs -Wno-missing-field-initializers -Wno-missing-prototypes -Werror\=return-type -Wdocumentation -Wunreachable-code -Wno-implicit-atomic-properties -Werror\=deprecated-objc-isa-usage -Wno-objc-interface-ivars -Werror\=objc-root-class -Wno-arc-repeated-use-of-weak -Wimplicit-retain-self -Wduplicate-method-match -Wno-missing-braces -Wparentheses -Wswitch -Wunused-function -Wno-unused-label -Wno-unused-parameter -Wunused-variable -Wunused-value -Wempty-body -Wuninitialized -Wconditional-uninitialized -Wno-unknown-pragmas -Wno-shadow -Wno-four-char-constants -Wno-conversion -Wconstant-conversion -Wint-conversion -Wbool-conversion -Wenum-conversion -Wno-float-conversion -Wnon-literal-null-conversion -Wobjc-literal-conversion -Wshorten-64-to-32 -Wpointer-sign -Wno-newline-eof -Wno-selector -Wno-strict-selector-match -Wundeclared-selector -Wdeprecated-implementations -Wno-implicit-fallthrough -isysroot /Applications/Xcode.app/Contents/Developer/Platforms/iPhoneOS.platform/Developer/SDKs/iPhoneOS26.5.sdk -fstrict-aliasing -Wprotocol -Wdeprecated-declarations -Wno-sign-conversion -Winfinite-recursion -Wcomma -Wblock-capture-autoreleasing -Wstrict-prototypes -Wno-semicolon-before-method-body -Wunguarded-availability -index-store-path /Users/aniskedidi/Library/Developer/Xcode/DerivedData/anisflix-hhqtjtgkehjzwhfmetqsazeobjhe/Index.noindex/DataStore @/Users/aniskedidi/Library/Developer/Xcode/DerivedData/anisflix-hhqtjtgkehjzwhfmetqsazeobjhe/Build/Intermediates.noindex/Pods.build/Debug-iphoneos/GCDWebServer.build/Objects-normal/arm64/e6072d4f65d7061329687fe24e3d63a7-common-args.resp -include /Users/aniskedidi/Documents/perso/AnisFlix/ios-natve/anisflix/Pods/Target\ Support\ Files/GCDWebServer/GCDWebServer-prefix.pch -MMD -MT dependencies -MF /Users/aniskedidi/Library/Developer/Xcode/DerivedData/anisflix-hhqtjtgkehjzwhfmetqsazeobjhe/Build/Intermediates.noindex/Pods.build/Debug-iphoneos/GCDWebServer.build/Objects-normal/arm64/GCDWebServerFileResponse.d --serialize-diagnostics /Users/aniskedidi/Library/Developer/Xcode/DerivedData/anisflix-hhqtjtgkehjzwhfmetqsazeobjhe/Build/Intermediates.noindex/Pods.build/Debug-iphoneos/GCDWebServer.build/Objects-normal/arm64/GCDWebServerFileResponse.dia -c /Users/aniskedidi/Documents/perso/AnisFlix/ios-natve/anisflix/Pods/GCDWebServer/GCDWebServer/Responses/GCDWebServerFileResponse.m -o /Users/aniskedidi/Library/Developer/Xcode/DerivedData/anisflix-hhqtjtgkehjzwhfmetqsazeobjhe/Build/Intermediates.noindex/Pods.build/Debug-iphoneos/GCDWebServer.build/Objects-normal/arm64/GCDWebServerFileResponse.o -index-unit-output-path /Pods.build/Debug-iphoneos/GCDWebServer.build/Objects-normal/arm64/GCDWebServerFileResponse.o

CompileC /Users/aniskedidi/Library/Developer/Xcode/DerivedData/anisflix-hhqtjtgkehjzwhfmetqsazeobjhe/Build/Intermediates.noindex/Pods.build/Debug-iphoneos/GCDWebServer.build/Objects-normal/arm64/GCDWebServer_vers.o /Users/aniskedidi/Library/Developer/Xcode/DerivedData/anisflix-hhqtjtgkehjzwhfmetqsazeobjhe/Build/Intermediates.noindex/Pods.build/Debug-iphoneos/GCDWebServer.build/DerivedSources/GCDWebServer_vers.c normal arm64 c com.apple.compilers.llvm.clang.1_0.compiler (in target 'GCDWebServer' from project 'Pods')
    cd /Users/aniskedidi/Documents/perso/AnisFlix/ios-natve/anisflix/Pods
    
    Using response file: /Users/aniskedidi/Library/Developer/Xcode/DerivedData/anisflix-hhqtjtgkehjzwhfmetqsazeobjhe/Build/Intermediates.noindex/Pods.build/Debug-iphoneos/GCDWebServer.build/Objects-normal/arm64/7187679823f38a2a940e0043cdf9d637-common-args.resp
    
    /Applications/Xcode.app/Contents/Developer/Toolchains/XcodeDefault.xctoolchain/usr/bin/clang -x c -ivfsstatcache /Users/aniskedidi/Library/Developer/Xcode/DerivedData/SDKStatCaches.noindex/iphoneos26.5-23F81a-32daed1954a7d5dd0789fcaf2a9bb78b.sdkstatcache -target arm64-apple-ios16.0 -fmessage-length\=0 -fdiagnostics-show-note-include-stack -fmacro-backtrace-limit\=0 -fno-color-diagnostics -fmodules-prune-interval\=86400 -fmodules-prune-after\=345600 -fbuild-session-file\=/Users/aniskedidi/Library/Developer/Xcode/DerivedData/ModuleCache.noindex/Session.modulevalidation -fmodules-validate-once-per-build-session -Wnon-modular-include-in-framework-module -Werror\=non-modular-include-in-framework-module -Wno-trigraphs -Wno-missing-field-initializers -Wno-missing-prototypes -Werror\=return-type -Wdocumentation -Wunreachable-code -Werror\=deprecated-objc-isa-usage -Werror\=objc-root-class -Wno-missing-braces -Wparentheses -Wswitch -Wunused-function -Wno-unused-label -Wno-unused-parameter -Wunused-variable -Wunused-value -Wempty-body -Wuninitialized -Wconditional-uninitialized -Wno-unknown-pragmas -Wno-shadow -Wno-four-char-constants -Wno-conversion -Wconstant-conversion -Wint-conversion -Wbool-conversion -Wenum-conversion -Wno-float-conversion -Wnon-literal-null-conversion -Wobjc-literal-conversion -Wshorten-64-to-32 -Wpointer-sign -Wno-newline-eof -Wno-implicit-fallthrough -isysroot /Applications/Xcode.app/Contents/Developer/Platforms/iPhoneOS.platform/Developer/SDKs/iPhoneOS26.5.sdk -fstrict-aliasing -Wdeprecated-declarations -Wno-sign-conversion -Winfinite-recursion -Wcomma -Wblock-capture-autoreleasing -Wstrict-prototypes -Wno-semicolon-before-method-body -Wunguarded-availability -index-store-path /Users/aniskedidi/Library/Developer/Xcode/DerivedData/anisflix-hhqtjtgkehjzwhfmetqsazeobjhe/Index.noindex/DataStore @/Users/aniskedidi/Library/Developer/Xcode/DerivedData/anisflix-hhqtjtgkehjzwhfmetqsazeobjhe/Build/Intermediates.noindex/Pods.build/Debug-iphoneos/GCDWebServer.build/Objects-normal/arm64/7187679823f38a2a940e0043cdf9d637-common-args.resp -MMD -MT dependencies -MF /Users/aniskedidi/Library/Developer/Xcode/DerivedData/anisflix-hhqtjtgkehjzwhfmetqsazeobjhe/Build/Intermediates.noindex/Pods.build/Debug-iphoneos/GCDWebServer.build/Objects-normal/arm64/GCDWebServer_vers.d --serialize-diagnostics /Users/aniskedidi/Library/Developer/Xcode/DerivedData/anisflix-hhqtjtgkehjzwhfmetqsazeobjhe/Build/Intermediates.noindex/Pods.build/Debug-iphoneos/GCDWebServer.build/Objects-normal/arm64/GCDWebServer_vers.dia -c /Users/aniskedidi/Library/Developer/Xcode/DerivedData/anisflix-hhqtjtgkehjzwhfmetqsazeobjhe/Build/Intermediates.noindex/Pods.build/Debug-iphoneos/GCDWebServer.build/DerivedSources/GCDWebServer_vers.c -o /Users/aniskedidi/Library/Developer/Xcode/DerivedData/anisflix-hhqtjtgkehjzwhfmetqsazeobjhe/Build/Intermediates.noindex/Pods.build/Debug-iphoneos/GCDWebServer.build/Objects-normal/arm64/GCDWebServer_vers.o -index-unit-output-path /Pods.build/Debug-iphoneos/GCDWebServer.build/Objects-normal/arm64/GCDWebServer_vers.o

ScanDependencies /Users/aniskedidi/Library/Developer/Xcode/DerivedData/anisflix-hhqtjtgkehjzwhfmetqsazeobjhe/Build/Intermediates.noindex/Pods.build/Debug-iphoneos/GCDWebServer.build/Objects-normal/arm64/GCDWebServerFileRequest.o /Users/aniskedidi/Documents/perso/AnisFlix/ios-natve/anisflix/Pods/GCDWebServer/GCDWebServer/Requests/GCDWebServerFileRequest.m normal arm64 objective-c com.apple.compilers.llvm.clang.1_0.compiler (in target 'GCDWebServer' from project 'Pods')
    cd /Users/aniskedidi/Documents/perso/AnisFlix/ios-natve/anisflix/Pods
    
    Using response file: /Users/aniskedidi/Library/Developer/Xcode/DerivedData/anisflix-hhqtjtgkehjzwhfmetqsazeobjhe/Build/Intermediates.noindex/Pods.build/Debug-iphoneos/GCDWebServer.build/Objects-normal/arm64/e6072d4f65d7061329687fe24e3d63a7-common-args.resp
    
    builtin-ScanDependencies -o /Users/aniskedidi/Library/Developer/Xcode/DerivedData/anisflix-hhqtjtgkehjzwhfmetqsazeobjhe/Build/Intermediates.noindex/Pods.build/Debug-iphoneos/GCDWebServer.build/Objects-normal/arm64/GCDWebServerFileRequest.o.scan -- /Applications/Xcode.app/Contents/Developer/Toolchains/XcodeDefault.xctoolchain/usr/bin/clang -x objective-c -ivfsstatcache /Users/aniskedidi/Library/Developer/Xcode/DerivedData/SDKStatCaches.noindex/iphoneos26.5-23F81a-32daed1954a7d5dd0789fcaf2a9bb78b.sdkstatcache -target arm64-apple-ios16.0 -fmessage-length\=0 -fdiagnostics-show-note-include-stack -fmacro-backtrace-limit\=0 -fno-color-diagnostics -fmodules-prune-interval\=86400 -fmodules-prune-after\=345600 -fbuild-session-file\=/Users/aniskedidi/Library/Developer/Xcode/DerivedData/ModuleCache.noindex/Session.modulevalidation -fmodules-validate-once-per-build-session -Wnon-modular-include-in-framework-module -Werror\=non-modular-include-in-framework-module -Wno-trigraphs -Wno-missing-field-initializers -Wno-missing-prototypes -Werror\=return-type -Wdocumentation -Wunreachable-code -Wno-implicit-atomic-properties -Werror\=deprecated-objc-isa-usage -Wno-objc-interface-ivars -Werror\=objc-root-class -Wno-arc-repeated-use-of-weak -Wimplicit-retain-self -Wduplicate-method-match -Wno-missing-braces -Wparentheses -Wswitch -Wunused-function -Wno-unused-label -Wno-unused-parameter -Wunused-variable -Wunused-value -Wempty-body -Wuninitialized -Wconditional-uninitialized -Wno-unknown-pragmas -Wno-shadow -Wno-four-char-constants -Wno-conversion -Wconstant-conversion -Wint-conversion -Wbool-conversion -Wenum-conversion -Wno-float-conversion -Wnon-literal-null-conversion -Wobjc-literal-conversion -Wshorten-64-to-32 -Wpointer-sign -Wno-newline-eof -Wno-selector -Wno-strict-selector-match -Wundeclared-selector -Wdeprecated-implementations -Wno-implicit-fallthrough -isysroot /Applications/Xcode.app/Contents/Developer/Platforms/iPhoneOS.platform/Developer/SDKs/iPhoneOS26.5.sdk -fstrict-aliasing -Wprotocol -Wdeprecated-declarations -Wno-sign-conversion -Winfinite-recursion -Wcomma -Wblock-capture-autoreleasing -Wstrict-prototypes -Wno-semicolon-before-method-body -Wunguarded-availability -index-store-path /Users/aniskedidi/Library/Developer/Xcode/DerivedData/anisflix-hhqtjtgkehjzwhfmetqsazeobjhe/Index.noindex/DataStore @/Users/aniskedidi/Library/Developer/Xcode/DerivedData/anisflix-hhqtjtgkehjzwhfmetqsazeobjhe/Build/Intermediates.noindex/Pods.build/Debug-iphoneos/GCDWebServer.build/Objects-normal/arm64/e6072d4f65d7061329687fe24e3d63a7-common-args.resp -include /Users/aniskedidi/Documents/perso/AnisFlix/ios-natve/anisflix/Pods/Target\ Support\ Files/GCDWebServer/GCDWebServer-prefix.pch -MMD -MT dependencies -MF /Users/aniskedidi/Library/Developer/Xcode/DerivedData/anisflix-hhqtjtgkehjzwhfmetqsazeobjhe/Build/Intermediates.noindex/Pods.build/Debug-iphoneos/GCDWebServer.build/Objects-normal/arm64/GCDWebServerFileRequest.d --serialize-diagnostics /Users/aniskedidi/Library/Developer/Xcode/DerivedData/anisflix-hhqtjtgkehjzwhfmetqsazeobjhe/Build/Intermediates.noindex/Pods.build/Debug-iphoneos/GCDWebServer.build/Objects-normal/arm64/GCDWebServerFileRequest.dia -c /Users/aniskedidi/Documents/perso/AnisFlix/ios-natve/anisflix/Pods/GCDWebServer/GCDWebServer/Requests/GCDWebServerFileRequest.m -o /Users/aniskedidi/Library/Developer/Xcode/DerivedData/anisflix-hhqtjtgkehjzwhfmetqsazeobjhe/Build/Intermediates.noindex/Pods.build/Debug-iphoneos/GCDWebServer.build/Objects-normal/arm64/GCDWebServerFileRequest.o -index-unit-output-path /Pods.build/Debug-iphoneos/GCDWebServer.build/Objects-normal/arm64/GCDWebServerFileRequest.o

ScanDependencies /Users/aniskedidi/Library/Developer/Xcode/DerivedData/anisflix-hhqtjtgkehjzwhfmetqsazeobjhe/Build/Intermediates.noindex/Pods.build/Debug-iphoneos/GCDWebServer.build/Objects-normal/arm64/GCDWebServerErrorResponse.o /Users/aniskedidi/Documents/perso/AnisFlix/ios-natve/anisflix/Pods/GCDWebServer/GCDWebServer/Responses/GCDWebServerErrorResponse.m normal arm64 objective-c com.apple.compilers.llvm.clang.1_0.compiler (in target 'GCDWebServer' from project 'Pods')
    cd /Users/aniskedidi/Documents/perso/AnisFlix/ios-natve/anisflix/Pods
    
    Using response file: /Users/aniskedidi/Library/Developer/Xcode/DerivedData/anisflix-hhqtjtgkehjzwhfmetqsazeobjhe/Build/Intermediates.noindex/Pods.build/Debug-iphoneos/GCDWebServer.build/Objects-normal/arm64/e6072d4f65d7061329687fe24e3d63a7-common-args.resp
    
    builtin-ScanDependencies -o /Users/aniskedidi/Library/Developer/Xcode/DerivedData/anisflix-hhqtjtgkehjzwhfmetqsazeobjhe/Build/Intermediates.noindex/Pods.build/Debug-iphoneos/GCDWebServer.build/Objects-normal/arm64/GCDWebServerErrorResponse.o.scan -- /Applications/Xcode.app/Contents/Developer/Toolchains/XcodeDefault.xctoolchain/usr/bin/clang -x objective-c -ivfsstatcache /Users/aniskedidi/Library/Developer/Xcode/DerivedData/SDKStatCaches.noindex/iphoneos26.5-23F81a-32daed1954a7d5dd0789fcaf2a9bb78b.sdkstatcache -target arm64-apple-ios16.0 -fmessage-length\=0 -fdiagnostics-show-note-include-stack -fmacro-backtrace-limit\=0 -fno-color-diagnostics -fmodules-prune-interval\=86400 -fmodules-prune-after\=345600 -fbuild-session-file\=/Users/aniskedidi/Library/Developer/Xcode/DerivedData/ModuleCache.noindex/Session.modulevalidation -fmodules-validate-once-per-build-session -Wnon-modular-include-in-framework-module -Werror\=non-modular-include-in-framework-module -Wno-trigraphs -Wno-missing-field-initializers -Wno-missing-prototypes -Werror\=return-type -Wdocumentation -Wunreachable-code -Wno-implicit-atomic-properties -Werror\=deprecated-objc-isa-usage -Wno-objc-interface-ivars -Werror\=objc-root-class -Wno-arc-repeated-use-of-weak -Wimplicit-retain-self -Wduplicate-method-match -Wno-missing-braces -Wparentheses -Wswitch -Wunused-function -Wno-unused-label -Wno-unused-parameter -Wunused-variable -Wunused-value -Wempty-body -Wuninitialized -Wconditional-uninitialized -Wno-unknown-pragmas -Wno-shadow -Wno-four-char-constants -Wno-conversion -Wconstant-conversion -Wint-conversion -Wbool-conversion -Wenum-conversion -Wno-float-conversion -Wnon-literal-null-conversion -Wobjc-literal-conversion -Wshorten-64-to-32 -Wpointer-sign -Wno-newline-eof -Wno-selector -Wno-strict-selector-match -Wundeclared-selector -Wdeprecated-implementations -Wno-implicit-fallthrough -isysroot /Applications/Xcode.app/Contents/Developer/Platforms/iPhoneOS.platform/Developer/SDKs/iPhoneOS26.5.sdk -fstrict-aliasing -Wprotocol -Wdeprecated-declarations -Wno-sign-conversion -Winfinite-recursion -Wcomma -Wblock-capture-autoreleasing -Wstrict-prototypes -Wno-semicolon-before-method-body -Wunguarded-availability -index-store-path /Users/aniskedidi/Library/Developer/Xcode/DerivedData/anisflix-hhqtjtgkehjzwhfmetqsazeobjhe/Index.noindex/DataStore @/Users/aniskedidi/Library/Developer/Xcode/DerivedData/anisflix-hhqtjtgkehjzwhfmetqsazeobjhe/Build/Intermediates.noindex/Pods.build/Debug-iphoneos/GCDWebServer.build/Objects-normal/arm64/e6072d4f65d7061329687fe24e3d63a7-common-args.resp -include /Users/aniskedidi/Documents/perso/AnisFlix/ios-natve/anisflix/Pods/Target\ Support\ Files/GCDWebServer/GCDWebServer-prefix.pch -MMD -MT dependencies -MF /Users/aniskedidi/Library/Developer/Xcode/DerivedData/anisflix-hhqtjtgkehjzwhfmetqsazeobjhe/Build/Intermediates.noindex/Pods.build/Debug-iphoneos/GCDWebServer.build/Objects-normal/arm64/GCDWebServerErrorResponse.d --serialize-diagnostics /Users/aniskedidi/Library/Developer/Xcode/DerivedData/anisflix-hhqtjtgkehjzwhfmetqsazeobjhe/Build/Intermediates.noindex/Pods.build/Debug-iphoneos/GCDWebServer.build/Objects-normal/arm64/GCDWebServerErrorResponse.dia -c /Users/aniskedidi/Documents/perso/AnisFlix/ios-natve/anisflix/Pods/GCDWebServer/GCDWebServer/Responses/GCDWebServerErrorResponse.m -o /Users/aniskedidi/Library/Developer/Xcode/DerivedData/anisflix-hhqtjtgkehjzwhfmetqsazeobjhe/Build/Intermediates.noindex/Pods.build/Debug-iphoneos/GCDWebServer.build/Objects-normal/arm64/GCDWebServerErrorResponse.o -index-unit-output-path /Pods.build/Debug-iphoneos/GCDWebServer.build/Objects-normal/arm64/GCDWebServerErrorResponse.o

ScanDependencies /Users/aniskedidi/Library/Developer/Xcode/DerivedData/anisflix-hhqtjtgkehjzwhfmetqsazeobjhe/Build/Intermediates.noindex/Pods.build/Debug-iphoneos/GCDWebServer.build/Objects-normal/arm64/GCDWebServerDataResponse.o /Users/aniskedidi/Documents/perso/AnisFlix/ios-natve/anisflix/Pods/GCDWebServer/GCDWebServer/Responses/GCDWebServerDataResponse.m normal arm64 objective-c com.apple.compilers.llvm.clang.1_0.compiler (in target 'GCDWebServer' from project 'Pods')
    cd /Users/aniskedidi/Documents/perso/AnisFlix/ios-natve/anisflix/Pods
    
    Using response file: /Users/aniskedidi/Library/Developer/Xcode/DerivedData/anisflix-hhqtjtgkehjzwhfmetqsazeobjhe/Build/Intermediates.noindex/Pods.build/Debug-iphoneos/GCDWebServer.build/Objects-normal/arm64/e6072d4f65d7061329687fe24e3d63a7-common-args.resp
    
    builtin-ScanDependencies -o /Users/aniskedidi/Library/Developer/Xcode/DerivedData/anisflix-hhqtjtgkehjzwhfmetqsazeobjhe/Build/Intermediates.noindex/Pods.build/Debug-iphoneos/GCDWebServer.build/Objects-normal/arm64/GCDWebServerDataResponse.o.scan -- /Applications/Xcode.app/Contents/Developer/Toolchains/XcodeDefault.xctoolchain/usr/bin/clang -x objective-c -ivfsstatcache /Users/aniskedidi/Library/Developer/Xcode/DerivedData/SDKStatCaches.noindex/iphoneos26.5-23F81a-32daed1954a7d5dd0789fcaf2a9bb78b.sdkstatcache -target arm64-apple-ios16.0 -fmessage-length\=0 -fdiagnostics-show-note-include-stack -fmacro-backtrace-limit\=0 -fno-color-diagnostics -fmodules-prune-interval\=86400 -fmodules-prune-after\=345600 -fbuild-session-file\=/Users/aniskedidi/Library/Developer/Xcode/DerivedData/ModuleCache.noindex/Session.modulevalidation -fmodules-validate-once-per-build-session -Wnon-modular-include-in-framework-module -Werror\=non-modular-include-in-framework-module -Wno-trigraphs -Wno-missing-field-initializers -Wno-missing-prototypes -Werror\=return-type -Wdocumentation -Wunreachable-code -Wno-implicit-atomic-properties -Werror\=deprecated-objc-isa-usage -Wno-objc-interface-ivars -Werror\=objc-root-class -Wno-arc-repeated-use-of-weak -Wimplicit-retain-self -Wduplicate-method-match -Wno-missing-braces -Wparentheses -Wswitch -Wunused-function -Wno-unused-label -Wno-unused-parameter -Wunused-variable -Wunused-value -Wempty-body -Wuninitialized -Wconditional-uninitialized -Wno-unknown-pragmas -Wno-shadow -Wno-four-char-constants -Wno-conversion -Wconstant-conversion -Wint-conversion -Wbool-conversion -Wenum-conversion -Wno-float-conversion -Wnon-literal-null-conversion -Wobjc-literal-conversion -Wshorten-64-to-32 -Wpointer-sign -Wno-newline-eof -Wno-selector -Wno-strict-selector-match -Wundeclared-selector -Wdeprecated-implementations -Wno-implicit-fallthrough -isysroot /Applications/Xcode.app/Contents/Developer/Platforms/iPhoneOS.platform/Developer/SDKs/iPhoneOS26.5.sdk -fstrict-aliasing -Wprotocol -Wdeprecated-declarations -Wno-sign-conversion -Winfinite-recursion -Wcomma -Wblock-capture-autoreleasing -Wstrict-prototypes -Wno-semicolon-before-method-body -Wunguarded-availability -index-store-path /Users/aniskedidi/Library/Developer/Xcode/DerivedData/anisflix-hhqtjtgkehjzwhfmetqsazeobjhe/Index.noindex/DataStore @/Users/aniskedidi/Library/Developer/Xcode/DerivedData/anisflix-hhqtjtgkehjzwhfmetqsazeobjhe/Build/Intermediates.noindex/Pods.build/Debug-iphoneos/GCDWebServer.build/Objects-normal/arm64/e6072d4f65d7061329687fe24e3d63a7-common-args.resp -include /Users/aniskedidi/Documents/perso/AnisFlix/ios-natve/anisflix/Pods/Target\ Support\ Files/GCDWebServer/GCDWebServer-prefix.pch -MMD -MT dependencies -MF /Users/aniskedidi/Library/Developer/Xcode/DerivedData/anisflix-hhqtjtgkehjzwhfmetqsazeobjhe/Build/Intermediates.noindex/Pods.build/Debug-iphoneos/GCDWebServer.build/Objects-normal/arm64/GCDWebServerDataResponse.d --serialize-diagnostics /Users/aniskedidi/Library/Developer/Xcode/DerivedData/anisflix-hhqtjtgkehjzwhfmetqsazeobjhe/Build/Intermediates.noindex/Pods.build/Debug-iphoneos/GCDWebServer.build/Objects-normal/arm64/GCDWebServerDataResponse.dia -c /Users/aniskedidi/Documents/perso/AnisFlix/ios-natve/anisflix/Pods/GCDWebServer/GCDWebServer/Responses/GCDWebServerDataResponse.m -o /Users/aniskedidi/Library/Developer/Xcode/DerivedData/anisflix-hhqtjtgkehjzwhfmetqsazeobjhe/Build/Intermediates.noindex/Pods.build/Debug-iphoneos/GCDWebServer.build/Objects-normal/arm64/GCDWebServerDataResponse.o -index-unit-output-path /Pods.build/Debug-iphoneos/GCDWebServer.build/Objects-normal/arm64/GCDWebServerDataResponse.o

ScanDependencies /Users/aniskedidi/Library/Developer/Xcode/DerivedData/anisflix-hhqtjtgkehjzwhfmetqsazeobjhe/Build/Intermediates.noindex/Pods.build/Debug-iphoneos/GCDWebServer.build/Objects-normal/arm64/GCDWebServerDataRequest.o /Users/aniskedidi/Documents/perso/AnisFlix/ios-natve/anisflix/Pods/GCDWebServer/GCDWebServer/Requests/GCDWebServerDataRequest.m normal arm64 objective-c com.apple.compilers.llvm.clang.1_0.compiler (in target 'GCDWebServer' from project 'Pods')
    cd /Users/aniskedidi/Documents/perso/AnisFlix/ios-natve/anisflix/Pods
    
    Using response file: /Users/aniskedidi/Library/Developer/Xcode/DerivedData/anisflix-hhqtjtgkehjzwhfmetqsazeobjhe/Build/Intermediates.noindex/Pods.build/Debug-iphoneos/GCDWebServer.build/Objects-normal/arm64/e6072d4f65d7061329687fe24e3d63a7-common-args.resp
    
    builtin-ScanDependencies -o /Users/aniskedidi/Library/Developer/Xcode/DerivedData/anisflix-hhqtjtgkehjzwhfmetqsazeobjhe/Build/Intermediates.noindex/Pods.build/Debug-iphoneos/GCDWebServer.build/Objects-normal/arm64/GCDWebServerDataRequest.o.scan -- /Applications/Xcode.app/Contents/Developer/Toolchains/XcodeDefault.xctoolchain/usr/bin/clang -x objective-c -ivfsstatcache /Users/aniskedidi/Library/Developer/Xcode/DerivedData/SDKStatCaches.noindex/iphoneos26.5-23F81a-32daed1954a7d5dd0789fcaf2a9bb78b.sdkstatcache -target arm64-apple-ios16.0 -fmessage-length\=0 -fdiagnostics-show-note-include-stack -fmacro-backtrace-limit\=0 -fno-color-diagnostics -fmodules-prune-interval\=86400 -fmodules-prune-after\=345600 -fbuild-session-file\=/Users/aniskedidi/Library/Developer/Xcode/DerivedData/ModuleCache.noindex/Session.modulevalidation -fmodules-validate-once-per-build-session -Wnon-modular-include-in-framework-module -Werror\=non-modular-include-in-framework-module -Wno-trigraphs -Wno-missing-field-initializers -Wno-missing-prototypes -Werror\=return-type -Wdocumentation -Wunreachable-code -Wno-implicit-atomic-properties -Werror\=deprecated-objc-isa-usage -Wno-objc-interface-ivars -Werror\=objc-root-class -Wno-arc-repeated-use-of-weak -Wimplicit-retain-self -Wduplicate-method-match -Wno-missing-braces -Wparentheses -Wswitch -Wunused-function -Wno-unused-label -Wno-unused-parameter -Wunused-variable -Wunused-value -Wempty-body -Wuninitialized -Wconditional-uninitialized -Wno-unknown-pragmas -Wno-shadow -Wno-four-char-constants -Wno-conversion -Wconstant-conversion -Wint-conversion -Wbool-conversion -Wenum-conversion -Wno-float-conversion -Wnon-literal-null-conversion -Wobjc-literal-conversion -Wshorten-64-to-32 -Wpointer-sign -Wno-newline-eof -Wno-selector -Wno-strict-selector-match -Wundeclared-selector -Wdeprecated-implementations -Wno-implicit-fallthrough -isysroot /Applications/Xcode.app/Contents/Developer/Platforms/iPhoneOS.platform/Developer/SDKs/iPhoneOS26.5.sdk -fstrict-aliasing -Wprotocol -Wdeprecated-declarations -Wno-sign-conversion -Winfinite-recursion -Wcomma -Wblock-capture-autoreleasing -Wstrict-prototypes -Wno-semicolon-before-method-body -Wunguarded-availability -index-store-path /Users/aniskedidi/Library/Developer/Xcode/DerivedData/anisflix-hhqtjtgkehjzwhfmetqsazeobjhe/Index.noindex/DataStore @/Users/aniskedidi/Library/Developer/Xcode/DerivedData/anisflix-hhqtjtgkehjzwhfmetqsazeobjhe/Build/Intermediates.noindex/Pods.build/Debug-iphoneos/GCDWebServer.build/Objects-normal/arm64/e6072d4f65d7061329687fe24e3d63a7-common-args.resp -include /Users/aniskedidi/Documents/perso/AnisFlix/ios-natve/anisflix/Pods/Target\ Support\ Files/GCDWebServer/GCDWebServer-prefix.pch -MMD -MT dependencies -MF /Users/aniskedidi/Library/Developer/Xcode/DerivedData/anisflix-hhqtjtgkehjzwhfmetqsazeobjhe/Build/Intermediates.noindex/Pods.build/Debug-iphoneos/GCDWebServer.build/Objects-normal/arm64/GCDWebServerDataRequest.d --serialize-diagnostics /Users/aniskedidi/Library/Developer/Xcode/DerivedData/anisflix-hhqtjtgkehjzwhfmetqsazeobjhe/Build/Intermediates.noindex/Pods.build/Debug-iphoneos/GCDWebServer.build/Objects-normal/arm64/GCDWebServerDataRequest.dia -c /Users/aniskedidi/Documents/perso/AnisFlix/ios-natve/anisflix/Pods/GCDWebServer/GCDWebServer/Requests/GCDWebServerDataRequest.m -o /Users/aniskedidi/Library/Developer/Xcode/DerivedData/anisflix-hhqtjtgkehjzwhfmetqsazeobjhe/Build/Intermediates.noindex/Pods.build/Debug-iphoneos/GCDWebServer.build/Objects-normal/arm64/GCDWebServerDataRequest.o -index-unit-output-path /Pods.build/Debug-iphoneos/GCDWebServer.build/Objects-normal/arm64/GCDWebServerDataRequest.o

ScanDependencies /Users/aniskedidi/Library/Developer/Xcode/DerivedData/anisflix-hhqtjtgkehjzwhfmetqsazeobjhe/Build/Intermediates.noindex/Pods.build/Debug-iphoneos/GCDWebServer.build/Objects-normal/arm64/GCDWebServerConnection.o /Users/aniskedidi/Documents/perso/AnisFlix/ios-natve/anisflix/Pods/GCDWebServer/GCDWebServer/Core/GCDWebServerConnection.m normal arm64 objective-c com.apple.compilers.llvm.clang.1_0.compiler (in target 'GCDWebServer' from project 'Pods')
    cd /Users/aniskedidi/Documents/perso/AnisFlix/ios-natve/anisflix/Pods
    
    Using response file: /Users/aniskedidi/Library/Developer/Xcode/DerivedData/anisflix-hhqtjtgkehjzwhfmetqsazeobjhe/Build/Intermediates.noindex/Pods.build/Debug-iphoneos/GCDWebServer.build/Objects-normal/arm64/e6072d4f65d7061329687fe24e3d63a7-common-args.resp
    
    builtin-ScanDependencies -o /Users/aniskedidi/Library/Developer/Xcode/DerivedData/anisflix-hhqtjtgkehjzwhfmetqsazeobjhe/Build/Intermediates.noindex/Pods.build/Debug-iphoneos/GCDWebServer.build/Objects-normal/arm64/GCDWebServerConnection.o.scan -- /Applications/Xcode.app/Contents/Developer/Toolchains/XcodeDefault.xctoolchain/usr/bin/clang -x objective-c -ivfsstatcache /Users/aniskedidi/Library/Developer/Xcode/DerivedData/SDKStatCaches.noindex/iphoneos26.5-23F81a-32daed1954a7d5dd0789fcaf2a9bb78b.sdkstatcache -target arm64-apple-ios16.0 -fmessage-length\=0 -fdiagnostics-show-note-include-stack -fmacro-backtrace-limit\=0 -fno-color-diagnostics -fmodules-prune-interval\=86400 -fmodules-prune-after\=345600 -fbuild-session-file\=/Users/aniskedidi/Library/Developer/Xcode/DerivedData/ModuleCache.noindex/Session.modulevalidation -fmodules-validate-once-per-build-session -Wnon-modular-include-in-framework-module -Werror\=non-modular-include-in-framework-module -Wno-trigraphs -Wno-missing-field-initializers -Wno-missing-prototypes -Werror\=return-type -Wdocumentation -Wunreachable-code -Wno-implicit-atomic-properties -Werror\=deprecated-objc-isa-usage -Wno-objc-interface-ivars -Werror\=objc-root-class -Wno-arc-repeated-use-of-weak -Wimplicit-retain-self -Wduplicate-method-match -Wno-missing-braces -Wparentheses -Wswitch -Wunused-function -Wno-unused-label -Wno-unused-parameter -Wunused-variable -Wunused-value -Wempty-body -Wuninitialized -Wconditional-uninitialized -Wno-unknown-pragmas -Wno-shadow -Wno-four-char-constants -Wno-conversion -Wconstant-conversion -Wint-conversion -Wbool-conversion -Wenum-conversion -Wno-float-conversion -Wnon-literal-null-conversion -Wobjc-literal-conversion -Wshorten-64-to-32 -Wpointer-sign -Wno-newline-eof -Wno-selector -Wno-strict-selector-match -Wundeclared-selector -Wdeprecated-implementations -Wno-implicit-fallthrough -isysroot /Applications/Xcode.app/Contents/Developer/Platforms/iPhoneOS.platform/Developer/SDKs/iPhoneOS26.5.sdk -fstrict-aliasing -Wprotocol -Wdeprecated-declarations -Wno-sign-conversion -Winfinite-recursion -Wcomma -Wblock-capture-autoreleasing -Wstrict-prototypes -Wno-semicolon-before-method-body -Wunguarded-availability -index-store-path /Users/aniskedidi/Library/Developer/Xcode/DerivedData/anisflix-hhqtjtgkehjzwhfmetqsazeobjhe/Index.noindex/DataStore @/Users/aniskedidi/Library/Developer/Xcode/DerivedData/anisflix-hhqtjtgkehjzwhfmetqsazeobjhe/Build/Intermediates.noindex/Pods.build/Debug-iphoneos/GCDWebServer.build/Objects-normal/arm64/e6072d4f65d7061329687fe24e3d63a7-common-args.resp -include /Users/aniskedidi/Documents/perso/AnisFlix/ios-natve/anisflix/Pods/Target\ Support\ Files/GCDWebServer/GCDWebServer-prefix.pch -MMD -MT dependencies -MF /Users/aniskedidi/Library/Developer/Xcode/DerivedData/anisflix-hhqtjtgkehjzwhfmetqsazeobjhe/Build/Intermediates.noindex/Pods.build/Debug-iphoneos/GCDWebServer.build/Objects-normal/arm64/GCDWebServerConnection.d --serialize-diagnostics /Users/aniskedidi/Library/Developer/Xcode/DerivedData/anisflix-hhqtjtgkehjzwhfmetqsazeobjhe/Build/Intermediates.noindex/Pods.build/Debug-iphoneos/GCDWebServer.build/Objects-normal/arm64/GCDWebServerConnection.dia -c /Users/aniskedidi/Documents/perso/AnisFlix/ios-natve/anisflix/Pods/GCDWebServer/GCDWebServer/Core/GCDWebServerConnection.m -o /Users/aniskedidi/Library/Developer/Xcode/DerivedData/anisflix-hhqtjtgkehjzwhfmetqsazeobjhe/Build/Intermediates.noindex/Pods.build/Debug-iphoneos/GCDWebServer.build/Objects-normal/arm64/GCDWebServerConnection.o -index-unit-output-path /Pods.build/Debug-iphoneos/GCDWebServer.build/Objects-normal/arm64/GCDWebServerConnection.o

ScanDependencies /Users/aniskedidi/Library/Developer/Xcode/DerivedData/anisflix-hhqtjtgkehjzwhfmetqsazeobjhe/Build/Intermediates.noindex/Pods.build/Debug-iphoneos/GCDWebServer.build/Objects-normal/arm64/GCDWebServer.o /Users/aniskedidi/Documents/perso/AnisFlix/ios-natve/anisflix/Pods/GCDWebServer/GCDWebServer/Core/GCDWebServer.m normal arm64 objective-c com.apple.compilers.llvm.clang.1_0.compiler (in target 'GCDWebServer' from project 'Pods')
    cd /Users/aniskedidi/Documents/perso/AnisFlix/ios-natve/anisflix/Pods
    
    Using response file: /Users/aniskedidi/Library/Developer/Xcode/DerivedData/anisflix-hhqtjtgkehjzwhfmetqsazeobjhe/Build/Intermediates.noindex/Pods.build/Debug-iphoneos/GCDWebServer.build/Objects-normal/arm64/e6072d4f65d7061329687fe24e3d63a7-common-args.resp
    
    builtin-ScanDependencies -o /Users/aniskedidi/Library/Developer/Xcode/DerivedData/anisflix-hhqtjtgkehjzwhfmetqsazeobjhe/Build/Intermediates.noindex/Pods.build/Debug-iphoneos/GCDWebServer.build/Objects-normal/arm64/GCDWebServer.o.scan -- /Applications/Xcode.app/Contents/Developer/Toolchains/XcodeDefault.xctoolchain/usr/bin/clang -x objective-c -ivfsstatcache /Users/aniskedidi/Library/Developer/Xcode/DerivedData/SDKStatCaches.noindex/iphoneos26.5-23F81a-32daed1954a7d5dd0789fcaf2a9bb78b.sdkstatcache -target arm64-apple-ios16.0 -fmessage-length\=0 -fdiagnostics-show-note-include-stack -fmacro-backtrace-limit\=0 -fno-color-diagnostics -fmodules-prune-interval\=86400 -fmodules-prune-after\=345600 -fbuild-session-file\=/Users/aniskedidi/Library/Developer/Xcode/DerivedData/ModuleCache.noindex/Session.modulevalidation -fmodules-validate-once-per-build-session -Wnon-modular-include-in-framework-module -Werror\=non-modular-include-in-framework-module -Wno-trigraphs -Wno-missing-field-initializers -Wno-missing-prototypes -Werror\=return-type -Wdocumentation -Wunreachable-code -Wno-implicit-atomic-properties -Werror\=deprecated-objc-isa-usage -Wno-objc-interface-ivars -Werror\=objc-root-class -Wno-arc-repeated-use-of-weak -Wimplicit-retain-self -Wduplicate-method-match -Wno-missing-braces -Wparentheses -Wswitch -Wunused-function -Wno-unused-label -Wno-unused-parameter -Wunused-variable -Wunused-value -Wempty-body -Wuninitialized -Wconditional-uninitialized -Wno-unknown-pragmas -Wno-shadow -Wno-four-char-constants -Wno-conversion -Wconstant-conversion -Wint-conversion -Wbool-conversion -Wenum-conversion -Wno-float-conversion -Wnon-literal-null-conversion -Wobjc-literal-conversion -Wshorten-64-to-32 -Wpointer-sign -Wno-newline-eof -Wno-selector -Wno-strict-selector-match -Wundeclared-selector -Wdeprecated-implementations -Wno-implicit-fallthrough -isysroot /Applications/Xcode.app/Contents/Developer/Platforms/iPhoneOS.platform/Developer/SDKs/iPhoneOS26.5.sdk -fstrict-aliasing -Wprotocol -Wdeprecated-declarations -Wno-sign-conversion -Winfinite-recursion -Wcomma -Wblock-capture-autoreleasing -Wstrict-prototypes -Wno-semicolon-before-method-body -Wunguarded-availability -index-store-path /Users/aniskedidi/Library/Developer/Xcode/DerivedData/anisflix-hhqtjtgkehjzwhfmetqsazeobjhe/Index.noindex/DataStore @/Users/aniskedidi/Library/Developer/Xcode/DerivedData/anisflix-hhqtjtgkehjzwhfmetqsazeobjhe/Build/Intermediates.noindex/Pods.build/Debug-iphoneos/GCDWebServer.build/Objects-normal/arm64/e6072d4f65d7061329687fe24e3d63a7-common-args.resp -include /Users/aniskedidi/Documents/perso/AnisFlix/ios-natve/anisflix/Pods/Target\ Support\ Files/GCDWebServer/GCDWebServer-prefix.pch -MMD -MT dependencies -MF /Users/aniskedidi/Library/Developer/Xcode/DerivedData/anisflix-hhqtjtgkehjzwhfmetqsazeobjhe/Build/Intermediates.noindex/Pods.build/Debug-iphoneos/GCDWebServer.build/Objects-normal/arm64/GCDWebServer.d --serialize-diagnostics /Users/aniskedidi/Library/Developer/Xcode/DerivedData/anisflix-hhqtjtgkehjzwhfmetqsazeobjhe/Build/Intermediates.noindex/Pods.build/Debug-iphoneos/GCDWebServer.build/Objects-normal/arm64/GCDWebServer.dia -c /Users/aniskedidi/Documents/perso/AnisFlix/ios-natve/anisflix/Pods/GCDWebServer/GCDWebServer/Core/GCDWebServer.m -o /Users/aniskedidi/Library/Developer/Xcode/DerivedData/anisflix-hhqtjtgkehjzwhfmetqsazeobjhe/Build/Intermediates.noindex/Pods.build/Debug-iphoneos/GCDWebServer.build/Objects-normal/arm64/GCDWebServer.o -index-unit-output-path /Pods.build/Debug-iphoneos/GCDWebServer.build/Objects-normal/arm64/GCDWebServer.o

PrecompileModule /Users/aniskedidi/Library/Developer/Xcode/DerivedData/anisflix-hhqtjtgkehjzwhfmetqsazeobjhe/Build/Intermediates.noindex/ExplicitPrecompiledModules/ptrauth-CMWCRN28I4KZY1BZBVZVDVV0N.scan
    cd /
    builtin-precompileModule /Users/aniskedidi/Library/Developer/Xcode/DerivedData/anisflix-hhqtjtgkehjzwhfmetqsazeobjhe/Build/Intermediates.noindex/ExplicitPrecompiledModules/ptrauth-CMWCRN28I4KZY1BZBVZVDVV0N.scan

PrecompileModule /Users/aniskedidi/Library/Developer/Xcode/DerivedData/anisflix-hhqtjtgkehjzwhfmetqsazeobjhe/Build/Intermediates.noindex/ExplicitPrecompiledModules/_Builtin_float-75OG61WO18885UEMEBZ8SPSFS.scan
    cd /
    builtin-precompileModule /Users/aniskedidi/Library/Developer/Xcode/DerivedData/anisflix-hhqtjtgkehjzwhfmetqsazeobjhe/Build/Intermediates.noindex/ExplicitPrecompiledModules/_Builtin_float-75OG61WO18885UEMEBZ8SPSFS.scan

PrecompileModule /Users/aniskedidi/Library/Developer/Xcode/DerivedData/anisflix-hhqtjtgkehjzwhfmetqsazeobjhe/Build/Intermediates.noindex/ExplicitPrecompiledModules/_Builtin_stdbool-7RM0VUXL9TMVCMT8SHJEJFY5Y.scan
    cd /
    builtin-precompileModule /Users/aniskedidi/Library/Developer/Xcode/DerivedData/anisflix-hhqtjtgkehjzwhfmetqsazeobjhe/Build/Intermediates.noindex/ExplicitPrecompiledModules/_Builtin_stdbool-7RM0VUXL9TMVCMT8SHJEJFY5Y.scan

PrecompileModule /Users/aniskedidi/Library/Developer/Xcode/DerivedData/anisflix-hhqtjtgkehjzwhfmetqsazeobjhe/Build/Intermediates.noindex/ExplicitPrecompiledModules/_Builtin_stdarg-5ASTOFPXTGFZITH0U53SSQ7QU.scan
    cd /
    builtin-precompileModule /Users/aniskedidi/Library/Developer/Xcode/DerivedData/anisflix-hhqtjtgkehjzwhfmetqsazeobjhe/Build/Intermediates.noindex/ExplicitPrecompiledModules/_Builtin_stdarg-5ASTOFPXTGFZITH0U53SSQ7QU.scan

PrecompileModule /Users/aniskedidi/Library/Developer/Xcode/DerivedData/anisflix-hhqtjtgkehjzwhfmetqsazeobjhe/Build/Intermediates.noindex/ExplicitPrecompiledModules/_Builtin_stddef-294GSX8F8IFFGDYJWWQVA2CL9.scan
    cd /
    builtin-precompileModule /Users/aniskedidi/Library/Developer/Xcode/DerivedData/anisflix-hhqtjtgkehjzwhfmetqsazeobjhe/Build/Intermediates.noindex/ExplicitPrecompiledModules/_Builtin_stddef-294GSX8F8IFFGDYJWWQVA2CL9.scan

PrecompileModule /Users/aniskedidi/Library/Developer/Xcode/DerivedData/anisflix-hhqtjtgkehjzwhfmetqsazeobjhe/Build/Intermediates.noindex/ExplicitPrecompiledModules/ptrcheck-BYGXPKLL3PBZ8D0JHTN6BN8GO.scan
    cd /
    builtin-precompileModule /Users/aniskedidi/Library/Developer/Xcode/DerivedData/anisflix-hhqtjtgkehjzwhfmetqsazeobjhe/Build/Intermediates.noindex/ExplicitPrecompiledModules/ptrcheck-BYGXPKLL3PBZ8D0JHTN6BN8GO.scan

PrecompileModule /Users/aniskedidi/Library/Developer/Xcode/DerivedData/anisflix-hhqtjtgkehjzwhfmetqsazeobjhe/Build/Intermediates.noindex/ExplicitPrecompiledModules/_AvailabilityInternal-B1SFGPMH3EQR4MTBC2EHWJQP2.scan
    cd /
    builtin-precompileModule /Users/aniskedidi/Library/Developer/Xcode/DerivedData/anisflix-hhqtjtgkehjzwhfmetqsazeobjhe/Build/Intermediates.noindex/ExplicitPrecompiledModules/_AvailabilityInternal-B1SFGPMH3EQR4MTBC2EHWJQP2.scan

ScanDependencies /Users/aniskedidi/Library/Developer/Xcode/DerivedData/anisflix-hhqtjtgkehjzwhfmetqsazeobjhe/Build/Intermediates.noindex/Pods.build/Debug-iphoneos/GCDWebServer.build/Objects-normal/arm64/GCDWebServer-dummy.o /Users/aniskedidi/Documents/perso/AnisFlix/ios-natve/anisflix/Pods/Target\ Support\ Files/GCDWebServer/GCDWebServer-dummy.m normal arm64 objective-c com.apple.compilers.llvm.clang.1_0.compiler (in target 'GCDWebServer' from project 'Pods')
    cd /Users/aniskedidi/Documents/perso/AnisFlix/ios-natve/anisflix/Pods
    
    Using response file: /Users/aniskedidi/Library/Developer/Xcode/DerivedData/anisflix-hhqtjtgkehjzwhfmetqsazeobjhe/Build/Intermediates.noindex/Pods.build/Debug-iphoneos/GCDWebServer.build/Objects-normal/arm64/e6072d4f65d7061329687fe24e3d63a7-common-args.resp
    
    builtin-ScanDependencies -o /Users/aniskedidi/Library/Developer/Xcode/DerivedData/anisflix-hhqtjtgkehjzwhfmetqsazeobjhe/Build/Intermediates.noindex/Pods.build/Debug-iphoneos/GCDWebServer.build/Objects-normal/arm64/GCDWebServer-dummy.o.scan -- /Applications/Xcode.app/Contents/Developer/Toolchains/XcodeDefault.xctoolchain/usr/bin/clang -x objective-c -ivfsstatcache /Users/aniskedidi/Library/Developer/Xcode/DerivedData/SDKStatCaches.noindex/iphoneos26.5-23F81a-32daed1954a7d5dd0789fcaf2a9bb78b.sdkstatcache -target arm64-apple-ios16.0 -fmessage-length\=0 -fdiagnostics-show-note-include-stack -fmacro-backtrace-limit\=0 -fno-color-diagnostics -fmodules-prune-interval\=86400 -fmodules-prune-after\=345600 -fbuild-session-file\=/Users/aniskedidi/Library/Developer/Xcode/DerivedData/ModuleCache.noindex/Session.modulevalidation -fmodules-validate-once-per-build-session -Wnon-modular-include-in-framework-module -Werror\=non-modular-include-in-framework-module -Wno-trigraphs -Wno-missing-field-initializers -Wno-missing-prototypes -Werror\=return-type -Wdocumentation -Wunreachable-code -Wno-implicit-atomic-properties -Werror\=deprecated-objc-isa-usage -Wno-objc-interface-ivars -Werror\=objc-root-class -Wno-arc-repeated-use-of-weak -Wimplicit-retain-self -Wduplicate-method-match -Wno-missing-braces -Wparentheses -Wswitch -Wunused-function -Wno-unused-label -Wno-unused-parameter -Wunused-variable -Wunused-value -Wempty-body -Wuninitialized -Wconditional-uninitialized -Wno-unknown-pragmas -Wno-shadow -Wno-four-char-constants -Wno-conversion -Wconstant-conversion -Wint-conversion -Wbool-conversion -Wenum-conversion -Wno-float-conversion -Wnon-literal-null-conversion -Wobjc-literal-conversion -Wshorten-64-to-32 -Wpointer-sign -Wno-newline-eof -Wno-selector -Wno-strict-selector-match -Wundeclared-selector -Wdeprecated-implementations -Wno-implicit-fallthrough -isysroot /Applications/Xcode.app/Contents/Developer/Platforms/iPhoneOS.platform/Developer/SDKs/iPhoneOS26.5.sdk -fstrict-aliasing -Wprotocol -Wdeprecated-declarations -Wno-sign-conversion -Winfinite-recursion -Wcomma -Wblock-capture-autoreleasing -Wstrict-prototypes -Wno-semicolon-before-method-body -Wunguarded-availability -index-store-path /Users/aniskedidi/Library/Developer/Xcode/DerivedData/anisflix-hhqtjtgkehjzwhfmetqsazeobjhe/Index.noindex/DataStore @/Users/aniskedidi/Library/Developer/Xcode/DerivedData/anisflix-hhqtjtgkehjzwhfmetqsazeobjhe/Build/Intermediates.noindex/Pods.build/Debug-iphoneos/GCDWebServer.build/Objects-normal/arm64/e6072d4f65d7061329687fe24e3d63a7-common-args.resp -include /Users/aniskedidi/Documents/perso/AnisFlix/ios-natve/anisflix/Pods/Target\ Support\ Files/GCDWebServer/GCDWebServer-prefix.pch -MMD -MT dependencies -MF /Users/aniskedidi/Library/Developer/Xcode/DerivedData/anisflix-hhqtjtgkehjzwhfmetqsazeobjhe/Build/Intermediates.noindex/Pods.build/Debug-iphoneos/GCDWebServer.build/Objects-normal/arm64/GCDWebServer-dummy.d --serialize-diagnostics /Users/aniskedidi/Library/Developer/Xcode/DerivedData/anisflix-hhqtjtgkehjzwhfmetqsazeobjhe/Build/Intermediates.noindex/Pods.build/Debug-iphoneos/GCDWebServer.build/Objects-normal/arm64/GCDWebServer-dummy.dia -c /Users/aniskedidi/Documents/perso/AnisFlix/ios-natve/anisflix/Pods/Target\ Support\ Files/GCDWebServer/GCDWebServer-dummy.m -o /Users/aniskedidi/Library/Developer/Xcode/DerivedData/anisflix-hhqtjtgkehjzwhfmetqsazeobjhe/Build/Intermediates.noindex/Pods.build/Debug-iphoneos/GCDWebServer.build/Objects-normal/arm64/GCDWebServer-dummy.o -index-unit-output-path /Pods.build/Debug-iphoneos/GCDWebServer.build/Objects-normal/arm64/GCDWebServer-dummy.o

PrecompileModule /Users/aniskedidi/Library/Developer/Xcode/DerivedData/anisflix-hhqtjtgkehjzwhfmetqsazeobjhe/Build/Intermediates.noindex/ExplicitPrecompiledModules/_DarwinFoundation1-7N4VQ10DRN5U2AUS8S1EJLWHS.scan
    cd /
    builtin-precompileModule /Users/aniskedidi/Library/Developer/Xcode/DerivedData/anisflix-hhqtjtgkehjzwhfmetqsazeobjhe/Build/Intermediates.noindex/ExplicitPrecompiledModules/_DarwinFoundation1-7N4VQ10DRN5U2AUS8S1EJLWHS.scan

PrecompileModule /Users/aniskedidi/Library/Developer/Xcode/DerivedData/anisflix-hhqtjtgkehjzwhfmetqsazeobjhe/Build/Intermediates.noindex/ExplicitPrecompiledModules/_DarwinFoundation2-C0S4FL30INYWCJXAFY3518QGG.scan
    cd /
    builtin-precompileModule /Users/aniskedidi/Library/Developer/Xcode/DerivedData/anisflix-hhqtjtgkehjzwhfmetqsazeobjhe/Build/Intermediates.noindex/ExplicitPrecompiledModules/_DarwinFoundation2-C0S4FL30INYWCJXAFY3518QGG.scan

PrecompileModule /Users/aniskedidi/Library/Developer/Xcode/DerivedData/anisflix-hhqtjtgkehjzwhfmetqsazeobjhe/Build/Intermediates.noindex/ExplicitPrecompiledModules/_Builtin_limits-CGGBM8TI57N04214M557UA5AJ.scan
    cd /
    builtin-precompileModule /Users/aniskedidi/Library/Developer/Xcode/DerivedData/anisflix-hhqtjtgkehjzwhfmetqsazeobjhe/Build/Intermediates.noindex/ExplicitPrecompiledModules/_Builtin_limits-CGGBM8TI57N04214M557UA5AJ.scan

PrecompileModule /Users/aniskedidi/Library/Developer/Xcode/DerivedData/anisflix-hhqtjtgkehjzwhfmetqsazeobjhe/Build/Intermediates.noindex/ExplicitPrecompiledModules/_Builtin_stdint-2L1QEZZT5HSZ730FDSL4204UM.scan
    cd /
    builtin-precompileModule /Users/aniskedidi/Library/Developer/Xcode/DerivedData/anisflix-hhqtjtgkehjzwhfmetqsazeobjhe/Build/Intermediates.noindex/ExplicitPrecompiledModules/_Builtin_stdint-2L1QEZZT5HSZ730FDSL4204UM.scan

PrecompileModule /Users/aniskedidi/Library/Developer/Xcode/DerivedData/anisflix-hhqtjtgkehjzwhfmetqsazeobjhe/Build/Intermediates.noindex/ExplicitPrecompiledModules/_DarwinFoundation3-9NLDEQ41FNQREG96MFI5MLVMV.scan
    cd /
    builtin-precompileModule /Users/aniskedidi/Library/Developer/Xcode/DerivedData/anisflix-hhqtjtgkehjzwhfmetqsazeobjhe/Build/Intermediates.noindex/ExplicitPrecompiledModules/_DarwinFoundation3-9NLDEQ41FNQREG96MFI5MLVMV.scan

PrecompileModule /Users/aniskedidi/Library/Developer/Xcode/DerivedData/anisflix-hhqtjtgkehjzwhfmetqsazeobjhe/Build/Intermediates.noindex/ExplicitPrecompiledModules/_Builtin_inttypes-7F4GWACBXHEWEYRMBTNOBF11V.scan
    cd /
    builtin-precompileModule /Users/aniskedidi/Library/Developer/Xcode/DerivedData/anisflix-hhqtjtgkehjzwhfmetqsazeobjhe/Build/Intermediates.noindex/ExplicitPrecompiledModules/_Builtin_inttypes-7F4GWACBXHEWEYRMBTNOBF11V.scan

PrecompileModule /Users/aniskedidi/Library/Developer/Xcode/DerivedData/anisflix-hhqtjtgkehjzwhfmetqsazeobjhe/Build/Intermediates.noindex/ExplicitPrecompiledModules/zlib-ECE958NZT3OV9DUKBFVMEXHWE.scan
    cd /
    builtin-precompileModule /Users/aniskedidi/Library/Developer/Xcode/DerivedData/anisflix-hhqtjtgkehjzwhfmetqsazeobjhe/Build/Intermediates.noindex/ExplicitPrecompiledModules/zlib-ECE958NZT3OV9DUKBFVMEXHWE.scan

PrecompileModule /Users/aniskedidi/Library/Developer/Xcode/DerivedData/anisflix-hhqtjtgkehjzwhfmetqsazeobjhe/Build/Intermediates.noindex/ExplicitPrecompiledModules/CommonCrypto-5TWPYJ2ESORTI42DH6ND99UHJ.scan
    cd /
    builtin-precompileModule /Users/aniskedidi/Library/Developer/Xcode/DerivedData/anisflix-hhqtjtgkehjzwhfmetqsazeobjhe/Build/Intermediates.noindex/ExplicitPrecompiledModules/CommonCrypto-5TWPYJ2ESORTI42DH6ND99UHJ.scan

PrecompileModule /Users/aniskedidi/Library/Developer/Xcode/DerivedData/anisflix-hhqtjtgkehjzwhfmetqsazeobjhe/Build/Intermediates.noindex/ExplicitPrecompiledModules/Darwin-3EXR3V0QJ2B1ERQC43CUGFA9X.scan
    cd /
    builtin-precompileModule /Users/aniskedidi/Library/Developer/Xcode/DerivedData/anisflix-hhqtjtgkehjzwhfmetqsazeobjhe/Build/Intermediates.noindex/ExplicitPrecompiledModules/Darwin-3EXR3V0QJ2B1ERQC43CUGFA9X.scan

PrecompileModule /Users/aniskedidi/Library/Developer/Xcode/DerivedData/anisflix-hhqtjtgkehjzwhfmetqsazeobjhe/Build/Intermediates.noindex/ExplicitPrecompiledModules/ObjectiveC-337B38068ER94QTOR28R82BQX.scan
    cd /
    builtin-precompileModule /Users/aniskedidi/Library/Developer/Xcode/DerivedData/anisflix-hhqtjtgkehjzwhfmetqsazeobjhe/Build/Intermediates.noindex/ExplicitPrecompiledModules/ObjectiveC-337B38068ER94QTOR28R82BQX.scan

PrecompileModule /Users/aniskedidi/Library/Developer/Xcode/DerivedData/anisflix-hhqtjtgkehjzwhfmetqsazeobjhe/Build/Intermediates.noindex/ExplicitPrecompiledModules/os_object-E6A0IKKKK82RT0XVM4GKRXY24.scan
    cd /
    builtin-precompileModule /Users/aniskedidi/Library/Developer/Xcode/DerivedData/anisflix-hhqtjtgkehjzwhfmetqsazeobjhe/Build/Intermediates.noindex/ExplicitPrecompiledModules/os_object-E6A0IKKKK82RT0XVM4GKRXY24.scan

PrecompileModule /Users/aniskedidi/Library/Developer/Xcode/DerivedData/anisflix-hhqtjtgkehjzwhfmetqsazeobjhe/Build/Intermediates.noindex/ExplicitPrecompiledModules/os_workgroup-111VIGADRVXR780822XNNKNFR.scan
    cd /
    builtin-precompileModule /Users/aniskedidi/Library/Developer/Xcode/DerivedData/anisflix-hhqtjtgkehjzwhfmetqsazeobjhe/Build/Intermediates.noindex/ExplicitPrecompiledModules/os_workgroup-111VIGADRVXR780822XNNKNFR.scan

PrecompileModule /Users/aniskedidi/Library/Developer/Xcode/DerivedData/anisflix-hhqtjtgkehjzwhfmetqsazeobjhe/Build/Intermediates.noindex/ExplicitPrecompiledModules/Dispatch-1GF9J6OW7CXMY0RLL30NQR1E8.scan
    cd /
    builtin-precompileModule /Users/aniskedidi/Library/Developer/Xcode/DerivedData/anisflix-hhqtjtgkehjzwhfmetqsazeobjhe/Build/Intermediates.noindex/ExplicitPrecompiledModules/Dispatch-1GF9J6OW7CXMY0RLL30NQR1E8.scan

PrecompileModule /Users/aniskedidi/Library/Developer/Xcode/DerivedData/anisflix-hhqtjtgkehjzwhfmetqsazeobjhe/Build/Intermediates.noindex/ExplicitPrecompiledModules/XPC-8B8NXUE2J5UKDXVNG0D7365V9.scan
    cd /
    builtin-precompileModule /Users/aniskedidi/Library/Developer/Xcode/DerivedData/anisflix-hhqtjtgkehjzwhfmetqsazeobjhe/Build/Intermediates.noindex/ExplicitPrecompiledModules/XPC-8B8NXUE2J5UKDXVNG0D7365V9.scan

PrecompileModule /Users/aniskedidi/Library/Developer/Xcode/DerivedData/anisflix-hhqtjtgkehjzwhfmetqsazeobjhe/Build/Intermediates.noindex/ExplicitPrecompiledModules/dnssd-8ZZNELADYP914JUC8SJECY42V.scan
    cd /
    builtin-precompileModule /Users/aniskedidi/Library/Developer/Xcode/DerivedData/anisflix-hhqtjtgkehjzwhfmetqsazeobjhe/Build/Intermediates.noindex/ExplicitPrecompiledModules/dnssd-8ZZNELADYP914JUC8SJECY42V.scan

PrecompileModule /Users/aniskedidi/Library/Developer/Xcode/DerivedData/anisflix-hhqtjtgkehjzwhfmetqsazeobjhe/Build/Intermediates.noindex/ExplicitPrecompiledModules/CoreFoundation-859WC4CIXMOYGY2E4585U5CGC.scan
    cd /
    builtin-precompileModule /Users/aniskedidi/Library/Developer/Xcode/DerivedData/anisflix-hhqtjtgkehjzwhfmetqsazeobjhe/Build/Intermediates.noindex/ExplicitPrecompiledModules/CoreFoundation-859WC4CIXMOYGY2E4585U5CGC.scan

PrecompileModule /Users/aniskedidi/Library/Developer/Xcode/DerivedData/anisflix-hhqtjtgkehjzwhfmetqsazeobjhe/Build/Intermediates.noindex/ExplicitPrecompiledModules/CoreServices-2PBLGC0JFTQF8MUK3E741JAG4.scan
    cd /
    builtin-precompileModule /Users/aniskedidi/Library/Developer/Xcode/DerivedData/anisflix-hhqtjtgkehjzwhfmetqsazeobjhe/Build/Intermediates.noindex/ExplicitPrecompiledModules/CoreServices-2PBLGC0JFTQF8MUK3E741JAG4.scan

PrecompileModule /Users/aniskedidi/Library/Developer/Xcode/DerivedData/anisflix-hhqtjtgkehjzwhfmetqsazeobjhe/Build/Intermediates.noindex/ExplicitPrecompiledModules/Security-4AKVHHWRQN9MULU6BQZETKCVI.scan
    cd /
    builtin-precompileModule /Users/aniskedidi/Library/Developer/Xcode/DerivedData/anisflix-hhqtjtgkehjzwhfmetqsazeobjhe/Build/Intermediates.noindex/ExplicitPrecompiledModules/Security-4AKVHHWRQN9MULU6BQZETKCVI.scan

PrecompileModule /Users/aniskedidi/Library/Developer/Xcode/DerivedData/anisflix-hhqtjtgkehjzwhfmetqsazeobjhe/Build/Intermediates.noindex/ExplicitPrecompiledModules/CoreGraphics-BIN0EDZW2NLH2RIJMI544W2A3.scan
    cd /
    builtin-precompileModule /Users/aniskedidi/Library/Developer/Xcode/DerivedData/anisflix-hhqtjtgkehjzwhfmetqsazeobjhe/Build/Intermediates.noindex/ExplicitPrecompiledModules/CoreGraphics-BIN0EDZW2NLH2RIJMI544W2A3.scan

PrecompileModule /Users/aniskedidi/Library/Developer/Xcode/DerivedData/anisflix-hhqtjtgkehjzwhfmetqsazeobjhe/Build/Intermediates.noindex/ExplicitPrecompiledModules/CFNetwork-7272MGFTU6J1JCL7I715VON99.scan
    cd /
    builtin-precompileModule /Users/aniskedidi/Library/Developer/Xcode/DerivedData/anisflix-hhqtjtgkehjzwhfmetqsazeobjhe/Build/Intermediates.noindex/ExplicitPrecompiledModules/CFNetwork-7272MGFTU6J1JCL7I715VON99.scan

PrecompileModule /Users/aniskedidi/Library/Developer/Xcode/DerivedData/anisflix-hhqtjtgkehjzwhfmetqsazeobjhe/Build/Intermediates.noindex/ExplicitPrecompiledModules/MobileCoreServices-40TI7UQOQPX9J5CZNU3NPII1Z.scan
    cd /
    builtin-precompileModule /Users/aniskedidi/Library/Developer/Xcode/DerivedData/anisflix-hhqtjtgkehjzwhfmetqsazeobjhe/Build/Intermediates.noindex/ExplicitPrecompiledModules/MobileCoreServices-40TI7UQOQPX9J5CZNU3NPII1Z.scan

PrecompileModule /Users/aniskedidi/Library/Developer/Xcode/DerivedData/anisflix-hhqtjtgkehjzwhfmetqsazeobjhe/Build/Intermediates.noindex/ExplicitPrecompiledModules/Foundation-D48DRQ5WM9IGE32XUEDETAFM2.scan
    cd /
    builtin-precompileModule /Users/aniskedidi/Library/Developer/Xcode/DerivedData/anisflix-hhqtjtgkehjzwhfmetqsazeobjhe/Build/Intermediates.noindex/ExplicitPrecompiledModules/Foundation-D48DRQ5WM9IGE32XUEDETAFM2.scan

PrecompileModule /Users/aniskedidi/Library/Developer/Xcode/DerivedData/anisflix-hhqtjtgkehjzwhfmetqsazeobjhe/Build/Intermediates.noindex/ExplicitPrecompiledModules/ImageIO-5C0FFWGQST5H7H512R4F6Z1OL.scan
    cd /
    builtin-precompileModule /Users/aniskedidi/Library/Developer/Xcode/DerivedData/anisflix-hhqtjtgkehjzwhfmetqsazeobjhe/Build/Intermediates.noindex/ExplicitPrecompiledModules/ImageIO-5C0FFWGQST5H7H512R4F6Z1OL.scan

PrecompileModule /Users/aniskedidi/Library/Developer/Xcode/DerivedData/anisflix-hhqtjtgkehjzwhfmetqsazeobjhe/Build/Intermediates.noindex/ExplicitPrecompiledModules/CoreText-9ET73BXAR9WMTXE9JBLD2LXLS.scan
    cd /
    builtin-precompileModule /Users/aniskedidi/Library/Developer/Xcode/DerivedData/anisflix-hhqtjtgkehjzwhfmetqsazeobjhe/Build/Intermediates.noindex/ExplicitPrecompiledModules/CoreText-9ET73BXAR9WMTXE9JBLD2LXLS.scan

PrecompileModule /Users/aniskedidi/Library/Developer/Xcode/DerivedData/anisflix-hhqtjtgkehjzwhfmetqsazeobjhe/Build/Intermediates.noindex/ExplicitPrecompiledModules/Symbols-4DVP1FNLOK9VMYBZXBJ3JE0IQ.scan
    cd /
    builtin-precompileModule /Users/aniskedidi/Library/Developer/Xcode/DerivedData/anisflix-hhqtjtgkehjzwhfmetqsazeobjhe/Build/Intermediates.noindex/ExplicitPrecompiledModules/Symbols-4DVP1FNLOK9VMYBZXBJ3JE0IQ.scan

PrecompileModule /Users/aniskedidi/Library/Developer/Xcode/DerivedData/anisflix-hhqtjtgkehjzwhfmetqsazeobjhe/Build/Intermediates.noindex/ExplicitPrecompiledModules/IOSurface-LD19WRENFDZBZBWBV0H06AGV.scan
    cd /
    builtin-precompileModule /Users/aniskedidi/Library/Developer/Xcode/DerivedData/anisflix-hhqtjtgkehjzwhfmetqsazeobjhe/Build/Intermediates.noindex/ExplicitPrecompiledModules/IOSurface-LD19WRENFDZBZBWBV0H06AGV.scan

PrecompileModule /Users/aniskedidi/Library/Developer/Xcode/DerivedData/anisflix-hhqtjtgkehjzwhfmetqsazeobjhe/Build/Intermediates.noindex/ExplicitPrecompiledModules/FileProvider-98AC6J02771MXJ8QIDMXKFUE9.scan
    cd /
    builtin-precompileModule /Users/aniskedidi/Library/Developer/Xcode/DerivedData/anisflix-hhqtjtgkehjzwhfmetqsazeobjhe/Build/Intermediates.noindex/ExplicitPrecompiledModules/FileProvider-98AC6J02771MXJ8QIDMXKFUE9.scan

PrecompileModule /Users/aniskedidi/Library/Developer/Xcode/DerivedData/anisflix-hhqtjtgkehjzwhfmetqsazeobjhe/Build/Intermediates.noindex/ExplicitPrecompiledModules/UserNotifications-DYDZDIB9CA2WUQ3TRZBBPC9QU.scan
    cd /
    builtin-precompileModule /Users/aniskedidi/Library/Developer/Xcode/DerivedData/anisflix-hhqtjtgkehjzwhfmetqsazeobjhe/Build/Intermediates.noindex/ExplicitPrecompiledModules/UserNotifications-DYDZDIB9CA2WUQ3TRZBBPC9QU.scan

PrecompileModule /Users/aniskedidi/Library/Developer/Xcode/DerivedData/anisflix-hhqtjtgkehjzwhfmetqsazeobjhe/Build/Intermediates.noindex/ExplicitPrecompiledModules/UIUtilities-AVIDKAO4W95TWADILHG975UB9.scan
    cd /
    builtin-precompileModule /Users/aniskedidi/Library/Developer/Xcode/DerivedData/anisflix-hhqtjtgkehjzwhfmetqsazeobjhe/Build/Intermediates.noindex/ExplicitPrecompiledModules/UIUtilities-AVIDKAO4W95TWADILHG975UB9.scan

PrecompileModule /Users/aniskedidi/Library/Developer/Xcode/DerivedData/anisflix-hhqtjtgkehjzwhfmetqsazeobjhe/Build/Intermediates.noindex/ExplicitPrecompiledModules/OpenGLES-9JYGZSSKO4JE01Z99YDIBQVE8.scan
    cd /
    builtin-precompileModule /Users/aniskedidi/Library/Developer/Xcode/DerivedData/anisflix-hhqtjtgkehjzwhfmetqsazeobjhe/Build/Intermediates.noindex/ExplicitPrecompiledModules/OpenGLES-9JYGZSSKO4JE01Z99YDIBQVE8.scan

PrecompileModule /Users/aniskedidi/Library/Developer/Xcode/DerivedData/anisflix-hhqtjtgkehjzwhfmetqsazeobjhe/Build/Intermediates.noindex/ExplicitPrecompiledModules/Metal-4RAQDSN0TRN98ZG2FDCYBI4NK.scan
    cd /
    builtin-precompileModule /Users/aniskedidi/Library/Developer/Xcode/DerivedData/anisflix-hhqtjtgkehjzwhfmetqsazeobjhe/Build/Intermediates.noindex/ExplicitPrecompiledModules/Metal-4RAQDSN0TRN98ZG2FDCYBI4NK.scan

PrecompileModule /Users/aniskedidi/Library/Developer/Xcode/DerivedData/anisflix-hhqtjtgkehjzwhfmetqsazeobjhe/Build/Intermediates.noindex/ExplicitPrecompiledModules/CoreVideo-4DPEJX02MM1JRRLKRTPAG0KUT.scan
    cd /
    builtin-precompileModule /Users/aniskedidi/Library/Developer/Xcode/DerivedData/anisflix-hhqtjtgkehjzwhfmetqsazeobjhe/Build/Intermediates.noindex/ExplicitPrecompiledModules/CoreVideo-4DPEJX02MM1JRRLKRTPAG0KUT.scan

PrecompileModule /Users/aniskedidi/Library/Developer/Xcode/DerivedData/anisflix-hhqtjtgkehjzwhfmetqsazeobjhe/Build/Intermediates.noindex/ExplicitPrecompiledModules/QuartzCore-B3VC8W0U2XH9MU5YQEJW6NUAD.scan
    cd /
    builtin-precompileModule /Users/aniskedidi/Library/Developer/Xcode/DerivedData/anisflix-hhqtjtgkehjzwhfmetqsazeobjhe/Build/Intermediates.noindex/ExplicitPrecompiledModules/QuartzCore-B3VC8W0U2XH9MU5YQEJW6NUAD.scan

PrecompileModule /Users/aniskedidi/Library/Developer/Xcode/DerivedData/anisflix-hhqtjtgkehjzwhfmetqsazeobjhe/Build/Intermediates.noindex/ExplicitPrecompiledModules/CoreImage-DK02QOVQ01D6MAAT90K7E7K5V.scan
    cd /
    builtin-precompileModule /Users/aniskedidi/Library/Developer/Xcode/DerivedData/anisflix-hhqtjtgkehjzwhfmetqsazeobjhe/Build/Intermediates.noindex/ExplicitPrecompiledModules/CoreImage-DK02QOVQ01D6MAAT90K7E7K5V.scan

PrecompileModule /Users/aniskedidi/Library/Developer/Xcode/DerivedData/anisflix-hhqtjtgkehjzwhfmetqsazeobjhe/Build/Intermediates.noindex/ExplicitPrecompiledModules/UIKit-1UWTVF70O95SCYZ6XKJCNCQR0.scan
    cd /
    builtin-precompileModule /Users/aniskedidi/Library/Developer/Xcode/DerivedData/anisflix-hhqtjtgkehjzwhfmetqsazeobjhe/Build/Intermediates.noindex/ExplicitPrecompiledModules/UIKit-1UWTVF70O95SCYZ6XKJCNCQR0.scan

CompileC /Users/aniskedidi/Library/Developer/Xcode/DerivedData/anisflix-hhqtjtgkehjzwhfmetqsazeobjhe/Build/Intermediates.noindex/Pods.build/Debug-iphoneos/GCDWebServer.build/Objects-normal/arm64/GCDWebServerDataResponse.o /Users/aniskedidi/Documents/perso/AnisFlix/ios-natve/anisflix/Pods/GCDWebServer/GCDWebServer/Responses/GCDWebServerDataResponse.m normal arm64 objective-c com.apple.compilers.llvm.clang.1_0.compiler (in target 'GCDWebServer' from project 'Pods')
    cd /Users/aniskedidi/Documents/perso/AnisFlix/ios-natve/anisflix/Pods
    
    Using response file: /Users/aniskedidi/Library/Developer/Xcode/DerivedData/anisflix-hhqtjtgkehjzwhfmetqsazeobjhe/Build/Intermediates.noindex/Pods.build/Debug-iphoneos/GCDWebServer.build/Objects-normal/arm64/e6072d4f65d7061329687fe24e3d63a7-common-args.resp
    
    /Applications/Xcode.app/Contents/Developer/Toolchains/XcodeDefault.xctoolchain/usr/bin/clang -x objective-c -ivfsstatcache /Users/aniskedidi/Library/Developer/Xcode/DerivedData/SDKStatCaches.noindex/iphoneos26.5-23F81a-32daed1954a7d5dd0789fcaf2a9bb78b.sdkstatcache -target arm64-apple-ios16.0 -fmessage-length\=0 -fdiagnostics-show-note-include-stack -fmacro-backtrace-limit\=0 -fno-color-diagnostics -fmodules-prune-interval\=86400 -fmodules-prune-after\=345600 -fbuild-session-file\=/Users/aniskedidi/Library/Developer/Xcode/DerivedData/ModuleCache.noindex/Session.modulevalidation -fmodules-validate-once-per-build-session -Wnon-modular-include-in-framework-module -Werror\=non-modular-include-in-framework-module -Wno-trigraphs -Wno-missing-field-initializers -Wno-missing-prototypes -Werror\=return-type -Wdocumentation -Wunreachable-code -Wno-implicit-atomic-properties -Werror\=deprecated-objc-isa-usage -Wno-objc-interface-ivars -Werror\=objc-root-class -Wno-arc-repeated-use-of-weak -Wimplicit-retain-self -Wduplicate-method-match -Wno-missing-braces -Wparentheses -Wswitch -Wunused-function -Wno-unused-label -Wno-unused-parameter -Wunused-variable -Wunused-value -Wempty-body -Wuninitialized -Wconditional-uninitialized -Wno-unknown-pragmas -Wno-shadow -Wno-four-char-constants -Wno-conversion -Wconstant-conversion -Wint-conversion -Wbool-conversion -Wenum-conversion -Wno-float-conversion -Wnon-literal-null-conversion -Wobjc-literal-conversion -Wshorten-64-to-32 -Wpointer-sign -Wno-newline-eof -Wno-selector -Wno-strict-selector-match -Wundeclared-selector -Wdeprecated-implementations -Wno-implicit-fallthrough -isysroot /Applications/Xcode.app/Contents/Developer/Platforms/iPhoneOS.platform/Developer/SDKs/iPhoneOS26.5.sdk -fstrict-aliasing -Wprotocol -Wdeprecated-declarations -Wno-sign-conversion -Winfinite-recursion -Wcomma -Wblock-capture-autoreleasing -Wstrict-prototypes -Wno-semicolon-before-method-body -Wunguarded-availability -index-store-path /Users/aniskedidi/Library/Developer/Xcode/DerivedData/anisflix-hhqtjtgkehjzwhfmetqsazeobjhe/Index.noindex/DataStore @/Users/aniskedidi/Library/Developer/Xcode/DerivedData/anisflix-hhqtjtgkehjzwhfmetqsazeobjhe/Build/Intermediates.noindex/Pods.build/Debug-iphoneos/GCDWebServer.build/Objects-normal/arm64/e6072d4f65d7061329687fe24e3d63a7-common-args.resp -include /Users/aniskedidi/Documents/perso/AnisFlix/ios-natve/anisflix/Pods/Target\ Support\ Files/GCDWebServer/GCDWebServer-prefix.pch -MMD -MT dependencies -MF /Users/aniskedidi/Library/Developer/Xcode/DerivedData/anisflix-hhqtjtgkehjzwhfmetqsazeobjhe/Build/Intermediates.noindex/Pods.build/Debug-iphoneos/GCDWebServer.build/Objects-normal/arm64/GCDWebServerDataResponse.d --serialize-diagnostics /Users/aniskedidi/Library/Developer/Xcode/DerivedData/anisflix-hhqtjtgkehjzwhfmetqsazeobjhe/Build/Intermediates.noindex/Pods.build/Debug-iphoneos/GCDWebServer.build/Objects-normal/arm64/GCDWebServerDataResponse.dia -c /Users/aniskedidi/Documents/perso/AnisFlix/ios-natve/anisflix/Pods/GCDWebServer/GCDWebServer/Responses/GCDWebServerDataResponse.m -o /Users/aniskedidi/Library/Developer/Xcode/DerivedData/anisflix-hhqtjtgkehjzwhfmetqsazeobjhe/Build/Intermediates.noindex/Pods.build/Debug-iphoneos/GCDWebServer.build/Objects-normal/arm64/GCDWebServerDataResponse.o -index-unit-output-path /Pods.build/Debug-iphoneos/GCDWebServer.build/Objects-normal/arm64/GCDWebServerDataResponse.o

CompileC /Users/aniskedidi/Library/Developer/Xcode/DerivedData/anisflix-hhqtjtgkehjzwhfmetqsazeobjhe/Build/Intermediates.noindex/Pods.build/Debug-iphoneos/GCDWebServer.build/Objects-normal/arm64/GCDWebServerFileRequest.o /Users/aniskedidi/Documents/perso/AnisFlix/ios-natve/anisflix/Pods/GCDWebServer/GCDWebServer/Requests/GCDWebServerFileRequest.m normal arm64 objective-c com.apple.compilers.llvm.clang.1_0.compiler (in target 'GCDWebServer' from project 'Pods')
    cd /Users/aniskedidi/Documents/perso/AnisFlix/ios-natve/anisflix/Pods
    
    Using response file: /Users/aniskedidi/Library/Developer/Xcode/DerivedData/anisflix-hhqtjtgkehjzwhfmetqsazeobjhe/Build/Intermediates.noindex/Pods.build/Debug-iphoneos/GCDWebServer.build/Objects-normal/arm64/e6072d4f65d7061329687fe24e3d63a7-common-args.resp
    
    /Applications/Xcode.app/Contents/Developer/Toolchains/XcodeDefault.xctoolchain/usr/bin/clang -x objective-c -ivfsstatcache /Users/aniskedidi/Library/Developer/Xcode/DerivedData/SDKStatCaches.noindex/iphoneos26.5-23F81a-32daed1954a7d5dd0789fcaf2a9bb78b.sdkstatcache -target arm64-apple-ios16.0 -fmessage-length\=0 -fdiagnostics-show-note-include-stack -fmacro-backtrace-limit\=0 -fno-color-diagnostics -fmodules-prune-interval\=86400 -fmodules-prune-after\=345600 -fbuild-session-file\=/Users/aniskedidi/Library/Developer/Xcode/DerivedData/ModuleCache.noindex/Session.modulevalidation -fmodules-validate-once-per-build-session -Wnon-modular-include-in-framework-module -Werror\=non-modular-include-in-framework-module -Wno-trigraphs -Wno-missing-field-initializers -Wno-missing-prototypes -Werror\=return-type -Wdocumentation -Wunreachable-code -Wno-implicit-atomic-properties -Werror\=deprecated-objc-isa-usage -Wno-objc-interface-ivars -Werror\=objc-root-class -Wno-arc-repeated-use-of-weak -Wimplicit-retain-self -Wduplicate-method-match -Wno-missing-braces -Wparentheses -Wswitch -Wunused-function -Wno-unused-label -Wno-unused-parameter -Wunused-variable -Wunused-value -Wempty-body -Wuninitialized -Wconditional-uninitialized -Wno-unknown-pragmas -Wno-shadow -Wno-four-char-constants -Wno-conversion -Wconstant-conversion -Wint-conversion -Wbool-conversion -Wenum-conversion -Wno-float-conversion -Wnon-literal-null-conversion -Wobjc-literal-conversion -Wshorten-64-to-32 -Wpointer-sign -Wno-newline-eof -Wno-selector -Wno-strict-selector-match -Wundeclared-selector -Wdeprecated-implementations -Wno-implicit-fallthrough -isysroot /Applications/Xcode.app/Contents/Developer/Platforms/iPhoneOS.platform/Developer/SDKs/iPhoneOS26.5.sdk -fstrict-aliasing -Wprotocol -Wdeprecated-declarations -Wno-sign-conversion -Winfinite-recursion -Wcomma -Wblock-capture-autoreleasing -Wstrict-prototypes -Wno-semicolon-before-method-body -Wunguarded-availability -index-store-path /Users/aniskedidi/Library/Developer/Xcode/DerivedData/anisflix-hhqtjtgkehjzwhfmetqsazeobjhe/Index.noindex/DataStore @/Users/aniskedidi/Library/Developer/Xcode/DerivedData/anisflix-hhqtjtgkehjzwhfmetqsazeobjhe/Build/Intermediates.noindex/Pods.build/Debug-iphoneos/GCDWebServer.build/Objects-normal/arm64/e6072d4f65d7061329687fe24e3d63a7-common-args.resp -include /Users/aniskedidi/Documents/perso/AnisFlix/ios-natve/anisflix/Pods/Target\ Support\ Files/GCDWebServer/GCDWebServer-prefix.pch -MMD -MT dependencies -MF /Users/aniskedidi/Library/Developer/Xcode/DerivedData/anisflix-hhqtjtgkehjzwhfmetqsazeobjhe/Build/Intermediates.noindex/Pods.build/Debug-iphoneos/GCDWebServer.build/Objects-normal/arm64/GCDWebServerFileRequest.d --serialize-diagnostics /Users/aniskedidi/Library/Developer/Xcode/DerivedData/anisflix-hhqtjtgkehjzwhfmetqsazeobjhe/Build/Intermediates.noindex/Pods.build/Debug-iphoneos/GCDWebServer.build/Objects-normal/arm64/GCDWebServerFileRequest.dia -c /Users/aniskedidi/Documents/perso/AnisFlix/ios-natve/anisflix/Pods/GCDWebServer/GCDWebServer/Requests/GCDWebServerFileRequest.m -o /Users/aniskedidi/Library/Developer/Xcode/DerivedData/anisflix-hhqtjtgkehjzwhfmetqsazeobjhe/Build/Intermediates.noindex/Pods.build/Debug-iphoneos/GCDWebServer.build/Objects-normal/arm64/GCDWebServerFileRequest.o -index-unit-output-path /Pods.build/Debug-iphoneos/GCDWebServer.build/Objects-normal/arm64/GCDWebServerFileRequest.o

CompileC /Users/aniskedidi/Library/Developer/Xcode/DerivedData/anisflix-hhqtjtgkehjzwhfmetqsazeobjhe/Build/Intermediates.noindex/Pods.build/Debug-iphoneos/GCDWebServer.build/Objects-normal/arm64/GCDWebServer.o /Users/aniskedidi/Documents/perso/AnisFlix/ios-natve/anisflix/Pods/GCDWebServer/GCDWebServer/Core/GCDWebServer.m normal arm64 objective-c com.apple.compilers.llvm.clang.1_0.compiler (in target 'GCDWebServer' from project 'Pods')
    cd /Users/aniskedidi/Documents/perso/AnisFlix/ios-natve/anisflix/Pods
    
    Using response file: /Users/aniskedidi/Library/Developer/Xcode/DerivedData/anisflix-hhqtjtgkehjzwhfmetqsazeobjhe/Build/Intermediates.noindex/Pods.build/Debug-iphoneos/GCDWebServer.build/Objects-normal/arm64/e6072d4f65d7061329687fe24e3d63a7-common-args.resp
    
    /Applications/Xcode.app/Contents/Developer/Toolchains/XcodeDefault.xctoolchain/usr/bin/clang -x objective-c -ivfsstatcache /Users/aniskedidi/Library/Developer/Xcode/DerivedData/SDKStatCaches.noindex/iphoneos26.5-23F81a-32daed1954a7d5dd0789fcaf2a9bb78b.sdkstatcache -target arm64-apple-ios16.0 -fmessage-length\=0 -fdiagnostics-show-note-include-stack -fmacro-backtrace-limit\=0 -fno-color-diagnostics -fmodules-prune-interval\=86400 -fmodules-prune-after\=345600 -fbuild-session-file\=/Users/aniskedidi/Library/Developer/Xcode/DerivedData/ModuleCache.noindex/Session.modulevalidation -fmodules-validate-once-per-build-session -Wnon-modular-include-in-framework-module -Werror\=non-modular-include-in-framework-module -Wno-trigraphs -Wno-missing-field-initializers -Wno-missing-prototypes -Werror\=return-type -Wdocumentation -Wunreachable-code -Wno-implicit-atomic-properties -Werror\=deprecated-objc-isa-usage -Wno-objc-interface-ivars -Werror\=objc-root-class -Wno-arc-repeated-use-of-weak -Wimplicit-retain-self -Wduplicate-method-match -Wno-missing-braces -Wparentheses -Wswitch -Wunused-function -Wno-unused-label -Wno-unused-parameter -Wunused-variable -Wunused-value -Wempty-body -Wuninitialized -Wconditional-uninitialized -Wno-unknown-pragmas -Wno-shadow -Wno-four-char-constants -Wno-conversion -Wconstant-conversion -Wint-conversion -Wbool-conversion -Wenum-conversion -Wno-float-conversion -Wnon-literal-null-conversion -Wobjc-literal-conversion -Wshorten-64-to-32 -Wpointer-sign -Wno-newline-eof -Wno-selector -Wno-strict-selector-match -Wundeclared-selector -Wdeprecated-implementations -Wno-implicit-fallthrough -isysroot /Applications/Xcode.app/Contents/Developer/Platforms/iPhoneOS.platform/Developer/SDKs/iPhoneOS26.5.sdk -fstrict-aliasing -Wprotocol -Wdeprecated-declarations -Wno-sign-conversion -Winfinite-recursion -Wcomma -Wblock-capture-autoreleasing -Wstrict-prototypes -Wno-semicolon-before-method-body -Wunguarded-availability -index-store-path /Users/aniskedidi/Library/Developer/Xcode/DerivedData/anisflix-hhqtjtgkehjzwhfmetqsazeobjhe/Index.noindex/DataStore @/Users/aniskedidi/Library/Developer/Xcode/DerivedData/anisflix-hhqtjtgkehjzwhfmetqsazeobjhe/Build/Intermediates.noindex/Pods.build/Debug-iphoneos/GCDWebServer.build/Objects-normal/arm64/e6072d4f65d7061329687fe24e3d63a7-common-args.resp -include /Users/aniskedidi/Documents/perso/AnisFlix/ios-natve/anisflix/Pods/Target\ Support\ Files/GCDWebServer/GCDWebServer-prefix.pch -MMD -MT dependencies -MF /Users/aniskedidi/Library/Developer/Xcode/DerivedData/anisflix-hhqtjtgkehjzwhfmetqsazeobjhe/Build/Intermediates.noindex/Pods.build/Debug-iphoneos/GCDWebServer.build/Objects-normal/arm64/GCDWebServer.d --serialize-diagnostics /Users/aniskedidi/Library/Developer/Xcode/DerivedData/anisflix-hhqtjtgkehjzwhfmetqsazeobjhe/Build/Intermediates.noindex/Pods.build/Debug-iphoneos/GCDWebServer.build/Objects-normal/arm64/GCDWebServer.dia -c /Users/aniskedidi/Documents/perso/AnisFlix/ios-natve/anisflix/Pods/GCDWebServer/GCDWebServer/Core/GCDWebServer.m -o /Users/aniskedidi/Library/Developer/Xcode/DerivedData/anisflix-hhqtjtgkehjzwhfmetqsazeobjhe/Build/Intermediates.noindex/Pods.build/Debug-iphoneos/GCDWebServer.build/Objects-normal/arm64/GCDWebServer.o -index-unit-output-path /Pods.build/Debug-iphoneos/GCDWebServer.build/Objects-normal/arm64/GCDWebServer.o

CompileC /Users/aniskedidi/Library/Developer/Xcode/DerivedData/anisflix-hhqtjtgkehjzwhfmetqsazeobjhe/Build/Intermediates.noindex/Pods.build/Debug-iphoneos/GCDWebServer.build/Objects-normal/arm64/GCDWebServerErrorResponse.o /Users/aniskedidi/Documents/perso/AnisFlix/ios-natve/anisflix/Pods/GCDWebServer/GCDWebServer/Responses/GCDWebServerErrorResponse.m normal arm64 objective-c com.apple.compilers.llvm.clang.1_0.compiler (in target 'GCDWebServer' from project 'Pods')
    cd /Users/aniskedidi/Documents/perso/AnisFlix/ios-natve/anisflix/Pods
    
    Using response file: /Users/aniskedidi/Library/Developer/Xcode/DerivedData/anisflix-hhqtjtgkehjzwhfmetqsazeobjhe/Build/Intermediates.noindex/Pods.build/Debug-iphoneos/GCDWebServer.build/Objects-normal/arm64/e6072d4f65d7061329687fe24e3d63a7-common-args.resp
    
    /Applications/Xcode.app/Contents/Developer/Toolchains/XcodeDefault.xctoolchain/usr/bin/clang -x objective-c -ivfsstatcache /Users/aniskedidi/Library/Developer/Xcode/DerivedData/SDKStatCaches.noindex/iphoneos26.5-23F81a-32daed1954a7d5dd0789fcaf2a9bb78b.sdkstatcache -target arm64-apple-ios16.0 -fmessage-length\=0 -fdiagnostics-show-note-include-stack -fmacro-backtrace-limit\=0 -fno-color-diagnostics -fmodules-prune-interval\=86400 -fmodules-prune-after\=345600 -fbuild-session-file\=/Users/aniskedidi/Library/Developer/Xcode/DerivedData/ModuleCache.noindex/Session.modulevalidation -fmodules-validate-once-per-build-session -Wnon-modular-include-in-framework-module -Werror\=non-modular-include-in-framework-module -Wno-trigraphs -Wno-missing-field-initializers -Wno-missing-prototypes -Werror\=return-type -Wdocumentation -Wunreachable-code -Wno-implicit-atomic-properties -Werror\=deprecated-objc-isa-usage -Wno-objc-interface-ivars -Werror\=objc-root-class -Wno-arc-repeated-use-of-weak -Wimplicit-retain-self -Wduplicate-method-match -Wno-missing-braces -Wparentheses -Wswitch -Wunused-function -Wno-unused-label -Wno-unused-parameter -Wunused-variable -Wunused-value -Wempty-body -Wuninitialized -Wconditional-uninitialized -Wno-unknown-pragmas -Wno-shadow -Wno-four-char-constants -Wno-conversion -Wconstant-conversion -Wint-conversion -Wbool-conversion -Wenum-conversion -Wno-float-conversion -Wnon-literal-null-conversion -Wobjc-literal-conversion -Wshorten-64-to-32 -Wpointer-sign -Wno-newline-eof -Wno-selector -Wno-strict-selector-match -Wundeclared-selector -Wdeprecated-implementations -Wno-implicit-fallthrough -isysroot /Applications/Xcode.app/Contents/Developer/Platforms/iPhoneOS.platform/Developer/SDKs/iPhoneOS26.5.sdk -fstrict-aliasing -Wprotocol -Wdeprecated-declarations -Wno-sign-conversion -Winfinite-recursion -Wcomma -Wblock-capture-autoreleasing -Wstrict-prototypes -Wno-semicolon-before-method-body -Wunguarded-availability -index-store-path /Users/aniskedidi/Library/Developer/Xcode/DerivedData/anisflix-hhqtjtgkehjzwhfmetqsazeobjhe/Index.noindex/DataStore @/Users/aniskedidi/Library/Developer/Xcode/DerivedData/anisflix-hhqtjtgkehjzwhfmetqsazeobjhe/Build/Intermediates.noindex/Pods.build/Debug-iphoneos/GCDWebServer.build/Objects-normal/arm64/e6072d4f65d7061329687fe24e3d63a7-common-args.resp -include /Users/aniskedidi/Documents/perso/AnisFlix/ios-natve/anisflix/Pods/Target\ Support\ Files/GCDWebServer/GCDWebServer-prefix.pch -MMD -MT dependencies -MF /Users/aniskedidi/Library/Developer/Xcode/DerivedData/anisflix-hhqtjtgkehjzwhfmetqsazeobjhe/Build/Intermediates.noindex/Pods.build/Debug-iphoneos/GCDWebServer.build/Objects-normal/arm64/GCDWebServerErrorResponse.d --serialize-diagnostics /Users/aniskedidi/Library/Developer/Xcode/DerivedData/anisflix-hhqtjtgkehjzwhfmetqsazeobjhe/Build/Intermediates.noindex/Pods.build/Debug-iphoneos/GCDWebServer.build/Objects-normal/arm64/GCDWebServerErrorResponse.dia -c /Users/aniskedidi/Documents/perso/AnisFlix/ios-natve/anisflix/Pods/GCDWebServer/GCDWebServer/Responses/GCDWebServerErrorResponse.m -o /Users/aniskedidi/Library/Developer/Xcode/DerivedData/anisflix-hhqtjtgkehjzwhfmetqsazeobjhe/Build/Intermediates.noindex/Pods.build/Debug-iphoneos/GCDWebServer.build/Objects-normal/arm64/GCDWebServerErrorResponse.o -index-unit-output-path /Pods.build/Debug-iphoneos/GCDWebServer.build/Objects-normal/arm64/GCDWebServerErrorResponse.o

CompileC /Users/aniskedidi/Library/Developer/Xcode/DerivedData/anisflix-hhqtjtgkehjzwhfmetqsazeobjhe/Build/Intermediates.noindex/Pods.build/Debug-iphoneos/GCDWebServer.build/Objects-normal/arm64/GCDWebServerConnection.o /Users/aniskedidi/Documents/perso/AnisFlix/ios-natve/anisflix/Pods/GCDWebServer/GCDWebServer/Core/GCDWebServerConnection.m normal arm64 objective-c com.apple.compilers.llvm.clang.1_0.compiler (in target 'GCDWebServer' from project 'Pods')
    cd /Users/aniskedidi/Documents/perso/AnisFlix/ios-natve/anisflix/Pods
    
    Using response file: /Users/aniskedidi/Library/Developer/Xcode/DerivedData/anisflix-hhqtjtgkehjzwhfmetqsazeobjhe/Build/Intermediates.noindex/Pods.build/Debug-iphoneos/GCDWebServer.build/Objects-normal/arm64/e6072d4f65d7061329687fe24e3d63a7-common-args.resp
    
    /Applications/Xcode.app/Contents/Developer/Toolchains/XcodeDefault.xctoolchain/usr/bin/clang -x objective-c -ivfsstatcache /Users/aniskedidi/Library/Developer/Xcode/DerivedData/SDKStatCaches.noindex/iphoneos26.5-23F81a-32daed1954a7d5dd0789fcaf2a9bb78b.sdkstatcache -target arm64-apple-ios16.0 -fmessage-length\=0 -fdiagnostics-show-note-include-stack -fmacro-backtrace-limit\=0 -fno-color-diagnostics -fmodules-prune-interval\=86400 -fmodules-prune-after\=345600 -fbuild-session-file\=/Users/aniskedidi/Library/Developer/Xcode/DerivedData/ModuleCache.noindex/Session.modulevalidation -fmodules-validate-once-per-build-session -Wnon-modular-include-in-framework-module -Werror\=non-modular-include-in-framework-module -Wno-trigraphs -Wno-missing-field-initializers -Wno-missing-prototypes -Werror\=return-type -Wdocumentation -Wunreachable-code -Wno-implicit-atomic-properties -Werror\=deprecated-objc-isa-usage -Wno-objc-interface-ivars -Werror\=objc-root-class -Wno-arc-repeated-use-of-weak -Wimplicit-retain-self -Wduplicate-method-match -Wno-missing-braces -Wparentheses -Wswitch -Wunused-function -Wno-unused-label -Wno-unused-parameter -Wunused-variable -Wunused-value -Wempty-body -Wuninitialized -Wconditional-uninitialized -Wno-unknown-pragmas -Wno-shadow -Wno-four-char-constants -Wno-conversion -Wconstant-conversion -Wint-conversion -Wbool-conversion -Wenum-conversion -Wno-float-conversion -Wnon-literal-null-conversion -Wobjc-literal-conversion -Wshorten-64-to-32 -Wpointer-sign -Wno-newline-eof -Wno-selector -Wno-strict-selector-match -Wundeclared-selector -Wdeprecated-implementations -Wno-implicit-fallthrough -isysroot /Applications/Xcode.app/Contents/Developer/Platforms/iPhoneOS.platform/Developer/SDKs/iPhoneOS26.5.sdk -fstrict-aliasing -Wprotocol -Wdeprecated-declarations -Wno-sign-conversion -Winfinite-recursion -Wcomma -Wblock-capture-autoreleasing -Wstrict-prototypes -Wno-semicolon-before-method-body -Wunguarded-availability -index-store-path /Users/aniskedidi/Library/Developer/Xcode/DerivedData/anisflix-hhqtjtgkehjzwhfmetqsazeobjhe/Index.noindex/DataStore @/Users/aniskedidi/Library/Developer/Xcode/DerivedData/anisflix-hhqtjtgkehjzwhfmetqsazeobjhe/Build/Intermediates.noindex/Pods.build/Debug-iphoneos/GCDWebServer.build/Objects-normal/arm64/e6072d4f65d7061329687fe24e3d63a7-common-args.resp -include /Users/aniskedidi/Documents/perso/AnisFlix/ios-natve/anisflix/Pods/Target\ Support\ Files/GCDWebServer/GCDWebServer-prefix.pch -MMD -MT dependencies -MF /Users/aniskedidi/Library/Developer/Xcode/DerivedData/anisflix-hhqtjtgkehjzwhfmetqsazeobjhe/Build/Intermediates.noindex/Pods.build/Debug-iphoneos/GCDWebServer.build/Objects-normal/arm64/GCDWebServerConnection.d --serialize-diagnostics /Users/aniskedidi/Library/Developer/Xcode/DerivedData/anisflix-hhqtjtgkehjzwhfmetqsazeobjhe/Build/Intermediates.noindex/Pods.build/Debug-iphoneos/GCDWebServer.build/Objects-normal/arm64/GCDWebServerConnection.dia -c /Users/aniskedidi/Documents/perso/AnisFlix/ios-natve/anisflix/Pods/GCDWebServer/GCDWebServer/Core/GCDWebServerConnection.m -o /Users/aniskedidi/Library/Developer/Xcode/DerivedData/anisflix-hhqtjtgkehjzwhfmetqsazeobjhe/Build/Intermediates.noindex/Pods.build/Debug-iphoneos/GCDWebServer.build/Objects-normal/arm64/GCDWebServerConnection.o -index-unit-output-path /Pods.build/Debug-iphoneos/GCDWebServer.build/Objects-normal/arm64/GCDWebServerConnection.o
/Users/aniskedidi/Documents/perso/AnisFlix/ios-natve/anisflix/Pods/GCDWebServer/GCDWebServer/Core/GCDWebServerConnection.m:782:106: warning: conditional expression between different enumeration types ('enum GCDWebServerRedirectionHTTPStatusCode' and 'enum GCDWebServerClientErrorHTTPStatusCode') [-Wenum-compare-conditional]
  782 |     NSInteger code = [request.method isEqualToString:@"HEAD"] || [request.method isEqualToString:@"GET"] ? kGCDWebServerHTTPStatusCode_NotModified : kGCDWebServerHTTPStatusCode_PreconditionFailed;
      |                                                                                                          ^ ~~~~~~~~~~~~~~~~~~~~~~~~~~~~~~~~~~~~~~~   ~~~~~~~~~~~~~~~~~~~~~~~~~~~~~~~~~~~~~~~~~~~~~~
1 warning generated.

CompileC /Users/aniskedidi/Library/Developer/Xcode/DerivedData/anisflix-hhqtjtgkehjzwhfmetqsazeobjhe/Build/Intermediates.noindex/Pods.build/Debug-iphoneos/GCDWebServer.build/Objects-normal/arm64/GCDWebServerURLEncodedFormRequest.o /Users/aniskedidi/Documents/perso/AnisFlix/ios-natve/anisflix/Pods/GCDWebServer/GCDWebServer/Requests/GCDWebServerURLEncodedFormRequest.m normal arm64 objective-c com.apple.compilers.llvm.clang.1_0.compiler (in target 'GCDWebServer' from project 'Pods')
    cd /Users/aniskedidi/Documents/perso/AnisFlix/ios-natve/anisflix/Pods
    
    Using response file: /Users/aniskedidi/Library/Developer/Xcode/DerivedData/anisflix-hhqtjtgkehjzwhfmetqsazeobjhe/Build/Intermediates.noindex/Pods.build/Debug-iphoneos/GCDWebServer.build/Objects-normal/arm64/e6072d4f65d7061329687fe24e3d63a7-common-args.resp
    
    /Applications/Xcode.app/Contents/Developer/Toolchains/XcodeDefault.xctoolchain/usr/bin/clang -x objective-c -ivfsstatcache /Users/aniskedidi/Library/Developer/Xcode/DerivedData/SDKStatCaches.noindex/iphoneos26.5-23F81a-32daed1954a7d5dd0789fcaf2a9bb78b.sdkstatcache -target arm64-apple-ios16.0 -fmessage-length\=0 -fdiagnostics-show-note-include-stack -fmacro-backtrace-limit\=0 -fno-color-diagnostics -fmodules-prune-interval\=86400 -fmodules-prune-after\=345600 -fbuild-session-file\=/Users/aniskedidi/Library/Developer/Xcode/DerivedData/ModuleCache.noindex/Session.modulevalidation -fmodules-validate-once-per-build-session -Wnon-modular-include-in-framework-module -Werror\=non-modular-include-in-framework-module -Wno-trigraphs -Wno-missing-field-initializers -Wno-missing-prototypes -Werror\=return-type -Wdocumentation -Wunreachable-code -Wno-implicit-atomic-properties -Werror\=deprecated-objc-isa-usage -Wno-objc-interface-ivars -Werror\=objc-root-class -Wno-arc-repeated-use-of-weak -Wimplicit-retain-self -Wduplicate-method-match -Wno-missing-braces -Wparentheses -Wswitch -Wunused-function -Wno-unused-label -Wno-unused-parameter -Wunused-variable -Wunused-value -Wempty-body -Wuninitialized -Wconditional-uninitialized -Wno-unknown-pragmas -Wno-shadow -Wno-four-char-constants -Wno-conversion -Wconstant-conversion -Wint-conversion -Wbool-conversion -Wenum-conversion -Wno-float-conversion -Wnon-literal-null-conversion -Wobjc-literal-conversion -Wshorten-64-to-32 -Wpointer-sign -Wno-newline-eof -Wno-selector -Wno-strict-selector-match -Wundeclared-selector -Wdeprecated-implementations -Wno-implicit-fallthrough -isysroot /Applications/Xcode.app/Contents/Developer/Platforms/iPhoneOS.platform/Developer/SDKs/iPhoneOS26.5.sdk -fstrict-aliasing -Wprotocol -Wdeprecated-declarations -Wno-sign-conversion -Winfinite-recursion -Wcomma -Wblock-capture-autoreleasing -Wstrict-prototypes -Wno-semicolon-before-method-body -Wunguarded-availability -index-store-path /Users/aniskedidi/Library/Developer/Xcode/DerivedData/anisflix-hhqtjtgkehjzwhfmetqsazeobjhe/Index.noindex/DataStore @/Users/aniskedidi/Library/Developer/Xcode/DerivedData/anisflix-hhqtjtgkehjzwhfmetqsazeobjhe/Build/Intermediates.noindex/Pods.build/Debug-iphoneos/GCDWebServer.build/Objects-normal/arm64/e6072d4f65d7061329687fe24e3d63a7-common-args.resp -include /Users/aniskedidi/Documents/perso/AnisFlix/ios-natve/anisflix/Pods/Target\ Support\ Files/GCDWebServer/GCDWebServer-prefix.pch -MMD -MT dependencies -MF /Users/aniskedidi/Library/Developer/Xcode/DerivedData/anisflix-hhqtjtgkehjzwhfmetqsazeobjhe/Build/Intermediates.noindex/Pods.build/Debug-iphoneos/GCDWebServer.build/Objects-normal/arm64/GCDWebServerURLEncodedFormRequest.d --serialize-diagnostics /Users/aniskedidi/Library/Developer/Xcode/DerivedData/anisflix-hhqtjtgkehjzwhfmetqsazeobjhe/Build/Intermediates.noindex/Pods.build/Debug-iphoneos/GCDWebServer.build/Objects-normal/arm64/GCDWebServerURLEncodedFormRequest.dia -c /Users/aniskedidi/Documents/perso/AnisFlix/ios-natve/anisflix/Pods/GCDWebServer/GCDWebServer/Requests/GCDWebServerURLEncodedFormRequest.m -o /Users/aniskedidi/Library/Developer/Xcode/DerivedData/anisflix-hhqtjtgkehjzwhfmetqsazeobjhe/Build/Intermediates.noindex/Pods.build/Debug-iphoneos/GCDWebServer.build/Objects-normal/arm64/GCDWebServerURLEncodedFormRequest.o -index-unit-output-path /Pods.build/Debug-iphoneos/GCDWebServer.build/Objects-normal/arm64/GCDWebServerURLEncodedFormRequest.o

CompileC /Users/aniskedidi/Library/Developer/Xcode/DerivedData/anisflix-hhqtjtgkehjzwhfmetqsazeobjhe/Build/Intermediates.noindex/Pods.build/Debug-iphoneos/GCDWebServer.build/Objects-normal/arm64/GCDWebServerResponse.o /Users/aniskedidi/Documents/perso/AnisFlix/ios-natve/anisflix/Pods/GCDWebServer/GCDWebServer/Core/GCDWebServerResponse.m normal arm64 objective-c com.apple.compilers.llvm.clang.1_0.compiler (in target 'GCDWebServer' from project 'Pods')
    cd /Users/aniskedidi/Documents/perso/AnisFlix/ios-natve/anisflix/Pods
    
    Using response file: /Users/aniskedidi/Library/Developer/Xcode/DerivedData/anisflix-hhqtjtgkehjzwhfmetqsazeobjhe/Build/Intermediates.noindex/Pods.build/Debug-iphoneos/GCDWebServer.build/Objects-normal/arm64/e6072d4f65d7061329687fe24e3d63a7-common-args.resp
    
    /Applications/Xcode.app/Contents/Developer/Toolchains/XcodeDefault.xctoolchain/usr/bin/clang -x objective-c -ivfsstatcache /Users/aniskedidi/Library/Developer/Xcode/DerivedData/SDKStatCaches.noindex/iphoneos26.5-23F81a-32daed1954a7d5dd0789fcaf2a9bb78b.sdkstatcache -target arm64-apple-ios16.0 -fmessage-length\=0 -fdiagnostics-show-note-include-stack -fmacro-backtrace-limit\=0 -fno-color-diagnostics -fmodules-prune-interval\=86400 -fmodules-prune-after\=345600 -fbuild-session-file\=/Users/aniskedidi/Library/Developer/Xcode/DerivedData/ModuleCache.noindex/Session.modulevalidation -fmodules-validate-once-per-build-session -Wnon-modular-include-in-framework-module -Werror\=non-modular-include-in-framework-module -Wno-trigraphs -Wno-missing-field-initializers -Wno-missing-prototypes -Werror\=return-type -Wdocumentation -Wunreachable-code -Wno-implicit-atomic-properties -Werror\=deprecated-objc-isa-usage -Wno-objc-interface-ivars -Werror\=objc-root-class -Wno-arc-repeated-use-of-weak -Wimplicit-retain-self -Wduplicate-method-match -Wno-missing-braces -Wparentheses -Wswitch -Wunused-function -Wno-unused-label -Wno-unused-parameter -Wunused-variable -Wunused-value -Wempty-body -Wuninitialized -Wconditional-uninitialized -Wno-unknown-pragmas -Wno-shadow -Wno-four-char-constants -Wno-conversion -Wconstant-conversion -Wint-conversion -Wbool-conversion -Wenum-conversion -Wno-float-conversion -Wnon-literal-null-conversion -Wobjc-literal-conversion -Wshorten-64-to-32 -Wpointer-sign -Wno-newline-eof -Wno-selector -Wno-strict-selector-match -Wundeclared-selector -Wdeprecated-implementations -Wno-implicit-fallthrough -isysroot /Applications/Xcode.app/Contents/Developer/Platforms/iPhoneOS.platform/Developer/SDKs/iPhoneOS26.5.sdk -fstrict-aliasing -Wprotocol -Wdeprecated-declarations -Wno-sign-conversion -Winfinite-recursion -Wcomma -Wblock-capture-autoreleasing -Wstrict-prototypes -Wno-semicolon-before-method-body -Wunguarded-availability -index-store-path /Users/aniskedidi/Library/Developer/Xcode/DerivedData/anisflix-hhqtjtgkehjzwhfmetqsazeobjhe/Index.noindex/DataStore @/Users/aniskedidi/Library/Developer/Xcode/DerivedData/anisflix-hhqtjtgkehjzwhfmetqsazeobjhe/Build/Intermediates.noindex/Pods.build/Debug-iphoneos/GCDWebServer.build/Objects-normal/arm64/e6072d4f65d7061329687fe24e3d63a7-common-args.resp -include /Users/aniskedidi/Documents/perso/AnisFlix/ios-natve/anisflix/Pods/Target\ Support\ Files/GCDWebServer/GCDWebServer-prefix.pch -MMD -MT dependencies -MF /Users/aniskedidi/Library/Developer/Xcode/DerivedData/anisflix-hhqtjtgkehjzwhfmetqsazeobjhe/Build/Intermediates.noindex/Pods.build/Debug-iphoneos/GCDWebServer.build/Objects-normal/arm64/GCDWebServerResponse.d --serialize-diagnostics /Users/aniskedidi/Library/Developer/Xcode/DerivedData/anisflix-hhqtjtgkehjzwhfmetqsazeobjhe/Build/Intermediates.noindex/Pods.build/Debug-iphoneos/GCDWebServer.build/Objects-normal/arm64/GCDWebServerResponse.dia -c /Users/aniskedidi/Documents/perso/AnisFlix/ios-natve/anisflix/Pods/GCDWebServer/GCDWebServer/Core/GCDWebServerResponse.m -o /Users/aniskedidi/Library/Developer/Xcode/DerivedData/anisflix-hhqtjtgkehjzwhfmetqsazeobjhe/Build/Intermediates.noindex/Pods.build/Debug-iphoneos/GCDWebServer.build/Objects-normal/arm64/GCDWebServerResponse.o -index-unit-output-path /Pods.build/Debug-iphoneos/GCDWebServer.build/Objects-normal/arm64/GCDWebServerResponse.o

CompileC /Users/aniskedidi/Library/Developer/Xcode/DerivedData/anisflix-hhqtjtgkehjzwhfmetqsazeobjhe/Build/Intermediates.noindex/Pods.build/Debug-iphoneos/GCDWebServer.build/Objects-normal/arm64/GCDWebServerStreamedResponse.o /Users/aniskedidi/Documents/perso/AnisFlix/ios-natve/anisflix/Pods/GCDWebServer/GCDWebServer/Responses/GCDWebServerStreamedResponse.m normal arm64 objective-c com.apple.compilers.llvm.clang.1_0.compiler (in target 'GCDWebServer' from project 'Pods')
    cd /Users/aniskedidi/Documents/perso/AnisFlix/ios-natve/anisflix/Pods
    
    Using response file: /Users/aniskedidi/Library/Developer/Xcode/DerivedData/anisflix-hhqtjtgkehjzwhfmetqsazeobjhe/Build/Intermediates.noindex/Pods.build/Debug-iphoneos/GCDWebServer.build/Objects-normal/arm64/e6072d4f65d7061329687fe24e3d63a7-common-args.resp
    
    /Applications/Xcode.app/Contents/Developer/Toolchains/XcodeDefault.xctoolchain/usr/bin/clang -x objective-c -ivfsstatcache /Users/aniskedidi/Library/Developer/Xcode/DerivedData/SDKStatCaches.noindex/iphoneos26.5-23F81a-32daed1954a7d5dd0789fcaf2a9bb78b.sdkstatcache -target arm64-apple-ios16.0 -fmessage-length\=0 -fdiagnostics-show-note-include-stack -fmacro-backtrace-limit\=0 -fno-color-diagnostics -fmodules-prune-interval\=86400 -fmodules-prune-after\=345600 -fbuild-session-file\=/Users/aniskedidi/Library/Developer/Xcode/DerivedData/ModuleCache.noindex/Session.modulevalidation -fmodules-validate-once-per-build-session -Wnon-modular-include-in-framework-module -Werror\=non-modular-include-in-framework-module -Wno-trigraphs -Wno-missing-field-initializers -Wno-missing-prototypes -Werror\=return-type -Wdocumentation -Wunreachable-code -Wno-implicit-atomic-properties -Werror\=deprecated-objc-isa-usage -Wno-objc-interface-ivars -Werror\=objc-root-class -Wno-arc-repeated-use-of-weak -Wimplicit-retain-self -Wduplicate-method-match -Wno-missing-braces -Wparentheses -Wswitch -Wunused-function -Wno-unused-label -Wno-unused-parameter -Wunused-variable -Wunused-value -Wempty-body -Wuninitialized -Wconditional-uninitialized -Wno-unknown-pragmas -Wno-shadow -Wno-four-char-constants -Wno-conversion -Wconstant-conversion -Wint-conversion -Wbool-conversion -Wenum-conversion -Wno-float-conversion -Wnon-literal-null-conversion -Wobjc-literal-conversion -Wshorten-64-to-32 -Wpointer-sign -Wno-newline-eof -Wno-selector -Wno-strict-selector-match -Wundeclared-selector -Wdeprecated-implementations -Wno-implicit-fallthrough -isysroot /Applications/Xcode.app/Contents/Developer/Platforms/iPhoneOS.platform/Developer/SDKs/iPhoneOS26.5.sdk -fstrict-aliasing -Wprotocol -Wdeprecated-declarations -Wno-sign-conversion -Winfinite-recursion -Wcomma -Wblock-capture-autoreleasing -Wstrict-prototypes -Wno-semicolon-before-method-body -Wunguarded-availability -index-store-path /Users/aniskedidi/Library/Developer/Xcode/DerivedData/anisflix-hhqtjtgkehjzwhfmetqsazeobjhe/Index.noindex/DataStore @/Users/aniskedidi/Library/Developer/Xcode/DerivedData/anisflix-hhqtjtgkehjzwhfmetqsazeobjhe/Build/Intermediates.noindex/Pods.build/Debug-iphoneos/GCDWebServer.build/Objects-normal/arm64/e6072d4f65d7061329687fe24e3d63a7-common-args.resp -include /Users/aniskedidi/Documents/perso/AnisFlix/ios-natve/anisflix/Pods/Target\ Support\ Files/GCDWebServer/GCDWebServer-prefix.pch -MMD -MT dependencies -MF /Users/aniskedidi/Library/Developer/Xcode/DerivedData/anisflix-hhqtjtgkehjzwhfmetqsazeobjhe/Build/Intermediates.noindex/Pods.build/Debug-iphoneos/GCDWebServer.build/Objects-normal/arm64/GCDWebServerStreamedResponse.d --serialize-diagnostics /Users/aniskedidi/Library/Developer/Xcode/DerivedData/anisflix-hhqtjtgkehjzwhfmetqsazeobjhe/Build/Intermediates.noindex/Pods.build/Debug-iphoneos/GCDWebServer.build/Objects-normal/arm64/GCDWebServerStreamedResponse.dia -c /Users/aniskedidi/Documents/perso/AnisFlix/ios-natve/anisflix/Pods/GCDWebServer/GCDWebServer/Responses/GCDWebServerStreamedResponse.m -o /Users/aniskedidi/Library/Developer/Xcode/DerivedData/anisflix-hhqtjtgkehjzwhfmetqsazeobjhe/Build/Intermediates.noindex/Pods.build/Debug-iphoneos/GCDWebServer.build/Objects-normal/arm64/GCDWebServerStreamedResponse.o -index-unit-output-path /Pods.build/Debug-iphoneos/GCDWebServer.build/Objects-normal/arm64/GCDWebServerStreamedResponse.o

CompileC /Users/aniskedidi/Library/Developer/Xcode/DerivedData/anisflix-hhqtjtgkehjzwhfmetqsazeobjhe/Build/Intermediates.noindex/Pods.build/Debug-iphoneos/GCDWebServer.build/Objects-normal/arm64/GCDWebServerRequest.o /Users/aniskedidi/Documents/perso/AnisFlix/ios-natve/anisflix/Pods/GCDWebServer/GCDWebServer/Core/GCDWebServerRequest.m normal arm64 objective-c com.apple.compilers.llvm.clang.1_0.compiler (in target 'GCDWebServer' from project 'Pods')
    cd /Users/aniskedidi/Documents/perso/AnisFlix/ios-natve/anisflix/Pods
    
    Using response file: /Users/aniskedidi/Library/Developer/Xcode/DerivedData/anisflix-hhqtjtgkehjzwhfmetqsazeobjhe/Build/Intermediates.noindex/Pods.build/Debug-iphoneos/GCDWebServer.build/Objects-normal/arm64/e6072d4f65d7061329687fe24e3d63a7-common-args.resp
    
    /Applications/Xcode.app/Contents/Developer/Toolchains/XcodeDefault.xctoolchain/usr/bin/clang -x objective-c -ivfsstatcache /Users/aniskedidi/Library/Developer/Xcode/DerivedData/SDKStatCaches.noindex/iphoneos26.5-23F81a-32daed1954a7d5dd0789fcaf2a9bb78b.sdkstatcache -target arm64-apple-ios16.0 -fmessage-length\=0 -fdiagnostics-show-note-include-stack -fmacro-backtrace-limit\=0 -fno-color-diagnostics -fmodules-prune-interval\=86400 -fmodules-prune-after\=345600 -fbuild-session-file\=/Users/aniskedidi/Library/Developer/Xcode/DerivedData/ModuleCache.noindex/Session.modulevalidation -fmodules-validate-once-per-build-session -Wnon-modular-include-in-framework-module -Werror\=non-modular-include-in-framework-module -Wno-trigraphs -Wno-missing-field-initializers -Wno-missing-prototypes -Werror\=return-type -Wdocumentation -Wunreachable-code -Wno-implicit-atomic-properties -Werror\=deprecated-objc-isa-usage -Wno-objc-interface-ivars -Werror\=objc-root-class -Wno-arc-repeated-use-of-weak -Wimplicit-retain-self -Wduplicate-method-match -Wno-missing-braces -Wparentheses -Wswitch -Wunused-function -Wno-unused-label -Wno-unused-parameter -Wunused-variable -Wunused-value -Wempty-body -Wuninitialized -Wconditional-uninitialized -Wno-unknown-pragmas -Wno-shadow -Wno-four-char-constants -Wno-conversion -Wconstant-conversion -Wint-conversion -Wbool-conversion -Wenum-conversion -Wno-float-conversion -Wnon-literal-null-conversion -Wobjc-literal-conversion -Wshorten-64-to-32 -Wpointer-sign -Wno-newline-eof -Wno-selector -Wno-strict-selector-match -Wundeclared-selector -Wdeprecated-implementations -Wno-implicit-fallthrough -isysroot /Applications/Xcode.app/Contents/Developer/Platforms/iPhoneOS.platform/Developer/SDKs/iPhoneOS26.5.sdk -fstrict-aliasing -Wprotocol -Wdeprecated-declarations -Wno-sign-conversion -Winfinite-recursion -Wcomma -Wblock-capture-autoreleasing -Wstrict-prototypes -Wno-semicolon-before-method-body -Wunguarded-availability -index-store-path /Users/aniskedidi/Library/Developer/Xcode/DerivedData/anisflix-hhqtjtgkehjzwhfmetqsazeobjhe/Index.noindex/DataStore @/Users/aniskedidi/Library/Developer/Xcode/DerivedData/anisflix-hhqtjtgkehjzwhfmetqsazeobjhe/Build/Intermediates.noindex/Pods.build/Debug-iphoneos/GCDWebServer.build/Objects-normal/arm64/e6072d4f65d7061329687fe24e3d63a7-common-args.resp -include /Users/aniskedidi/Documents/perso/AnisFlix/ios-natve/anisflix/Pods/Target\ Support\ Files/GCDWebServer/GCDWebServer-prefix.pch -MMD -MT dependencies -MF /Users/aniskedidi/Library/Developer/Xcode/DerivedData/anisflix-hhqtjtgkehjzwhfmetqsazeobjhe/Build/Intermediates.noindex/Pods.build/Debug-iphoneos/GCDWebServer.build/Objects-normal/arm64/GCDWebServerRequest.d --serialize-diagnostics /Users/aniskedidi/Library/Developer/Xcode/DerivedData/anisflix-hhqtjtgkehjzwhfmetqsazeobjhe/Build/Intermediates.noindex/Pods.build/Debug-iphoneos/GCDWebServer.build/Objects-normal/arm64/GCDWebServerRequest.dia -c /Users/aniskedidi/Documents/perso/AnisFlix/ios-natve/anisflix/Pods/GCDWebServer/GCDWebServer/Core/GCDWebServerRequest.m -o /Users/aniskedidi/Library/Developer/Xcode/DerivedData/anisflix-hhqtjtgkehjzwhfmetqsazeobjhe/Build/Intermediates.noindex/Pods.build/Debug-iphoneos/GCDWebServer.build/Objects-normal/arm64/GCDWebServerRequest.o -index-unit-output-path /Pods.build/Debug-iphoneos/GCDWebServer.build/Objects-normal/arm64/GCDWebServerRequest.o

CompileC /Users/aniskedidi/Library/Developer/Xcode/DerivedData/anisflix-hhqtjtgkehjzwhfmetqsazeobjhe/Build/Intermediates.noindex/Pods.build/Debug-iphoneos/GCDWebServer.build/Objects-normal/arm64/GCDWebServerMultiPartFormRequest.o /Users/aniskedidi/Documents/perso/AnisFlix/ios-natve/anisflix/Pods/GCDWebServer/GCDWebServer/Requests/GCDWebServerMultiPartFormRequest.m normal arm64 objective-c com.apple.compilers.llvm.clang.1_0.compiler (in target 'GCDWebServer' from project 'Pods')
    cd /Users/aniskedidi/Documents/perso/AnisFlix/ios-natve/anisflix/Pods
    
    Using response file: /Users/aniskedidi/Library/Developer/Xcode/DerivedData/anisflix-hhqtjtgkehjzwhfmetqsazeobjhe/Build/Intermediates.noindex/Pods.build/Debug-iphoneos/GCDWebServer.build/Objects-normal/arm64/e6072d4f65d7061329687fe24e3d63a7-common-args.resp
    
    /Applications/Xcode.app/Contents/Developer/Toolchains/XcodeDefault.xctoolchain/usr/bin/clang -x objective-c -ivfsstatcache /Users/aniskedidi/Library/Developer/Xcode/DerivedData/SDKStatCaches.noindex/iphoneos26.5-23F81a-32daed1954a7d5dd0789fcaf2a9bb78b.sdkstatcache -target arm64-apple-ios16.0 -fmessage-length\=0 -fdiagnostics-show-note-include-stack -fmacro-backtrace-limit\=0 -fno-color-diagnostics -fmodules-prune-interval\=86400 -fmodules-prune-after\=345600 -fbuild-session-file\=/Users/aniskedidi/Library/Developer/Xcode/DerivedData/ModuleCache.noindex/Session.modulevalidation -fmodules-validate-once-per-build-session -Wnon-modular-include-in-framework-module -Werror\=non-modular-include-in-framework-module -Wno-trigraphs -Wno-missing-field-initializers -Wno-missing-prototypes -Werror\=return-type -Wdocumentation -Wunreachable-code -Wno-implicit-atomic-properties -Werror\=deprecated-objc-isa-usage -Wno-objc-interface-ivars -Werror\=objc-root-class -Wno-arc-repeated-use-of-weak -Wimplicit-retain-self -Wduplicate-method-match -Wno-missing-braces -Wparentheses -Wswitch -Wunused-function -Wno-unused-label -Wno-unused-parameter -Wunused-variable -Wunused-value -Wempty-body -Wuninitialized -Wconditional-uninitialized -Wno-unknown-pragmas -Wno-shadow -Wno-four-char-constants -Wno-conversion -Wconstant-conversion -Wint-conversion -Wbool-conversion -Wenum-conversion -Wno-float-conversion -Wnon-literal-null-conversion -Wobjc-literal-conversion -Wshorten-64-to-32 -Wpointer-sign -Wno-newline-eof -Wno-selector -Wno-strict-selector-match -Wundeclared-selector -Wdeprecated-implementations -Wno-implicit-fallthrough -isysroot /Applications/Xcode.app/Contents/Developer/Platforms/iPhoneOS.platform/Developer/SDKs/iPhoneOS26.5.sdk -fstrict-aliasing -Wprotocol -Wdeprecated-declarations -Wno-sign-conversion -Winfinite-recursion -Wcomma -Wblock-capture-autoreleasing -Wstrict-prototypes -Wno-semicolon-before-method-body -Wunguarded-availability -index-store-path /Users/aniskedidi/Library/Developer/Xcode/DerivedData/anisflix-hhqtjtgkehjzwhfmetqsazeobjhe/Index.noindex/DataStore @/Users/aniskedidi/Library/Developer/Xcode/DerivedData/anisflix-hhqtjtgkehjzwhfmetqsazeobjhe/Build/Intermediates.noindex/Pods.build/Debug-iphoneos/GCDWebServer.build/Objects-normal/arm64/e6072d4f65d7061329687fe24e3d63a7-common-args.resp -include /Users/aniskedidi/Documents/perso/AnisFlix/ios-natve/anisflix/Pods/Target\ Support\ Files/GCDWebServer/GCDWebServer-prefix.pch -MMD -MT dependencies -MF /Users/aniskedidi/Library/Developer/Xcode/DerivedData/anisflix-hhqtjtgkehjzwhfmetqsazeobjhe/Build/Intermediates.noindex/Pods.build/Debug-iphoneos/GCDWebServer.build/Objects-normal/arm64/GCDWebServerMultiPartFormRequest.d --serialize-diagnostics /Users/aniskedidi/Library/Developer/Xcode/DerivedData/anisflix-hhqtjtgkehjzwhfmetqsazeobjhe/Build/Intermediates.noindex/Pods.build/Debug-iphoneos/GCDWebServer.build/Objects-normal/arm64/GCDWebServerMultiPartFormRequest.dia -c /Users/aniskedidi/Documents/perso/AnisFlix/ios-natve/anisflix/Pods/GCDWebServer/GCDWebServer/Requests/GCDWebServerMultiPartFormRequest.m -o /Users/aniskedidi/Library/Developer/Xcode/DerivedData/anisflix-hhqtjtgkehjzwhfmetqsazeobjhe/Build/Intermediates.noindex/Pods.build/Debug-iphoneos/GCDWebServer.build/Objects-normal/arm64/GCDWebServerMultiPartFormRequest.o -index-unit-output-path /Pods.build/Debug-iphoneos/GCDWebServer.build/Objects-normal/arm64/GCDWebServerMultiPartFormRequest.o

CompileC /Users/aniskedidi/Library/Developer/Xcode/DerivedData/anisflix-hhqtjtgkehjzwhfmetqsazeobjhe/Build/Intermediates.noindex/Pods.build/Debug-iphoneos/GCDWebServer.build/Objects-normal/arm64/GCDWebServerFunctions.o /Users/aniskedidi/Documents/perso/AnisFlix/ios-natve/anisflix/Pods/GCDWebServer/GCDWebServer/Core/GCDWebServerFunctions.m normal arm64 objective-c com.apple.compilers.llvm.clang.1_0.compiler (in target 'GCDWebServer' from project 'Pods')
    cd /Users/aniskedidi/Documents/perso/AnisFlix/ios-natve/anisflix/Pods
    
    Using response file: /Users/aniskedidi/Library/Developer/Xcode/DerivedData/anisflix-hhqtjtgkehjzwhfmetqsazeobjhe/Build/Intermediates.noindex/Pods.build/Debug-iphoneos/GCDWebServer.build/Objects-normal/arm64/e6072d4f65d7061329687fe24e3d63a7-common-args.resp
    
    /Applications/Xcode.app/Contents/Developer/Toolchains/XcodeDefault.xctoolchain/usr/bin/clang -x objective-c -ivfsstatcache /Users/aniskedidi/Library/Developer/Xcode/DerivedData/SDKStatCaches.noindex/iphoneos26.5-23F81a-32daed1954a7d5dd0789fcaf2a9bb78b.sdkstatcache -target arm64-apple-ios16.0 -fmessage-length\=0 -fdiagnostics-show-note-include-stack -fmacro-backtrace-limit\=0 -fno-color-diagnostics -fmodules-prune-interval\=86400 -fmodules-prune-after\=345600 -fbuild-session-file\=/Users/aniskedidi/Library/Developer/Xcode/DerivedData/ModuleCache.noindex/Session.modulevalidation -fmodules-validate-once-per-build-session -Wnon-modular-include-in-framework-module -Werror\=non-modular-include-in-framework-module -Wno-trigraphs -Wno-missing-field-initializers -Wno-missing-prototypes -Werror\=return-type -Wdocumentation -Wunreachable-code -Wno-implicit-atomic-properties -Werror\=deprecated-objc-isa-usage -Wno-objc-interface-ivars -Werror\=objc-root-class -Wno-arc-repeated-use-of-weak -Wimplicit-retain-self -Wduplicate-method-match -Wno-missing-braces -Wparentheses -Wswitch -Wunused-function -Wno-unused-label -Wno-unused-parameter -Wunused-variable -Wunused-value -Wempty-body -Wuninitialized -Wconditional-uninitialized -Wno-unknown-pragmas -Wno-shadow -Wno-four-char-constants -Wno-conversion -Wconstant-conversion -Wint-conversion -Wbool-conversion -Wenum-conversion -Wno-float-conversion -Wnon-literal-null-conversion -Wobjc-literal-conversion -Wshorten-64-to-32 -Wpointer-sign -Wno-newline-eof -Wno-selector -Wno-strict-selector-match -Wundeclared-selector -Wdeprecated-implementations -Wno-implicit-fallthrough -isysroot /Applications/Xcode.app/Contents/Developer/Platforms/iPhoneOS.platform/Developer/SDKs/iPhoneOS26.5.sdk -fstrict-aliasing -Wprotocol -Wdeprecated-declarations -Wno-sign-conversion -Winfinite-recursion -Wcomma -Wblock-capture-autoreleasing -Wstrict-prototypes -Wno-semicolon-before-method-body -Wunguarded-availability -index-store-path /Users/aniskedidi/Library/Developer/Xcode/DerivedData/anisflix-hhqtjtgkehjzwhfmetqsazeobjhe/Index.noindex/DataStore @/Users/aniskedidi/Library/Developer/Xcode/DerivedData/anisflix-hhqtjtgkehjzwhfmetqsazeobjhe/Build/Intermediates.noindex/Pods.build/Debug-iphoneos/GCDWebServer.build/Objects-normal/arm64/e6072d4f65d7061329687fe24e3d63a7-common-args.resp -include /Users/aniskedidi/Documents/perso/AnisFlix/ios-natve/anisflix/Pods/Target\ Support\ Files/GCDWebServer/GCDWebServer-prefix.pch -MMD -MT dependencies -MF /Users/aniskedidi/Library/Developer/Xcode/DerivedData/anisflix-hhqtjtgkehjzwhfmetqsazeobjhe/Build/Intermediates.noindex/Pods.build/Debug-iphoneos/GCDWebServer.build/Objects-normal/arm64/GCDWebServerFunctions.d --serialize-diagnostics /Users/aniskedidi/Library/Developer/Xcode/DerivedData/anisflix-hhqtjtgkehjzwhfmetqsazeobjhe/Build/Intermediates.noindex/Pods.build/Debug-iphoneos/GCDWebServer.build/Objects-normal/arm64/GCDWebServerFunctions.dia -c /Users/aniskedidi/Documents/perso/AnisFlix/ios-natve/anisflix/Pods/GCDWebServer/GCDWebServer/Core/GCDWebServerFunctions.m -o /Users/aniskedidi/Library/Developer/Xcode/DerivedData/anisflix-hhqtjtgkehjzwhfmetqsazeobjhe/Build/Intermediates.noindex/Pods.build/Debug-iphoneos/GCDWebServer.build/Objects-normal/arm64/GCDWebServerFunctions.o -index-unit-output-path /Pods.build/Debug-iphoneos/GCDWebServer.build/Objects-normal/arm64/GCDWebServerFunctions.o
/Users/aniskedidi/Documents/perso/AnisFlix/ios-natve/anisflix/Pods/GCDWebServer/GCDWebServer/Core/GCDWebServerFunctions.m:51:37: warning: a function declaration without a prototype is deprecated in all versions of C [-Wstrict-prototypes]
   51 | void GCDWebServerInitializeFunctions() {
      |                                     ^
      |                                      void
/Users/aniskedidi/Documents/perso/AnisFlix/ios-natve/anisflix/Pods/GCDWebServer/GCDWebServer/Core/GCDWebServerFunctions.m:179:25: warning: 'UTTypeCreatePreferredIdentifierForTag' is deprecated: first deprecated in iOS 15.0 - Use the UTType class instead. [-Wdeprecated-declarations]
  179 |       CFStringRef uti = UTTypeCreatePreferredIdentifierForTag(kUTTagClassFilenameExtension, (__bridge CFStringRef)extension, NULL);
      |                         ^
In module 'MobileCoreServices' imported from /Users/aniskedidi/Documents/perso/AnisFlix/ios-natve/anisflix/Pods/GCDWebServer/GCDWebServer/Core/GCDWebServerFunctions.m:34:
In module 'CoreServices' imported from /Applications/Xcode.app/Contents/Developer/Platforms/iPhoneOS.platform/Developer/SDKs/iPhoneOS.sdk/System/Library/Frameworks/MobileCoreServices.framework/Headers/MobileCoreServices.h:9:
/Applications/Xcode.app/Contents/Developer/Platforms/iPhoneOS.platform/Developer/SDKs/iPhoneOS26.5.sdk/System/Library/Frameworks/CoreServices.framework/Headers/UTType.h:317:1: note: 'UTTypeCreatePreferredIdentifierForTag' has been explicitly marked deprecated here
  317 | UTTypeCreatePreferredIdentifierForTag(
      | ^
/Users/aniskedidi/Documents/perso/AnisFlix/ios-natve/anisflix/Pods/GCDWebServer/GCDWebServer/Core/GCDWebServerFunctions.m:179:63: warning: 'kUTTagClassFilenameExtension' is deprecated: first deprecated in iOS 15.0 - Use UTTagClassFilenameExtension instead. [-Wdeprecated-declarations]
  179 |       CFStringRef uti = UTTypeCreatePreferredIdentifierForTag(kUTTagClassFilenameExtension, (__bridge CFStringRef)extension, NULL);
      |                                                               ^
In module 'MobileCoreServices' imported from /Users/aniskedidi/Documents/perso/AnisFlix/ios-natve/anisflix/Pods/GCDWebServer/GCDWebServer/Core/GCDWebServerFunctions.m:34:
In module 'CoreServices' imported from /Applications/Xcode.app/Contents/Developer/Platforms/iPhoneOS.platform/Developer/SDKs/iPhoneOS.sdk/System/Library/Frameworks/MobileCoreServices.framework/Headers/MobileCoreServices.h:9:
/Applications/Xcode.app/Contents/Developer/Platforms/iPhoneOS.platform/Developer/SDKs/iPhoneOS26.5.sdk/System/Library/Frameworks/CoreServices.framework/Headers/UTType.h:258:26: note: 'kUTTagClassFilenameExtension' has been explicitly marked deprecated here
  258 | extern const CFStringRef kUTTagClassFilenameExtension                API_DEPRECATED("Use UTTagClassFilenameExtension instead.", ios(3.0, 15.0), macos(10.3, 12.0), tvos(9.0, 15.0), watchos(1.0, 8.0));
      |                          ^
/Users/aniskedidi/Documents/perso/AnisFlix/ios-natve/anisflix/Pods/GCDWebServer/GCDWebServer/Core/GCDWebServerFunctions.m:181:38: warning: 'UTTypeCopyPreferredTagWithClass' is deprecated: first deprecated in iOS 15.0 - Use the UTType class instead. [-Wdeprecated-declarations]
  181 |         mimeType = CFBridgingRelease(UTTypeCopyPreferredTagWithClass(uti, kUTTagClassMIMEType));
      |                                      ^
In module 'MobileCoreServices' imported from /Users/aniskedidi/Documents/perso/AnisFlix/ios-natve/anisflix/Pods/GCDWebServer/GCDWebServer/Core/GCDWebServerFunctions.m:34:
In module 'CoreServices' imported from /Applications/Xcode.app/Contents/Developer/Platforms/iPhoneOS.platform/Developer/SDKs/iPhoneOS.sdk/System/Library/Frameworks/MobileCoreServices.framework/Headers/MobileCoreServices.h:9:
/Applications/Xcode.app/Contents/Developer/Platforms/iPhoneOS.platform/Developer/SDKs/iPhoneOS26.5.sdk/System/Library/Frameworks/CoreServices.framework/Headers/UTType.h:395:1: note: 'UTTypeCopyPreferredTagWithClass' has been explicitly marked deprecated here
  395 | UTTypeCopyPreferredTagWithClass(
      | ^
/Users/aniskedidi/Documents/perso/AnisFlix/ios-natve/anisflix/Pods/GCDWebServer/GCDWebServer/Core/GCDWebServerFunctions.m:181:75: warning: 'kUTTagClassMIMEType' is deprecated: first deprecated in iOS 15.0 - Use UTTagClassMIMEType instead. [-Wdeprecated-declarations]
  181 |         mimeType = CFBridgingRelease(UTTypeCopyPreferredTagWithClass(uti, kUTTagClassMIMEType));
      |                                                                           ^
In module 'MobileCoreServices' imported from /Users/aniskedidi/Documents/perso/AnisFlix/ios-natve/anisflix/Pods/GCDWebServer/GCDWebServer/Core/GCDWebServerFunctions.m:34:
In module 'CoreServices' imported from /Applications/Xcode.app/Contents/Developer/Platforms/iPhoneOS.platform/Developer/SDKs/iPhoneOS.sdk/System/Library/Frameworks/MobileCoreServices.framework/Headers/MobileCoreServices.h:9:
/Applications/Xcode.app/Contents/Developer/Platforms/iPhoneOS.platform/Developer/SDKs/iPhoneOS26.5.sdk/System/Library/Frameworks/CoreServices.framework/Headers/UTType.h:262:26: note: 'kUTTagClassMIMEType' has been explicitly marked deprecated here
  262 | extern const CFStringRef kUTTagClassMIMEType                         API_DEPRECATED("Use UTTagClassMIMEType instead.", ios(3.0, 15.0), macos(10.3, 12.0), tvos(9.0, 15.0), watchos(1.0, 8.0));
      |                          ^
5 warnings generated.

CompileC /Users/aniskedidi/Library/Developer/Xcode/DerivedData/anisflix-hhqtjtgkehjzwhfmetqsazeobjhe/Build/Intermediates.noindex/Pods.build/Debug-iphoneos/GCDWebServer.build/Objects-normal/arm64/GCDWebServerFileResponse.o /Users/aniskedidi/Documents/perso/AnisFlix/ios-natve/anisflix/Pods/GCDWebServer/GCDWebServer/Responses/GCDWebServerFileResponse.m normal arm64 objective-c com.apple.compilers.llvm.clang.1_0.compiler (in target 'GCDWebServer' from project 'Pods')
    cd /Users/aniskedidi/Documents/perso/AnisFlix/ios-natve/anisflix/Pods
    
    Using response file: /Users/aniskedidi/Library/Developer/Xcode/DerivedData/anisflix-hhqtjtgkehjzwhfmetqsazeobjhe/Build/Intermediates.noindex/Pods.build/Debug-iphoneos/GCDWebServer.build/Objects-normal/arm64/e6072d4f65d7061329687fe24e3d63a7-common-args.resp
    
    /Applications/Xcode.app/Contents/Developer/Toolchains/XcodeDefault.xctoolchain/usr/bin/clang -x objective-c -ivfsstatcache /Users/aniskedidi/Library/Developer/Xcode/DerivedData/SDKStatCaches.noindex/iphoneos26.5-23F81a-32daed1954a7d5dd0789fcaf2a9bb78b.sdkstatcache -target arm64-apple-ios16.0 -fmessage-length\=0 -fdiagnostics-show-note-include-stack -fmacro-backtrace-limit\=0 -fno-color-diagnostics -fmodules-prune-interval\=86400 -fmodules-prune-after\=345600 -fbuild-session-file\=/Users/aniskedidi/Library/Developer/Xcode/DerivedData/ModuleCache.noindex/Session.modulevalidation -fmodules-validate-once-per-build-session -Wnon-modular-include-in-framework-module -Werror\=non-modular-include-in-framework-module -Wno-trigraphs -Wno-missing-field-initializers -Wno-missing-prototypes -Werror\=return-type -Wdocumentation -Wunreachable-code -Wno-implicit-atomic-properties -Werror\=deprecated-objc-isa-usage -Wno-objc-interface-ivars -Werror\=objc-root-class -Wno-arc-repeated-use-of-weak -Wimplicit-retain-self -Wduplicate-method-match -Wno-missing-braces -Wparentheses -Wswitch -Wunused-function -Wno-unused-label -Wno-unused-parameter -Wunused-variable -Wunused-value -Wempty-body -Wuninitialized -Wconditional-uninitialized -Wno-unknown-pragmas -Wno-shadow -Wno-four-char-constants -Wno-conversion -Wconstant-conversion -Wint-conversion -Wbool-conversion -Wenum-conversion -Wno-float-conversion -Wnon-literal-null-conversion -Wobjc-literal-conversion -Wshorten-64-to-32 -Wpointer-sign -Wno-newline-eof -Wno-selector -Wno-strict-selector-match -Wundeclared-selector -Wdeprecated-implementations -Wno-implicit-fallthrough -isysroot /Applications/Xcode.app/Contents/Developer/Platforms/iPhoneOS.platform/Developer/SDKs/iPhoneOS26.5.sdk -fstrict-aliasing -Wprotocol -Wdeprecated-declarations -Wno-sign-conversion -Winfinite-recursion -Wcomma -Wblock-capture-autoreleasing -Wstrict-prototypes -Wno-semicolon-before-method-body -Wunguarded-availability -index-store-path /Users/aniskedidi/Library/Developer/Xcode/DerivedData/anisflix-hhqtjtgkehjzwhfmetqsazeobjhe/Index.noindex/DataStore @/Users/aniskedidi/Library/Developer/Xcode/DerivedData/anisflix-hhqtjtgkehjzwhfmetqsazeobjhe/Build/Intermediates.noindex/Pods.build/Debug-iphoneos/GCDWebServer.build/Objects-normal/arm64/e6072d4f65d7061329687fe24e3d63a7-common-args.resp -include /Users/aniskedidi/Documents/perso/AnisFlix/ios-natve/anisflix/Pods/Target\ Support\ Files/GCDWebServer/GCDWebServer-prefix.pch -MMD -MT dependencies -MF /Users/aniskedidi/Library/Developer/Xcode/DerivedData/anisflix-hhqtjtgkehjzwhfmetqsazeobjhe/Build/Intermediates.noindex/Pods.build/Debug-iphoneos/GCDWebServer.build/Objects-normal/arm64/GCDWebServerFileResponse.d --serialize-diagnostics /Users/aniskedidi/Library/Developer/Xcode/DerivedData/anisflix-hhqtjtgkehjzwhfmetqsazeobjhe/Build/Intermediates.noindex/Pods.build/Debug-iphoneos/GCDWebServer.build/Objects-normal/arm64/GCDWebServerFileResponse.dia -c /Users/aniskedidi/Documents/perso/AnisFlix/ios-natve/anisflix/Pods/GCDWebServer/GCDWebServer/Responses/GCDWebServerFileResponse.m -o /Users/aniskedidi/Library/Developer/Xcode/DerivedData/anisflix-hhqtjtgkehjzwhfmetqsazeobjhe/Build/Intermediates.noindex/Pods.build/Debug-iphoneos/GCDWebServer.build/Objects-normal/arm64/GCDWebServerFileResponse.o -index-unit-output-path /Pods.build/Debug-iphoneos/GCDWebServer.build/Objects-normal/arm64/GCDWebServerFileResponse.o

CompileC /Users/aniskedidi/Library/Developer/Xcode/DerivedData/anisflix-hhqtjtgkehjzwhfmetqsazeobjhe/Build/Intermediates.noindex/Pods.build/Debug-iphoneos/GCDWebServer.build/Objects-normal/arm64/GCDWebServerDataRequest.o /Users/aniskedidi/Documents/perso/AnisFlix/ios-natve/anisflix/Pods/GCDWebServer/GCDWebServer/Requests/GCDWebServerDataRequest.m normal arm64 objective-c com.apple.compilers.llvm.clang.1_0.compiler (in target 'GCDWebServer' from project 'Pods')
    cd /Users/aniskedidi/Documents/perso/AnisFlix/ios-natve/anisflix/Pods
    
    Using response file: /Users/aniskedidi/Library/Developer/Xcode/DerivedData/anisflix-hhqtjtgkehjzwhfmetqsazeobjhe/Build/Intermediates.noindex/Pods.build/Debug-iphoneos/GCDWebServer.build/Objects-normal/arm64/e6072d4f65d7061329687fe24e3d63a7-common-args.resp
    
    /Applications/Xcode.app/Contents/Developer/Toolchains/XcodeDefault.xctoolchain/usr/bin/clang -x objective-c -ivfsstatcache /Users/aniskedidi/Library/Developer/Xcode/DerivedData/SDKStatCaches.noindex/iphoneos26.5-23F81a-32daed1954a7d5dd0789fcaf2a9bb78b.sdkstatcache -target arm64-apple-ios16.0 -fmessage-length\=0 -fdiagnostics-show-note-include-stack -fmacro-backtrace-limit\=0 -fno-color-diagnostics -fmodules-prune-interval\=86400 -fmodules-prune-after\=345600 -fbuild-session-file\=/Users/aniskedidi/Library/Developer/Xcode/DerivedData/ModuleCache.noindex/Session.modulevalidation -fmodules-validate-once-per-build-session -Wnon-modular-include-in-framework-module -Werror\=non-modular-include-in-framework-module -Wno-trigraphs -Wno-missing-field-initializers -Wno-missing-prototypes -Werror\=return-type -Wdocumentation -Wunreachable-code -Wno-implicit-atomic-properties -Werror\=deprecated-objc-isa-usage -Wno-objc-interface-ivars -Werror\=objc-root-class -Wno-arc-repeated-use-of-weak -Wimplicit-retain-self -Wduplicate-method-match -Wno-missing-braces -Wparentheses -Wswitch -Wunused-function -Wno-unused-label -Wno-unused-parameter -Wunused-variable -Wunused-value -Wempty-body -Wuninitialized -Wconditional-uninitialized -Wno-unknown-pragmas -Wno-shadow -Wno-four-char-constants -Wno-conversion -Wconstant-conversion -Wint-conversion -Wbool-conversion -Wenum-conversion -Wno-float-conversion -Wnon-literal-null-conversion -Wobjc-literal-conversion -Wshorten-64-to-32 -Wpointer-sign -Wno-newline-eof -Wno-selector -Wno-strict-selector-match -Wundeclared-selector -Wdeprecated-implementations -Wno-implicit-fallthrough -isysroot /Applications/Xcode.app/Contents/Developer/Platforms/iPhoneOS.platform/Developer/SDKs/iPhoneOS26.5.sdk -fstrict-aliasing -Wprotocol -Wdeprecated-declarations -Wno-sign-conversion -Winfinite-recursion -Wcomma -Wblock-capture-autoreleasing -Wstrict-prototypes -Wno-semicolon-before-method-body -Wunguarded-availability -index-store-path /Users/aniskedidi/Library/Developer/Xcode/DerivedData/anisflix-hhqtjtgkehjzwhfmetqsazeobjhe/Index.noindex/DataStore @/Users/aniskedidi/Library/Developer/Xcode/DerivedData/anisflix-hhqtjtgkehjzwhfmetqsazeobjhe/Build/Intermediates.noindex/Pods.build/Debug-iphoneos/GCDWebServer.build/Objects-normal/arm64/e6072d4f65d7061329687fe24e3d63a7-common-args.resp -include /Users/aniskedidi/Documents/perso/AnisFlix/ios-natve/anisflix/Pods/Target\ Support\ Files/GCDWebServer/GCDWebServer-prefix.pch -MMD -MT dependencies -MF /Users/aniskedidi/Library/Developer/Xcode/DerivedData/anisflix-hhqtjtgkehjzwhfmetqsazeobjhe/Build/Intermediates.noindex/Pods.build/Debug-iphoneos/GCDWebServer.build/Objects-normal/arm64/GCDWebServerDataRequest.d --serialize-diagnostics /Users/aniskedidi/Library/Developer/Xcode/DerivedData/anisflix-hhqtjtgkehjzwhfmetqsazeobjhe/Build/Intermediates.noindex/Pods.build/Debug-iphoneos/GCDWebServer.build/Objects-normal/arm64/GCDWebServerDataRequest.dia -c /Users/aniskedidi/Documents/perso/AnisFlix/ios-natve/anisflix/Pods/GCDWebServer/GCDWebServer/Requests/GCDWebServerDataRequest.m -o /Users/aniskedidi/Library/Developer/Xcode/DerivedData/anisflix-hhqtjtgkehjzwhfmetqsazeobjhe/Build/Intermediates.noindex/Pods.build/Debug-iphoneos/GCDWebServer.build/Objects-normal/arm64/GCDWebServerDataRequest.o -index-unit-output-path /Pods.build/Debug-iphoneos/GCDWebServer.build/Objects-normal/arm64/GCDWebServerDataRequest.o

CompileC /Users/aniskedidi/Library/Developer/Xcode/DerivedData/anisflix-hhqtjtgkehjzwhfmetqsazeobjhe/Build/Intermediates.noindex/Pods.build/Debug-iphoneos/GCDWebServer.build/Objects-normal/arm64/GCDWebServer-dummy.o /Users/aniskedidi/Documents/perso/AnisFlix/ios-natve/anisflix/Pods/Target\ Support\ Files/GCDWebServer/GCDWebServer-dummy.m normal arm64 objective-c com.apple.compilers.llvm.clang.1_0.compiler (in target 'GCDWebServer' from project 'Pods')
    cd /Users/aniskedidi/Documents/perso/AnisFlix/ios-natve/anisflix/Pods
    
    Using response file: /Users/aniskedidi/Library/Developer/Xcode/DerivedData/anisflix-hhqtjtgkehjzwhfmetqsazeobjhe/Build/Intermediates.noindex/Pods.build/Debug-iphoneos/GCDWebServer.build/Objects-normal/arm64/e6072d4f65d7061329687fe24e3d63a7-common-args.resp
    
    /Applications/Xcode.app/Contents/Developer/Toolchains/XcodeDefault.xctoolchain/usr/bin/clang -x objective-c -ivfsstatcache /Users/aniskedidi/Library/Developer/Xcode/DerivedData/SDKStatCaches.noindex/iphoneos26.5-23F81a-32daed1954a7d5dd0789fcaf2a9bb78b.sdkstatcache -target arm64-apple-ios16.0 -fmessage-length\=0 -fdiagnostics-show-note-include-stack -fmacro-backtrace-limit\=0 -fno-color-diagnostics -fmodules-prune-interval\=86400 -fmodules-prune-after\=345600 -fbuild-session-file\=/Users/aniskedidi/Library/Developer/Xcode/DerivedData/ModuleCache.noindex/Session.modulevalidation -fmodules-validate-once-per-build-session -Wnon-modular-include-in-framework-module -Werror\=non-modular-include-in-framework-module -Wno-trigraphs -Wno-missing-field-initializers -Wno-missing-prototypes -Werror\=return-type -Wdocumentation -Wunreachable-code -Wno-implicit-atomic-properties -Werror\=deprecated-objc-isa-usage -Wno-objc-interface-ivars -Werror\=objc-root-class -Wno-arc-repeated-use-of-weak -Wimplicit-retain-self -Wduplicate-method-match -Wno-missing-braces -Wparentheses -Wswitch -Wunused-function -Wno-unused-label -Wno-unused-parameter -Wunused-variable -Wunused-value -Wempty-body -Wuninitialized -Wconditional-uninitialized -Wno-unknown-pragmas -Wno-shadow -Wno-four-char-constants -Wno-conversion -Wconstant-conversion -Wint-conversion -Wbool-conversion -Wenum-conversion -Wno-float-conversion -Wnon-literal-null-conversion -Wobjc-literal-conversion -Wshorten-64-to-32 -Wpointer-sign -Wno-newline-eof -Wno-selector -Wno-strict-selector-match -Wundeclared-selector -Wdeprecated-implementations -Wno-implicit-fallthrough -isysroot /Applications/Xcode.app/Contents/Developer/Platforms/iPhoneOS.platform/Developer/SDKs/iPhoneOS26.5.sdk -fstrict-aliasing -Wprotocol -Wdeprecated-declarations -Wno-sign-conversion -Winfinite-recursion -Wcomma -Wblock-capture-autoreleasing -Wstrict-prototypes -Wno-semicolon-before-method-body -Wunguarded-availability -index-store-path /Users/aniskedidi/Library/Developer/Xcode/DerivedData/anisflix-hhqtjtgkehjzwhfmetqsazeobjhe/Index.noindex/DataStore @/Users/aniskedidi/Library/Developer/Xcode/DerivedData/anisflix-hhqtjtgkehjzwhfmetqsazeobjhe/Build/Intermediates.noindex/Pods.build/Debug-iphoneos/GCDWebServer.build/Objects-normal/arm64/e6072d4f65d7061329687fe24e3d63a7-common-args.resp -include /Users/aniskedidi/Documents/perso/AnisFlix/ios-natve/anisflix/Pods/Target\ Support\ Files/GCDWebServer/GCDWebServer-prefix.pch -MMD -MT dependencies -MF /Users/aniskedidi/Library/Developer/Xcode/DerivedData/anisflix-hhqtjtgkehjzwhfmetqsazeobjhe/Build/Intermediates.noindex/Pods.build/Debug-iphoneos/GCDWebServer.build/Objects-normal/arm64/GCDWebServer-dummy.d --serialize-diagnostics /Users/aniskedidi/Library/Developer/Xcode/DerivedData/anisflix-hhqtjtgkehjzwhfmetqsazeobjhe/Build/Intermediates.noindex/Pods.build/Debug-iphoneos/GCDWebServer.build/Objects-normal/arm64/GCDWebServer-dummy.dia -c /Users/aniskedidi/Documents/perso/AnisFlix/ios-natve/anisflix/Pods/Target\ Support\ Files/GCDWebServer/GCDWebServer-dummy.m -o /Users/aniskedidi/Library/Developer/Xcode/DerivedData/anisflix-hhqtjtgkehjzwhfmetqsazeobjhe/Build/Intermediates.noindex/Pods.build/Debug-iphoneos/GCDWebServer.build/Objects-normal/arm64/GCDWebServer-dummy.o -index-unit-output-path /Pods.build/Debug-iphoneos/GCDWebServer.build/Objects-normal/arm64/GCDWebServer-dummy.o

Ld /Users/aniskedidi/Library/Developer/Xcode/DerivedData/anisflix-hhqtjtgkehjzwhfmetqsazeobjhe/Build/Products/Debug-iphoneos/GCDWebServer/GCDWebServer.framework/GCDWebServer normal (in target 'GCDWebServer' from project 'Pods')
    cd /Users/aniskedidi/Documents/perso/AnisFlix/ios-natve/anisflix/Pods
    /Applications/Xcode.app/Contents/Developer/Toolchains/XcodeDefault.xctoolchain/usr/bin/clang -Xlinker -reproducible -target arm64-apple-ios16.0 -dynamiclib -isysroot /Applications/Xcode.app/Contents/Developer/Platforms/iPhoneOS.platform/Developer/SDKs/iPhoneOS26.5.sdk -O0 -L/Users/aniskedidi/Library/Developer/Xcode/DerivedData/anisflix-hhqtjtgkehjzwhfmetqsazeobjhe/Build/Intermediates.noindex/EagerLinkingTBDs/Debug-iphoneos -L/Users/aniskedidi/Library/Developer/Xcode/DerivedData/anisflix-hhqtjtgkehjzwhfmetqsazeobjhe/Build/Products/Debug-iphoneos/GCDWebServer -F/Users/aniskedidi/Library/Developer/Xcode/DerivedData/anisflix-hhqtjtgkehjzwhfmetqsazeobjhe/Build/Intermediates.noindex/EagerLinkingTBDs/Debug-iphoneos -F/Users/aniskedidi/Library/Developer/Xcode/DerivedData/anisflix-hhqtjtgkehjzwhfmetqsazeobjhe/Build/Products/Debug-iphoneos/GCDWebServer -filelist /Users/aniskedidi/Library/Developer/Xcode/DerivedData/anisflix-hhqtjtgkehjzwhfmetqsazeobjhe/Build/Intermediates.noindex/Pods.build/Debug-iphoneos/GCDWebServer.build/Objects-normal/arm64/GCDWebServer.LinkFileList -install_name @rpath/GCDWebServer.framework/GCDWebServer -Xlinker -rpath -Xlinker @executable_path/Frameworks -Xlinker -rpath -Xlinker @loader_path/Frameworks -Xlinker -dead_strip -Xlinker -object_path_lto -Xlinker /Users/aniskedidi/Library/Developer/Xcode/DerivedData/anisflix-hhqtjtgkehjzwhfmetqsazeobjhe/Build/Intermediates.noindex/Pods.build/Debug-iphoneos/GCDWebServer.build/Objects-normal/arm64/GCDWebServer_lto.o -rdynamic -Xlinker -no_deduplicate -Xlinker -dependency_info -Xlinker /Users/aniskedidi/Library/Developer/Xcode/DerivedData/anisflix-hhqtjtgkehjzwhfmetqsazeobjhe/Build/Intermediates.noindex/Pods.build/Debug-iphoneos/GCDWebServer.build/Objects-normal/arm64/GCDWebServer_dependency_info.dat -fobjc-arc -fobjc-link-runtime -lz -framework CFNetwork -framework MobileCoreServices -framework CFNetwork -framework Foundation -framework MobileCoreServices -compatibility_version 1 -current_version 1 -o /Users/aniskedidi/Library/Developer/Xcode/DerivedData/anisflix-hhqtjtgkehjzwhfmetqsazeobjhe/Build/Products/Debug-iphoneos/GCDWebServer/GCDWebServer.framework/GCDWebServer

GenerateTAPI /Users/aniskedidi/Library/Developer/Xcode/DerivedData/anisflix-hhqtjtgkehjzwhfmetqsazeobjhe/Build/Intermediates.noindex/EagerLinkingTBDs/Debug-iphoneos/GCDWebServer.framework/GCDWebServer.tbd (in target 'GCDWebServer' from project 'Pods')
    cd /Users/aniskedidi/Documents/perso/AnisFlix/ios-natve/anisflix/Pods
    /Applications/Xcode.app/Contents/Developer/Toolchains/XcodeDefault.xctoolchain/usr/bin/tapi stubify -isysroot /Applications/Xcode.app/Contents/Developer/Platforms/iPhoneOS.platform/Developer/SDKs/iPhoneOS26.5.sdk -F/Users/aniskedidi/Library/Developer/Xcode/DerivedData/anisflix-hhqtjtgkehjzwhfmetqsazeobjhe/Build/Products/Debug-iphoneos/GCDWebServer -L/Users/aniskedidi/Library/Developer/Xcode/DerivedData/anisflix-hhqtjtgkehjzwhfmetqsazeobjhe/Build/Products/Debug-iphoneos/GCDWebServer /Users/aniskedidi/Library/Developer/Xcode/DerivedData/anisflix-hhqtjtgkehjzwhfmetqsazeobjhe/Build/Products/Debug-iphoneos/GCDWebServer/GCDWebServer.framework/GCDWebServer -o /Users/aniskedidi/Library/Developer/Xcode/DerivedData/anisflix-hhqtjtgkehjzwhfmetqsazeobjhe/Build/Intermediates.noindex/EagerLinkingTBDs/Debug-iphoneos/GCDWebServer.framework/GCDWebServer.tbd

RegisterExecutionPolicyException /Users/aniskedidi/Library/Developer/Xcode/DerivedData/anisflix-hhqtjtgkehjzwhfmetqsazeobjhe/Build/Products/Debug-iphoneos/GCDWebServer/GCDWebServer.framework (in target 'GCDWebServer' from project 'Pods')
    cd /Users/aniskedidi/Documents/perso/AnisFlix/ios-natve/anisflix/Pods
    builtin-RegisterExecutionPolicyException /Users/aniskedidi/Library/Developer/Xcode/DerivedData/anisflix-hhqtjtgkehjzwhfmetqsazeobjhe/Build/Products/Debug-iphoneos/GCDWebServer/GCDWebServer.framework

Touch /Users/aniskedidi/Library/Developer/Xcode/DerivedData/anisflix-hhqtjtgkehjzwhfmetqsazeobjhe/Build/Products/Debug-iphoneos/GCDWebServer/GCDWebServer.framework (in target 'GCDWebServer' from project 'Pods')
    cd /Users/aniskedidi/Documents/perso/AnisFlix/ios-natve/anisflix/Pods
    /usr/bin/touch -c /Users/aniskedidi/Library/Developer/Xcode/DerivedData/anisflix-hhqtjtgkehjzwhfmetqsazeobjhe/Build/Products/Debug-iphoneos/GCDWebServer/GCDWebServer.framework

ProcessProductPackaging /Users/aniskedidi/Library/Developer/Xcode/UserData/Provisioning\ Profiles/2ae8588e-aa45-4335-ab48-f80d45355ab7.mobileprovision /Users/aniskedidi/Library/Developer/Xcode/DerivedData/anisflix-hhqtjtgkehjzwhfmetqsazeobjhe/Build/Products/Debug-iphoneos/AnisFlix.app/embedded.mobileprovision (in target 'AnisFlix' from project 'anisflix')
    cd /Users/aniskedidi/Documents/perso/AnisFlix/ios-natve/anisflix
    builtin-productPackagingUtility /Users/aniskedidi/Library/Developer/Xcode/UserData/Provisioning\ Profiles/2ae8588e-aa45-4335-ab48-f80d45355ab7.mobileprovision -o /Users/aniskedidi/Library/Developer/Xcode/DerivedData/anisflix-hhqtjtgkehjzwhfmetqsazeobjhe/Build/Products/Debug-iphoneos/AnisFlix.app/embedded.mobileprovision

ProcessProductPackaging "" /Users/aniskedidi/Library/Developer/Xcode/DerivedData/anisflix-hhqtjtgkehjzwhfmetqsazeobjhe/Build/Intermediates.noindex/anisflix.build/Debug-iphoneos/AnisFlix.build/AnisFlix.app.xcent (in target 'AnisFlix' from project 'anisflix')
    cd /Users/aniskedidi/Documents/perso/AnisFlix/ios-natve/anisflix
    
    Entitlements:
    
    {
    "application-identifier" = "LWM8C85Y26.com.anis.anisflix";
    "com.apple.developer.team-identifier" = LWM8C85Y26;
    "get-task-allow" = 1;
}
    
    builtin-productPackagingUtility -entitlements -format xml -o /Users/aniskedidi/Library/Developer/Xcode/DerivedData/anisflix-hhqtjtgkehjzwhfmetqsazeobjhe/Build/Intermediates.noindex/anisflix.build/Debug-iphoneos/AnisFlix.build/AnisFlix.app.xcent

ProcessInfoPlistFile /Users/aniskedidi/Library/Developer/Xcode/DerivedData/anisflix-hhqtjtgkehjzwhfmetqsazeobjhe/Build/Products/Debug-iphoneos/Pods_AnisFlix.framework/Info.plist /Users/aniskedidi/Documents/perso/AnisFlix/ios-natve/anisflix/Pods/Target\ Support\ Files/Pods-AnisFlix/Pods-AnisFlix-Info.plist (in target 'Pods-AnisFlix' from project 'Pods')
    cd /Users/aniskedidi/Documents/perso/AnisFlix/ios-natve/anisflix/Pods
    builtin-infoPlistUtility /Users/aniskedidi/Documents/perso/AnisFlix/ios-natve/anisflix/Pods/Target\ Support\ Files/Pods-AnisFlix/Pods-AnisFlix-Info.plist -producttype com.apple.product-type.framework -expandbuildsettings -format binary -platform iphoneos -requiredArchitecture arm64 -o /Users/aniskedidi/Library/Developer/Xcode/DerivedData/anisflix-hhqtjtgkehjzwhfmetqsazeobjhe/Build/Products/Debug-iphoneos/Pods_AnisFlix.framework/Info.plist

ProcessProductPackagingDER /Users/aniskedidi/Library/Developer/Xcode/DerivedData/anisflix-hhqtjtgkehjzwhfmetqsazeobjhe/Build/Intermediates.noindex/anisflix.build/Debug-iphoneos/AnisFlix.build/AnisFlix.app.xcent /Users/aniskedidi/Library/Developer/Xcode/DerivedData/anisflix-hhqtjtgkehjzwhfmetqsazeobjhe/Build/Intermediates.noindex/anisflix.build/Debug-iphoneos/AnisFlix.build/AnisFlix.app.xcent.der (in target 'AnisFlix' from project 'anisflix')
    cd /Users/aniskedidi/Documents/perso/AnisFlix/ios-natve/anisflix
    /usr/bin/derq query -f xml -i /Users/aniskedidi/Library/Developer/Xcode/DerivedData/anisflix-hhqtjtgkehjzwhfmetqsazeobjhe/Build/Intermediates.noindex/anisflix.build/Debug-iphoneos/AnisFlix.build/AnisFlix.app.xcent -o /Users/aniskedidi/Library/Developer/Xcode/DerivedData/anisflix-hhqtjtgkehjzwhfmetqsazeobjhe/Build/Intermediates.noindex/anisflix.build/Debug-iphoneos/AnisFlix.build/AnisFlix.app.xcent.der --raw

ScanDependencies /Users/aniskedidi/Library/Developer/Xcode/DerivedData/anisflix-hhqtjtgkehjzwhfmetqsazeobjhe/Build/Intermediates.noindex/Pods.build/Debug-iphoneos/Pods-AnisFlix.build/Objects-normal/arm64/Pods_AnisFlix_vers.o /Users/aniskedidi/Library/Developer/Xcode/DerivedData/anisflix-hhqtjtgkehjzwhfmetqsazeobjhe/Build/Intermediates.noindex/Pods.build/Debug-iphoneos/Pods-AnisFlix.build/DerivedSources/Pods_AnisFlix_vers.c normal arm64 c com.apple.compilers.llvm.clang.1_0.compiler (in target 'Pods-AnisFlix' from project 'Pods')
    cd /Users/aniskedidi/Documents/perso/AnisFlix/ios-natve/anisflix/Pods
    
    Using response file: /Users/aniskedidi/Library/Developer/Xcode/DerivedData/anisflix-hhqtjtgkehjzwhfmetqsazeobjhe/Build/Intermediates.noindex/Pods.build/Debug-iphoneos/Pods-AnisFlix.build/Objects-normal/arm64/7187679823f38a2a940e0043cdf9d637-common-args.resp
    
    builtin-ScanDependencies -o /Users/aniskedidi/Library/Developer/Xcode/DerivedData/anisflix-hhqtjtgkehjzwhfmetqsazeobjhe/Build/Intermediates.noindex/Pods.build/Debug-iphoneos/Pods-AnisFlix.build/Objects-normal/arm64/Pods_AnisFlix_vers.o.scan -- /Applications/Xcode.app/Contents/Developer/Toolchains/XcodeDefault.xctoolchain/usr/bin/clang -x c -ivfsstatcache /Users/aniskedidi/Library/Developer/Xcode/DerivedData/SDKStatCaches.noindex/iphoneos26.5-23F81a-32daed1954a7d5dd0789fcaf2a9bb78b.sdkstatcache -target arm64-apple-ios16.0 -fmessage-length\=0 -fdiagnostics-show-note-include-stack -fmacro-backtrace-limit\=0 -fno-color-diagnostics -fmodules-prune-interval\=86400 -fmodules-prune-after\=345600 -fbuild-session-file\=/Users/aniskedidi/Library/Developer/Xcode/DerivedData/ModuleCache.noindex/Session.modulevalidation -fmodules-validate-once-per-build-session -Wnon-modular-include-in-framework-module -Werror\=non-modular-include-in-framework-module -Wno-trigraphs -Wno-missing-field-initializers -Wno-missing-prototypes -Werror\=return-type -Wdocumentation -Wunreachable-code -Werror\=deprecated-objc-isa-usage -Werror\=objc-root-class -Wno-missing-braces -Wparentheses -Wswitch -Wunused-function -Wno-unused-label -Wno-unused-parameter -Wunused-variable -Wunused-value -Wempty-body -Wuninitialized -Wconditional-uninitialized -Wno-unknown-pragmas -Wno-shadow -Wno-four-char-constants -Wno-conversion -Wconstant-conversion -Wint-conversion -Wbool-conversion -Wenum-conversion -Wno-float-conversion -Wnon-literal-null-conversion -Wobjc-literal-conversion -Wshorten-64-to-32 -Wpointer-sign -Wno-newline-eof -Wno-implicit-fallthrough -isysroot /Applications/Xcode.app/Contents/Developer/Platforms/iPhoneOS.platform/Developer/SDKs/iPhoneOS26.5.sdk -fstrict-aliasing -Wdeprecated-declarations -Wno-sign-conversion -Winfinite-recursion -Wcomma -Wblock-capture-autoreleasing -Wstrict-prototypes -Wno-semicolon-before-method-body -Wunguarded-availability -index-store-path /Users/aniskedidi/Library/Developer/Xcode/DerivedData/anisflix-hhqtjtgkehjzwhfmetqsazeobjhe/Index.noindex/DataStore @/Users/aniskedidi/Library/Developer/Xcode/DerivedData/anisflix-hhqtjtgkehjzwhfmetqsazeobjhe/Build/Intermediates.noindex/Pods.build/Debug-iphoneos/Pods-AnisFlix.build/Objects-normal/arm64/7187679823f38a2a940e0043cdf9d637-common-args.resp -MMD -MT dependencies -MF /Users/aniskedidi/Library/Developer/Xcode/DerivedData/anisflix-hhqtjtgkehjzwhfmetqsazeobjhe/Build/Intermediates.noindex/Pods.build/Debug-iphoneos/Pods-AnisFlix.build/Objects-normal/arm64/Pods_AnisFlix_vers.d --serialize-diagnostics /Users/aniskedidi/Library/Developer/Xcode/DerivedData/anisflix-hhqtjtgkehjzwhfmetqsazeobjhe/Build/Intermediates.noindex/Pods.build/Debug-iphoneos/Pods-AnisFlix.build/Objects-normal/arm64/Pods_AnisFlix_vers.dia -c /Users/aniskedidi/Library/Developer/Xcode/DerivedData/anisflix-hhqtjtgkehjzwhfmetqsazeobjhe/Build/Intermediates.noindex/Pods.build/Debug-iphoneos/Pods-AnisFlix.build/DerivedSources/Pods_AnisFlix_vers.c -o /Users/aniskedidi/Library/Developer/Xcode/DerivedData/anisflix-hhqtjtgkehjzwhfmetqsazeobjhe/Build/Intermediates.noindex/Pods.build/Debug-iphoneos/Pods-AnisFlix.build/Objects-normal/arm64/Pods_AnisFlix_vers.o -index-unit-output-path /Pods.build/Debug-iphoneos/Pods-AnisFlix.build/Objects-normal/arm64/Pods_AnisFlix_vers.o

ScanDependencies /Users/aniskedidi/Library/Developer/Xcode/DerivedData/anisflix-hhqtjtgkehjzwhfmetqsazeobjhe/Build/Intermediates.noindex/Pods.build/Debug-iphoneos/Pods-AnisFlix.build/Objects-normal/arm64/Pods-AnisFlix-dummy.o /Users/aniskedidi/Documents/perso/AnisFlix/ios-natve/anisflix/Pods/Target\ Support\ Files/Pods-AnisFlix/Pods-AnisFlix-dummy.m normal arm64 objective-c com.apple.compilers.llvm.clang.1_0.compiler (in target 'Pods-AnisFlix' from project 'Pods')
    cd /Users/aniskedidi/Documents/perso/AnisFlix/ios-natve/anisflix/Pods
    
    Using response file: /Users/aniskedidi/Library/Developer/Xcode/DerivedData/anisflix-hhqtjtgkehjzwhfmetqsazeobjhe/Build/Intermediates.noindex/Pods.build/Debug-iphoneos/Pods-AnisFlix.build/Objects-normal/arm64/e6072d4f65d7061329687fe24e3d63a7-common-args.resp
    
    builtin-ScanDependencies -o /Users/aniskedidi/Library/Developer/Xcode/DerivedData/anisflix-hhqtjtgkehjzwhfmetqsazeobjhe/Build/Intermediates.noindex/Pods.build/Debug-iphoneos/Pods-AnisFlix.build/Objects-normal/arm64/Pods-AnisFlix-dummy.o.scan -- /Applications/Xcode.app/Contents/Developer/Toolchains/XcodeDefault.xctoolchain/usr/bin/clang -x objective-c -ivfsstatcache /Users/aniskedidi/Library/Developer/Xcode/DerivedData/SDKStatCaches.noindex/iphoneos26.5-23F81a-32daed1954a7d5dd0789fcaf2a9bb78b.sdkstatcache -target arm64-apple-ios16.0 -fmessage-length\=0 -fdiagnostics-show-note-include-stack -fmacro-backtrace-limit\=0 -fno-color-diagnostics -fmodules-prune-interval\=86400 -fmodules-prune-after\=345600 -fbuild-session-file\=/Users/aniskedidi/Library/Developer/Xcode/DerivedData/ModuleCache.noindex/Session.modulevalidation -fmodules-validate-once-per-build-session -Wnon-modular-include-in-framework-module -Werror\=non-modular-include-in-framework-module -Wno-trigraphs -Wno-missing-field-initializers -Wno-missing-prototypes -Werror\=return-type -Wdocumentation -Wunreachable-code -Wno-implicit-atomic-properties -Werror\=deprecated-objc-isa-usage -Wno-objc-interface-ivars -Werror\=objc-root-class -Wno-arc-repeated-use-of-weak -Wimplicit-retain-self -Wduplicate-method-match -Wno-missing-braces -Wparentheses -Wswitch -Wunused-function -Wno-unused-label -Wno-unused-parameter -Wunused-variable -Wunused-value -Wempty-body -Wuninitialized -Wconditional-uninitialized -Wno-unknown-pragmas -Wno-shadow -Wno-four-char-constants -Wno-conversion -Wconstant-conversion -Wint-conversion -Wbool-conversion -Wenum-conversion -Wno-float-conversion -Wnon-literal-null-conversion -Wobjc-literal-conversion -Wshorten-64-to-32 -Wpointer-sign -Wno-newline-eof -Wno-selector -Wno-strict-selector-match -Wundeclared-selector -Wdeprecated-implementations -Wno-implicit-fallthrough -isysroot /Applications/Xcode.app/Contents/Developer/Platforms/iPhoneOS.platform/Developer/SDKs/iPhoneOS26.5.sdk -fstrict-aliasing -Wprotocol -Wdeprecated-declarations -Wno-sign-conversion -Winfinite-recursion -Wcomma -Wblock-capture-autoreleasing -Wstrict-prototypes -Wno-semicolon-before-method-body -Wunguarded-availability -index-store-path /Users/aniskedidi/Library/Developer/Xcode/DerivedData/anisflix-hhqtjtgkehjzwhfmetqsazeobjhe/Index.noindex/DataStore @/Users/aniskedidi/Library/Developer/Xcode/DerivedData/anisflix-hhqtjtgkehjzwhfmetqsazeobjhe/Build/Intermediates.noindex/Pods.build/Debug-iphoneos/Pods-AnisFlix.build/Objects-normal/arm64/e6072d4f65d7061329687fe24e3d63a7-common-args.resp -MMD -MT dependencies -MF /Users/aniskedidi/Library/Developer/Xcode/DerivedData/anisflix-hhqtjtgkehjzwhfmetqsazeobjhe/Build/Intermediates.noindex/Pods.build/Debug-iphoneos/Pods-AnisFlix.build/Objects-normal/arm64/Pods-AnisFlix-dummy.d --serialize-diagnostics /Users/aniskedidi/Library/Developer/Xcode/DerivedData/anisflix-hhqtjtgkehjzwhfmetqsazeobjhe/Build/Intermediates.noindex/Pods.build/Debug-iphoneos/Pods-AnisFlix.build/Objects-normal/arm64/Pods-AnisFlix-dummy.dia -c /Users/aniskedidi/Documents/perso/AnisFlix/ios-natve/anisflix/Pods/Target\ Support\ Files/Pods-AnisFlix/Pods-AnisFlix-dummy.m -o /Users/aniskedidi/Library/Developer/Xcode/DerivedData/anisflix-hhqtjtgkehjzwhfmetqsazeobjhe/Build/Intermediates.noindex/Pods.build/Debug-iphoneos/Pods-AnisFlix.build/Objects-normal/arm64/Pods-AnisFlix-dummy.o -index-unit-output-path /Pods.build/Debug-iphoneos/Pods-AnisFlix.build/Objects-normal/arm64/Pods-AnisFlix-dummy.o

CompileC /Users/aniskedidi/Library/Developer/Xcode/DerivedData/anisflix-hhqtjtgkehjzwhfmetqsazeobjhe/Build/Intermediates.noindex/Pods.build/Debug-iphoneos/Pods-AnisFlix.build/Objects-normal/arm64/Pods_AnisFlix_vers.o /Users/aniskedidi/Library/Developer/Xcode/DerivedData/anisflix-hhqtjtgkehjzwhfmetqsazeobjhe/Build/Intermediates.noindex/Pods.build/Debug-iphoneos/Pods-AnisFlix.build/DerivedSources/Pods_AnisFlix_vers.c normal arm64 c com.apple.compilers.llvm.clang.1_0.compiler (in target 'Pods-AnisFlix' from project 'Pods')
    cd /Users/aniskedidi/Documents/perso/AnisFlix/ios-natve/anisflix/Pods
    
    Using response file: /Users/aniskedidi/Library/Developer/Xcode/DerivedData/anisflix-hhqtjtgkehjzwhfmetqsazeobjhe/Build/Intermediates.noindex/Pods.build/Debug-iphoneos/Pods-AnisFlix.build/Objects-normal/arm64/7187679823f38a2a940e0043cdf9d637-common-args.resp
    
    /Applications/Xcode.app/Contents/Developer/Toolchains/XcodeDefault.xctoolchain/usr/bin/clang -x c -ivfsstatcache /Users/aniskedidi/Library/Developer/Xcode/DerivedData/SDKStatCaches.noindex/iphoneos26.5-23F81a-32daed1954a7d5dd0789fcaf2a9bb78b.sdkstatcache -target arm64-apple-ios16.0 -fmessage-length\=0 -fdiagnostics-show-note-include-stack -fmacro-backtrace-limit\=0 -fno-color-diagnostics -fmodules-prune-interval\=86400 -fmodules-prune-after\=345600 -fbuild-session-file\=/Users/aniskedidi/Library/Developer/Xcode/DerivedData/ModuleCache.noindex/Session.modulevalidation -fmodules-validate-once-per-build-session -Wnon-modular-include-in-framework-module -Werror\=non-modular-include-in-framework-module -Wno-trigraphs -Wno-missing-field-initializers -Wno-missing-prototypes -Werror\=return-type -Wdocumentation -Wunreachable-code -Werror\=deprecated-objc-isa-usage -Werror\=objc-root-class -Wno-missing-braces -Wparentheses -Wswitch -Wunused-function -Wno-unused-label -Wno-unused-parameter -Wunused-variable -Wunused-value -Wempty-body -Wuninitialized -Wconditional-uninitialized -Wno-unknown-pragmas -Wno-shadow -Wno-four-char-constants -Wno-conversion -Wconstant-conversion -Wint-conversion -Wbool-conversion -Wenum-conversion -Wno-float-conversion -Wnon-literal-null-conversion -Wobjc-literal-conversion -Wshorten-64-to-32 -Wpointer-sign -Wno-newline-eof -Wno-implicit-fallthrough -isysroot /Applications/Xcode.app/Contents/Developer/Platforms/iPhoneOS.platform/Developer/SDKs/iPhoneOS26.5.sdk -fstrict-aliasing -Wdeprecated-declarations -Wno-sign-conversion -Winfinite-recursion -Wcomma -Wblock-capture-autoreleasing -Wstrict-prototypes -Wno-semicolon-before-method-body -Wunguarded-availability -index-store-path /Users/aniskedidi/Library/Developer/Xcode/DerivedData/anisflix-hhqtjtgkehjzwhfmetqsazeobjhe/Index.noindex/DataStore @/Users/aniskedidi/Library/Developer/Xcode/DerivedData/anisflix-hhqtjtgkehjzwhfmetqsazeobjhe/Build/Intermediates.noindex/Pods.build/Debug-iphoneos/Pods-AnisFlix.build/Objects-normal/arm64/7187679823f38a2a940e0043cdf9d637-common-args.resp -MMD -MT dependencies -MF /Users/aniskedidi/Library/Developer/Xcode/DerivedData/anisflix-hhqtjtgkehjzwhfmetqsazeobjhe/Build/Intermediates.noindex/Pods.build/Debug-iphoneos/Pods-AnisFlix.build/Objects-normal/arm64/Pods_AnisFlix_vers.d --serialize-diagnostics /Users/aniskedidi/Library/Developer/Xcode/DerivedData/anisflix-hhqtjtgkehjzwhfmetqsazeobjhe/Build/Intermediates.noindex/Pods.build/Debug-iphoneos/Pods-AnisFlix.build/Objects-normal/arm64/Pods_AnisFlix_vers.dia -c /Users/aniskedidi/Library/Developer/Xcode/DerivedData/anisflix-hhqtjtgkehjzwhfmetqsazeobjhe/Build/Intermediates.noindex/Pods.build/Debug-iphoneos/Pods-AnisFlix.build/DerivedSources/Pods_AnisFlix_vers.c -o /Users/aniskedidi/Library/Developer/Xcode/DerivedData/anisflix-hhqtjtgkehjzwhfmetqsazeobjhe/Build/Intermediates.noindex/Pods.build/Debug-iphoneos/Pods-AnisFlix.build/Objects-normal/arm64/Pods_AnisFlix_vers.o -index-unit-output-path /Pods.build/Debug-iphoneos/Pods-AnisFlix.build/Objects-normal/arm64/Pods_AnisFlix_vers.o

CompileC /Users/aniskedidi/Library/Developer/Xcode/DerivedData/anisflix-hhqtjtgkehjzwhfmetqsazeobjhe/Build/Intermediates.noindex/Pods.build/Debug-iphoneos/Pods-AnisFlix.build/Objects-normal/arm64/Pods-AnisFlix-dummy.o /Users/aniskedidi/Documents/perso/AnisFlix/ios-natve/anisflix/Pods/Target\ Support\ Files/Pods-AnisFlix/Pods-AnisFlix-dummy.m normal arm64 objective-c com.apple.compilers.llvm.clang.1_0.compiler (in target 'Pods-AnisFlix' from project 'Pods')
    cd /Users/aniskedidi/Documents/perso/AnisFlix/ios-natve/anisflix/Pods
    
    Using response file: /Users/aniskedidi/Library/Developer/Xcode/DerivedData/anisflix-hhqtjtgkehjzwhfmetqsazeobjhe/Build/Intermediates.noindex/Pods.build/Debug-iphoneos/Pods-AnisFlix.build/Objects-normal/arm64/e6072d4f65d7061329687fe24e3d63a7-common-args.resp
    
    /Applications/Xcode.app/Contents/Developer/Toolchains/XcodeDefault.xctoolchain/usr/bin/clang -x objective-c -ivfsstatcache /Users/aniskedidi/Library/Developer/Xcode/DerivedData/SDKStatCaches.noindex/iphoneos26.5-23F81a-32daed1954a7d5dd0789fcaf2a9bb78b.sdkstatcache -target arm64-apple-ios16.0 -fmessage-length\=0 -fdiagnostics-show-note-include-stack -fmacro-backtrace-limit\=0 -fno-color-diagnostics -fmodules-prune-interval\=86400 -fmodules-prune-after\=345600 -fbuild-session-file\=/Users/aniskedidi/Library/Developer/Xcode/DerivedData/ModuleCache.noindex/Session.modulevalidation -fmodules-validate-once-per-build-session -Wnon-modular-include-in-framework-module -Werror\=non-modular-include-in-framework-module -Wno-trigraphs -Wno-missing-field-initializers -Wno-missing-prototypes -Werror\=return-type -Wdocumentation -Wunreachable-code -Wno-implicit-atomic-properties -Werror\=deprecated-objc-isa-usage -Wno-objc-interface-ivars -Werror\=objc-root-class -Wno-arc-repeated-use-of-weak -Wimplicit-retain-self -Wduplicate-method-match -Wno-missing-braces -Wparentheses -Wswitch -Wunused-function -Wno-unused-label -Wno-unused-parameter -Wunused-variable -Wunused-value -Wempty-body -Wuninitialized -Wconditional-uninitialized -Wno-unknown-pragmas -Wno-shadow -Wno-four-char-constants -Wno-conversion -Wconstant-conversion -Wint-conversion -Wbool-conversion -Wenum-conversion -Wno-float-conversion -Wnon-literal-null-conversion -Wobjc-literal-conversion -Wshorten-64-to-32 -Wpointer-sign -Wno-newline-eof -Wno-selector -Wno-strict-selector-match -Wundeclared-selector -Wdeprecated-implementations -Wno-implicit-fallthrough -isysroot /Applications/Xcode.app/Contents/Developer/Platforms/iPhoneOS.platform/Developer/SDKs/iPhoneOS26.5.sdk -fstrict-aliasing -Wprotocol -Wdeprecated-declarations -Wno-sign-conversion -Winfinite-recursion -Wcomma -Wblock-capture-autoreleasing -Wstrict-prototypes -Wno-semicolon-before-method-body -Wunguarded-availability -index-store-path /Users/aniskedidi/Library/Developer/Xcode/DerivedData/anisflix-hhqtjtgkehjzwhfmetqsazeobjhe/Index.noindex/DataStore @/Users/aniskedidi/Library/Developer/Xcode/DerivedData/anisflix-hhqtjtgkehjzwhfmetqsazeobjhe/Build/Intermediates.noindex/Pods.build/Debug-iphoneos/Pods-AnisFlix.build/Objects-normal/arm64/e6072d4f65d7061329687fe24e3d63a7-common-args.resp -MMD -MT dependencies -MF /Users/aniskedidi/Library/Developer/Xcode/DerivedData/anisflix-hhqtjtgkehjzwhfmetqsazeobjhe/Build/Intermediates.noindex/Pods.build/Debug-iphoneos/Pods-AnisFlix.build/Objects-normal/arm64/Pods-AnisFlix-dummy.d --serialize-diagnostics /Users/aniskedidi/Library/Developer/Xcode/DerivedData/anisflix-hhqtjtgkehjzwhfmetqsazeobjhe/Build/Intermediates.noindex/Pods.build/Debug-iphoneos/Pods-AnisFlix.build/Objects-normal/arm64/Pods-AnisFlix-dummy.dia -c /Users/aniskedidi/Documents/perso/AnisFlix/ios-natve/anisflix/Pods/Target\ Support\ Files/Pods-AnisFlix/Pods-AnisFlix-dummy.m -o /Users/aniskedidi/Library/Developer/Xcode/DerivedData/anisflix-hhqtjtgkehjzwhfmetqsazeobjhe/Build/Intermediates.noindex/Pods.build/Debug-iphoneos/Pods-AnisFlix.build/Objects-normal/arm64/Pods-AnisFlix-dummy.o -index-unit-output-path /Pods.build/Debug-iphoneos/Pods-AnisFlix.build/Objects-normal/arm64/Pods-AnisFlix-dummy.o

Libtool /Users/aniskedidi/Library/Developer/Xcode/DerivedData/anisflix-hhqtjtgkehjzwhfmetqsazeobjhe/Build/Products/Debug-iphoneos/Pods_AnisFlix.framework/Pods_AnisFlix normal (in target 'Pods-AnisFlix' from project 'Pods')
    cd /Users/aniskedidi/Documents/perso/AnisFlix/ios-natve/anisflix/Pods
    /Applications/Xcode.app/Contents/Developer/Toolchains/XcodeDefault.xctoolchain/usr/bin/libtool -static -arch_only arm64 -D -syslibroot /Applications/Xcode.app/Contents/Developer/Platforms/iPhoneOS.platform/Developer/SDKs/iPhoneOS26.5.sdk -L/Users/aniskedidi/Library/Developer/Xcode/DerivedData/anisflix-hhqtjtgkehjzwhfmetqsazeobjhe/Build/Products/Debug-iphoneos -filelist /Users/aniskedidi/Library/Developer/Xcode/DerivedData/anisflix-hhqtjtgkehjzwhfmetqsazeobjhe/Build/Intermediates.noindex/Pods.build/Debug-iphoneos/Pods-AnisFlix.build/Objects-normal/arm64/Pods_AnisFlix.LinkFileList -dependency_info /Users/aniskedidi/Library/Developer/Xcode/DerivedData/anisflix-hhqtjtgkehjzwhfmetqsazeobjhe/Build/Intermediates.noindex/Pods.build/Debug-iphoneos/Pods-AnisFlix.build/Objects-normal/arm64/Pods_AnisFlix_libtool_dependency_info.dat -o /Users/aniskedidi/Library/Developer/Xcode/DerivedData/anisflix-hhqtjtgkehjzwhfmetqsazeobjhe/Build/Products/Debug-iphoneos/Pods_AnisFlix.framework/Pods_AnisFlix

RegisterExecutionPolicyException /Users/aniskedidi/Library/Developer/Xcode/DerivedData/anisflix-hhqtjtgkehjzwhfmetqsazeobjhe/Build/Products/Debug-iphoneos/Pods_AnisFlix.framework (in target 'Pods-AnisFlix' from project 'Pods')
    cd /Users/aniskedidi/Documents/perso/AnisFlix/ios-natve/anisflix/Pods
    builtin-RegisterExecutionPolicyException /Users/aniskedidi/Library/Developer/Xcode/DerivedData/anisflix-hhqtjtgkehjzwhfmetqsazeobjhe/Build/Products/Debug-iphoneos/Pods_AnisFlix.framework

Touch /Users/aniskedidi/Library/Developer/Xcode/DerivedData/anisflix-hhqtjtgkehjzwhfmetqsazeobjhe/Build/Products/Debug-iphoneos/Pods_AnisFlix.framework (in target 'Pods-AnisFlix' from project 'Pods')
    cd /Users/aniskedidi/Documents/perso/AnisFlix/ios-natve/anisflix/Pods
    /usr/bin/touch -c /Users/aniskedidi/Library/Developer/Xcode/DerivedData/anisflix-hhqtjtgkehjzwhfmetqsazeobjhe/Build/Products/Debug-iphoneos/Pods_AnisFlix.framework

PhaseScriptExecution [CP]\ Check\ Pods\ Manifest.lock /Users/aniskedidi/Library/Developer/Xcode/DerivedData/anisflix-hhqtjtgkehjzwhfmetqsazeobjhe/Build/Intermediates.noindex/anisflix.build/Debug-iphoneos/AnisFlix.build/Script-1790A3715E29867B52AC5134.sh (in target 'AnisFlix' from project 'anisflix')
    cd /Users/aniskedidi/Documents/perso/AnisFlix/ios-natve/anisflix
    /bin/sh -c /Users/aniskedidi/Library/Developer/Xcode/DerivedData/anisflix-hhqtjtgkehjzwhfmetqsazeobjhe/Build/Intermediates.noindex/anisflix.build/Debug-iphoneos/AnisFlix.build/Script-1790A3715E29867B52AC5134.sh

CpResource /Users/aniskedidi/Library/Developer/Xcode/DerivedData/anisflix-hhqtjtgkehjzwhfmetqsazeobjhe/Build/Products/Debug-iphoneos/AnisFlix.app/silence.wav /Users/aniskedidi/Documents/perso/AnisFlix/ios-natve/anisflix/anisflix/Resources/silence.wav (in target 'AnisFlix' from project 'anisflix')
    cd /Users/aniskedidi/Documents/perso/AnisFlix/ios-natve/anisflix
    builtin-copy -exclude .DS_Store -exclude CVS -exclude .svn -exclude .git -exclude .hg -resolve-src-symlinks /Users/aniskedidi/Documents/perso/AnisFlix/ios-natve/anisflix/anisflix/Resources/silence.wav /Users/aniskedidi/Library/Developer/Xcode/DerivedData/anisflix-hhqtjtgkehjzwhfmetqsazeobjhe/Build/Products/Debug-iphoneos/AnisFlix.app

CpResource /Users/aniskedidi/Library/Developer/Xcode/DerivedData/anisflix-hhqtjtgkehjzwhfmetqsazeobjhe/Build/Products/Debug-iphoneos/AnisFlix.app/build_log_controls.txt /Users/aniskedidi/Documents/perso/AnisFlix/ios-natve/anisflix/anisflix/build_log_controls.txt (in target 'AnisFlix' from project 'anisflix')
    cd /Users/aniskedidi/Documents/perso/AnisFlix/ios-natve/anisflix
    builtin-copy -exclude .DS_Store -exclude CVS -exclude .svn -exclude .git -exclude .hg -resolve-src-symlinks /Users/aniskedidi/Documents/perso/AnisFlix/ios-natve/anisflix/anisflix/build_log_controls.txt /Users/aniskedidi/Library/Developer/Xcode/DerivedData/anisflix-hhqtjtgkehjzwhfmetqsazeobjhe/Build/Products/Debug-iphoneos/AnisFlix.app

CpResource /Users/aniskedidi/Library/Developer/Xcode/DerivedData/anisflix-hhqtjtgkehjzwhfmetqsazeobjhe/Build/Products/Debug-iphoneos/AnisFlix.app/CustomVideoPlayer.swift.bak /Users/aniskedidi/Documents/perso/AnisFlix/ios-natve/anisflix/anisflix/Views/Components/CustomVideoPlayer.swift.bak (in target 'AnisFlix' from project 'anisflix')
    cd /Users/aniskedidi/Documents/perso/AnisFlix/ios-natve/anisflix
    builtin-copy -exclude .DS_Store -exclude CVS -exclude .svn -exclude .git -exclude .hg -resolve-src-symlinks /Users/aniskedidi/Documents/perso/AnisFlix/ios-natve/anisflix/anisflix/Views/Components/CustomVideoPlayer.swift.bak /Users/aniskedidi/Library/Developer/Xcode/DerivedData/anisflix-hhqtjtgkehjzwhfmetqsazeobjhe/Build/Products/Debug-iphoneos/AnisFlix.app

CompileStoryboard /Users/aniskedidi/Documents/perso/AnisFlix/ios-natve/anisflix/anisflix/LaunchScreen.storyboard (in target 'AnisFlix' from project 'anisflix')
    cd /Users/aniskedidi/Documents/perso/AnisFlix/ios-natve/anisflix
    /Applications/Xcode.app/Contents/Developer/usr/bin/ibtool --errors --warnings --notices --module AnisFlix --output-partial-info-plist /Users/aniskedidi/Library/Developer/Xcode/DerivedData/anisflix-hhqtjtgkehjzwhfmetqsazeobjhe/Build/Intermediates.noindex/anisflix.build/Debug-iphoneos/AnisFlix.build/LaunchScreen-SBPartialInfo.plist --auto-activate-custom-fonts --target-device iphone --target-device ipad --minimum-deployment-target 16.0 --output-format human-readable-text /Users/aniskedidi/Documents/perso/AnisFlix/ios-natve/anisflix/anisflix/LaunchScreen.storyboard --compilation-directory /Users/aniskedidi/Library/Developer/Xcode/DerivedData/anisflix-hhqtjtgkehjzwhfmetqsazeobjhe/Build/Intermediates.noindex/anisflix.build/Debug-iphoneos/AnisFlix.build

Ld /Users/aniskedidi/Library/Developer/Xcode/DerivedData/anisflix-hhqtjtgkehjzwhfmetqsazeobjhe/Build/Products/Debug-iphoneos/AnisFlix.app/__preview.dylib normal (in target 'AnisFlix' from project 'anisflix')
    cd /Users/aniskedidi/Documents/perso/AnisFlix/ios-natve/anisflix
    /Applications/Xcode.app/Contents/Developer/Toolchains/XcodeDefault.xctoolchain/usr/bin/clang -Xlinker -reproducible -target arm64-apple-ios16.0 -dynamiclib -isysroot /Applications/Xcode.app/Contents/Developer/Platforms/iPhoneOS.platform/Developer/SDKs/iPhoneOS26.5.sdk -O0 -L/Users/aniskedidi/Library/Developer/Xcode/DerivedData/anisflix-hhqtjtgkehjzwhfmetqsazeobjhe/Build/Products/Debug-iphoneos -F/Users/aniskedidi/Library/Developer/Xcode/DerivedData/anisflix-hhqtjtgkehjzwhfmetqsazeobjhe/Build/Products/Debug-iphoneos -F/Users/aniskedidi/Library/Developer/Xcode/DerivedData/anisflix-hhqtjtgkehjzwhfmetqsazeobjhe/Build/Products/Debug-iphoneos/GCDWebServer -F/Users/aniskedidi/Documents/perso/AnisFlix/ios-natve/anisflix/Pods/MobileVLCKit -F/Users/aniskedidi/Documents/perso/AnisFlix/ios-natve/anisflix/Pods/ffmpeg-kit-ios-full/ffmpeg-kit-ios-full -F/Users/aniskedidi/Documents/perso/AnisFlix/ios-natve/anisflix/Pods/google-cast-sdk/GoogleCastSDK-ios-4.8.4_static_xcframework -F/Users/aniskedidi/Library/Developer/Xcode/DerivedData/anisflix-hhqtjtgkehjzwhfmetqsazeobjhe/Build/Products/Debug-iphoneos/XCFrameworkIntermediates/MobileVLCKit -F/Users/aniskedidi/Library/Developer/Xcode/DerivedData/anisflix-hhqtjtgkehjzwhfmetqsazeobjhe/Build/Products/Debug-iphoneos/XCFrameworkIntermediates/ffmpeg-kit-ios-full -F/Users/aniskedidi/Library/Developer/Xcode/DerivedData/anisflix-hhqtjtgkehjzwhfmetqsazeobjhe/Build/Products/Debug-iphoneos/XCFrameworkIntermediates/google-cast-sdk -install_name @rpath/AnisFlix.debug.dylib -Xlinker -dead_strip -rdynamic -Xlinker -no_deduplicate -Xlinker -dependency_info -Xlinker /Users/aniskedidi/Library/Developer/Xcode/DerivedData/anisflix-hhqtjtgkehjzwhfmetqsazeobjhe/Build/Intermediates.noindex/anisflix.build/Debug-iphoneos/AnisFlix.build/Objects-normal/arm64/AnisFlix_dependency_info.dat -Xlinker -no_adhoc_codesign -o /Users/aniskedidi/Library/Developer/Xcode/DerivedData/anisflix-hhqtjtgkehjzwhfmetqsazeobjhe/Build/Products/Debug-iphoneos/AnisFlix.app/__preview.dylib

MkDir /Users/aniskedidi/Library/Developer/Xcode/DerivedData/anisflix-hhqtjtgkehjzwhfmetqsazeobjhe/Build/Intermediates.noindex/anisflix.build/Debug-iphoneos/AnisFlix.build/assetcatalog_output/unthinned (in target 'AnisFlix' from project 'anisflix')
    cd /Users/aniskedidi/Documents/perso/AnisFlix/ios-natve/anisflix
    /bin/mkdir -p /Users/aniskedidi/Library/Developer/Xcode/DerivedData/anisflix-hhqtjtgkehjzwhfmetqsazeobjhe/Build/Intermediates.noindex/anisflix.build/Debug-iphoneos/AnisFlix.build/assetcatalog_output/unthinned

MkDir /Users/aniskedidi/Library/Developer/Xcode/DerivedData/anisflix-hhqtjtgkehjzwhfmetqsazeobjhe/Build/Intermediates.noindex/anisflix.build/Debug-iphoneos/AnisFlix.build/assetcatalog_output/thinned (in target 'AnisFlix' from project 'anisflix')
    cd /Users/aniskedidi/Documents/perso/AnisFlix/ios-natve/anisflix
    /bin/mkdir -p /Users/aniskedidi/Library/Developer/Xcode/DerivedData/anisflix-hhqtjtgkehjzwhfmetqsazeobjhe/Build/Intermediates.noindex/anisflix.build/Debug-iphoneos/AnisFlix.build/assetcatalog_output/thinned

GenerateAssetSymbols /Users/aniskedidi/Documents/perso/AnisFlix/ios-natve/anisflix/anisflix/Assets.xcassets (in target 'AnisFlix' from project 'anisflix')
    cd /Users/aniskedidi/Documents/perso/AnisFlix/ios-natve/anisflix
    /Applications/Xcode.app/Contents/Developer/usr/bin/actool /Users/aniskedidi/Documents/perso/AnisFlix/ios-natve/anisflix/anisflix/Assets.xcassets --compile /Users/aniskedidi/Library/Developer/Xcode/DerivedData/anisflix-hhqtjtgkehjzwhfmetqsazeobjhe/Build/Products/Debug-iphoneos/AnisFlix.app --output-format human-readable-text --notices --warnings --export-dependency-info /Users/aniskedidi/Library/Developer/Xcode/DerivedData/anisflix-hhqtjtgkehjzwhfmetqsazeobjhe/Build/Intermediates.noindex/anisflix.build/Debug-iphoneos/AnisFlix.build/assetcatalog_dependencies --output-partial-info-plist /Users/aniskedidi/Library/Developer/Xcode/DerivedData/anisflix-hhqtjtgkehjzwhfmetqsazeobjhe/Build/Intermediates.noindex/anisflix.build/Debug-iphoneos/AnisFlix.build/assetcatalog_generated_info.plist --app-icon AppIcon --accent-color AccentColor --compress-pngs --enable-on-demand-resources YES --development-region en --target-device iphone --target-device ipad --minimum-deployment-target 16.0 --platform iphoneos --bundle-identifier com.anis.anisflix --generate-swift-asset-symbols /Users/aniskedidi/Library/Developer/Xcode/DerivedData/anisflix-hhqtjtgkehjzwhfmetqsazeobjhe/Build/Intermediates.noindex/anisflix.build/Debug-iphoneos/AnisFlix.build/DerivedSources/GeneratedAssetSymbols.swift --generate-objc-asset-symbols /Users/aniskedidi/Library/Developer/Xcode/DerivedData/anisflix-hhqtjtgkehjzwhfmetqsazeobjhe/Build/Intermediates.noindex/anisflix.build/Debug-iphoneos/AnisFlix.build/DerivedSources/GeneratedAssetSymbols.h --generate-asset-symbol-index /Users/aniskedidi/Library/Developer/Xcode/DerivedData/anisflix-hhqtjtgkehjzwhfmetqsazeobjhe/Build/Intermediates.noindex/anisflix.build/Debug-iphoneos/AnisFlix.build/DerivedSources/GeneratedAssetSymbols-Index.plist
/* com.apple.actool.compilation-results */
/Users/aniskedidi/Library/Developer/Xcode/DerivedData/anisflix-hhqtjtgkehjzwhfmetqsazeobjhe/Build/Intermediates.noindex/anisflix.build/Debug-iphoneos/AnisFlix.build/DerivedSources/GeneratedAssetSymbols-Index.plist
/Users/aniskedidi/Library/Developer/Xcode/DerivedData/anisflix-hhqtjtgkehjzwhfmetqsazeobjhe/Build/Intermediates.noindex/anisflix.build/Debug-iphoneos/AnisFlix.build/DerivedSources/GeneratedAssetSymbols.h
/Users/aniskedidi/Library/Developer/Xcode/DerivedData/anisflix-hhqtjtgkehjzwhfmetqsazeobjhe/Build/Intermediates.noindex/anisflix.build/Debug-iphoneos/AnisFlix.build/DerivedSources/GeneratedAssetSymbols.swift


CompileAssetCatalogVariant thinned /Users/aniskedidi/Library/Developer/Xcode/DerivedData/anisflix-hhqtjtgkehjzwhfmetqsazeobjhe/Build/Products/Debug-iphoneos/AnisFlix.app /Users/aniskedidi/Documents/perso/AnisFlix/ios-natve/anisflix/anisflix/Assets.xcassets (in target 'AnisFlix' from project 'anisflix')
    cd /Users/aniskedidi/Documents/perso/AnisFlix/ios-natve/anisflix
    /Applications/Xcode.app/Contents/Developer/usr/bin/actool /Users/aniskedidi/Documents/perso/AnisFlix/ios-natve/anisflix/anisflix/Assets.xcassets --compile /Users/aniskedidi/Library/Developer/Xcode/DerivedData/anisflix-hhqtjtgkehjzwhfmetqsazeobjhe/Build/Intermediates.noindex/anisflix.build/Debug-iphoneos/AnisFlix.build/assetcatalog_output/thinned --output-format human-readable-text --notices --warnings --export-dependency-info /Users/aniskedidi/Library/Developer/Xcode/DerivedData/anisflix-hhqtjtgkehjzwhfmetqsazeobjhe/Build/Intermediates.noindex/anisflix.build/Debug-iphoneos/AnisFlix.build/assetcatalog_dependencies_thinned --output-partial-info-plist /Users/aniskedidi/Library/Developer/Xcode/DerivedData/anisflix-hhqtjtgkehjzwhfmetqsazeobjhe/Build/Intermediates.noindex/anisflix.build/Debug-iphoneos/AnisFlix.build/assetcatalog_generated_info.plist_thinned --app-icon AppIcon --accent-color AccentColor --compress-pngs --enable-on-demand-resources YES --development-region en --target-device iphone --target-device ipad --minimum-deployment-target 16.0 --platform iphoneos

SwiftDriver AnisFlix normal arm64 com.apple.xcode.tools.swift.compiler (in target 'AnisFlix' from project 'anisflix')
    cd /Users/aniskedidi/Documents/perso/AnisFlix/ios-natve/anisflix
    builtin-SwiftDriver -- /Applications/Xcode.app/Contents/Developer/Toolchains/XcodeDefault.xctoolchain/usr/bin/swiftc -module-name AnisFlix -Onone @/Users/aniskedidi/Library/Developer/Xcode/DerivedData/anisflix-hhqtjtgkehjzwhfmetqsazeobjhe/Build/Intermediates.noindex/anisflix.build/Debug-iphoneos/AnisFlix.build/Objects-normal/arm64/AnisFlix.SwiftFileList -DDEBUG -default-isolation\=MainActor -enable-bare-slash-regex -enable-upcoming-feature DisableOutwardActorInference -enable-upcoming-feature InferSendableFromCaptures -enable-upcoming-feature GlobalActorIsolatedTypesUsability -enable-upcoming-feature MemberImportVisibility -enable-upcoming-feature InferIsolatedConformances -enable-upcoming-feature NonisolatedNonsendingByDefault -enable-experimental-feature DebugDescriptionMacro -sdk /Applications/Xcode.app/Contents/Developer/Platforms/iPhoneOS.platform/Developer/SDKs/iPhoneOS26.5.sdk -target arm64-apple-ios16.0 -g -module-cache-path /Users/aniskedidi/Library/Developer/Xcode/DerivedData/ModuleCache.noindex -Xfrontend -serialize-debugging-options -enable-testing -index-store-path /Users/aniskedidi/Library/Developer/Xcode/DerivedData/anisflix-hhqtjtgkehjzwhfmetqsazeobjhe/Index.noindex/DataStore -Xcc -D_LIBCPP_HARDENING_MODE\=_LIBCPP_HARDENING_MODE_DEBUG -swift-version 5 -I /Users/aniskedidi/Library/Developer/Xcode/DerivedData/anisflix-hhqtjtgkehjzwhfmetqsazeobjhe/Build/Products/Debug-iphoneos -F /Users/aniskedidi/Library/Developer/Xcode/DerivedData/anisflix-hhqtjtgkehjzwhfmetqsazeobjhe/Build/Products/Debug-iphoneos -F /Users/aniskedidi/Library/Developer/Xcode/DerivedData/anisflix-hhqtjtgkehjzwhfmetqsazeobjhe/Build/Products/Debug-iphoneos/GCDWebServer -F /Users/aniskedidi/Documents/perso/AnisFlix/ios-natve/anisflix/Pods/MobileVLCKit -F /Users/aniskedidi/Documents/perso/AnisFlix/ios-natve/anisflix/Pods/ffmpeg-kit-ios-full/ffmpeg-kit-ios-full -F /Users/aniskedidi/Documents/perso/AnisFlix/ios-natve/anisflix/Pods/google-cast-sdk/GoogleCastSDK-ios-4.8.4_static_xcframework -F /Users/aniskedidi/Library/Developer/Xcode/DerivedData/anisflix-hhqtjtgkehjzwhfmetqsazeobjhe/Build/Products/Debug-iphoneos/XCFrameworkIntermediates/MobileVLCKit -F /Users/aniskedidi/Library/Developer/Xcode/DerivedData/anisflix-hhqtjtgkehjzwhfmetqsazeobjhe/Build/Products/Debug-iphoneos/XCFrameworkIntermediates/ffmpeg-kit-ios-full -F /Users/aniskedidi/Library/Developer/Xcode/DerivedData/anisflix-hhqtjtgkehjzwhfmetqsazeobjhe/Build/Products/Debug-iphoneos/XCFrameworkIntermediates/google-cast-sdk -emit-localized-strings -emit-localized-strings-path /Users/aniskedidi/Library/Developer/Xcode/DerivedData/anisflix-hhqtjtgkehjzwhfmetqsazeobjhe/Build/Intermediates.noindex/anisflix.build/Debug-iphoneos/AnisFlix.build/Objects-normal/arm64 -c -j10 -enable-batch-mode -incremental -Xcc -ivfsstatcache -Xcc /Users/aniskedidi/Library/Developer/Xcode/DerivedData/SDKStatCaches.noindex/iphoneos26.5-23F81a-32daed1954a7d5dd0789fcaf2a9bb78b.sdkstatcache -output-file-map /Users/aniskedidi/Library/Developer/Xcode/DerivedData/anisflix-hhqtjtgkehjzwhfmetqsazeobjhe/Build/Intermediates.noindex/anisflix.build/Debug-iphoneos/AnisFlix.build/Objects-normal/arm64/AnisFlix-OutputFileMap.json -use-frontend-parseable-output -save-temps -no-color-diagnostics -explicit-module-build -module-cache-path /Users/aniskedidi/Library/Developer/Xcode/DerivedData/anisflix-hhqtjtgkehjzwhfmetqsazeobjhe/Build/Intermediates.noindex/SwiftExplicitPrecompiledModules -clang-scanner-module-cache-path /Users/aniskedidi/Library/Developer/Xcode/DerivedData/ModuleCache.noindex -sdk-module-cache-path /Users/aniskedidi/Library/Developer/Xcode/DerivedData/ModuleCache.noindex -serialize-diagnostics -emit-dependencies -emit-module -emit-module-path /Users/aniskedidi/Library/Developer/Xcode/DerivedData/anisflix-hhqtjtgkehjzwhfmetqsazeobjhe/Build/Intermediates.noindex/anisflix.build/Debug-iphoneos/AnisFlix.build/Objects-normal/arm64/AnisFlix.swiftmodule -validate-clang-modules-once -clang-build-session-file /Users/aniskedidi/Library/Developer/Xcode/DerivedData/ModuleCache.noindex/Session.modulevalidation -Xcc -I/Users/aniskedidi/Library/Developer/Xcode/DerivedData/anisflix-hhqtjtgkehjzwhfmetqsazeobjhe/Build/Intermediates.noindex/anisflix.build/Debug-iphoneos/AnisFlix.build/swift-overrides.hmap -emit-const-values -Xfrontend -const-gather-protocols-file -Xfrontend /Users/aniskedidi/Library/Developer/Xcode/DerivedData/anisflix-hhqtjtgkehjzwhfmetqsazeobjhe/Build/Intermediates.noindex/anisflix.build/Debug-iphoneos/AnisFlix.build/Objects-normal/arm64/AnisFlix_const_extract_protocols.json -Xcc -iquote -Xcc /Users/aniskedidi/Library/Developer/Xcode/DerivedData/anisflix-hhqtjtgkehjzwhfmetqsazeobjhe/Build/Intermediates.noindex/anisflix.build/Debug-iphoneos/AnisFlix.build/AnisFlix-generated-files.hmap -Xcc -I/Users/aniskedidi/Library/Developer/Xcode/DerivedData/anisflix-hhqtjtgkehjzwhfmetqsazeobjhe/Build/Intermediates.noindex/anisflix.build/Debug-iphoneos/AnisFlix.build/AnisFlix-own-target-headers.hmap -Xcc -I/Users/aniskedidi/Library/Developer/Xcode/DerivedData/anisflix-hhqtjtgkehjzwhfmetqsazeobjhe/Build/Intermediates.noindex/anisflix.build/Debug-iphoneos/AnisFlix.build/AnisFlix-all-non-framework-target-headers.hmap -Xcc -ivfsoverlay -Xcc /Users/aniskedidi/Library/Developer/Xcode/DerivedData/anisflix-hhqtjtgkehjzwhfmetqsazeobjhe/Build/Intermediates.noindex/anisflix.build/Debug-iphoneos/anisflix-8c77cfc3c15a48e8c801f7c0d09e749c-VFS-iphoneos/all-product-headers.yaml -Xcc -iquote -Xcc /Users/aniskedidi/Library/Developer/Xcode/DerivedData/anisflix-hhqtjtgkehjzwhfmetqsazeobjhe/Build/Intermediates.noindex/anisflix.build/Debug-iphoneos/AnisFlix.build/AnisFlix-project-headers.hmap -Xcc -I/Users/aniskedidi/Library/Developer/Xcode/DerivedData/anisflix-hhqtjtgkehjzwhfmetqsazeobjhe/Build/Products/Debug-iphoneos/include -Xcc -I/Users/aniskedidi/Library/Developer/Xcode/DerivedData/anisflix-hhqtjtgkehjzwhfmetqsazeobjhe/Build/Products/Debug-iphoneos/GCDWebServer/GCDWebServer.framework/Headers -Xcc -I/Users/aniskedidi/Library/Developer/Xcode/DerivedData/anisflix-hhqtjtgkehjzwhfmetqsazeobjhe/Build/Intermediates.noindex/anisflix.build/Debug-iphoneos/AnisFlix.build/DerivedSources-normal/arm64 -Xcc -I/Users/aniskedidi/Library/Developer/Xcode/DerivedData/anisflix-hhqtjtgkehjzwhfmetqsazeobjhe/Build/Intermediates.noindex/anisflix.build/Debug-iphoneos/AnisFlix.build/DerivedSources/arm64 -Xcc -I/Users/aniskedidi/Library/Developer/Xcode/DerivedData/anisflix-hhqtjtgkehjzwhfmetqsazeobjhe/Build/Intermediates.noindex/anisflix.build/Debug-iphoneos/AnisFlix.build/DerivedSources -Xcc -DDEBUG\=1 -Xcc -DCOCOAPODS\=1 -emit-objc-header -emit-objc-header-path /Users/aniskedidi/Library/Developer/Xcode/DerivedData/anisflix-hhqtjtgkehjzwhfmetqsazeobjhe/Build/Intermediates.noindex/anisflix.build/Debug-iphoneos/AnisFlix.build/Objects-normal/arm64/AnisFlix-Swift.h -working-directory /Users/aniskedidi/Documents/perso/AnisFlix/ios-natve/anisflix -experimental-emit-module-separately -disable-cmo

SwiftExplicitDependencyGeneratePcm arm64 /Users/aniskedidi/Library/Developer/Xcode/DerivedData/anisflix-hhqtjtgkehjzwhfmetqsazeobjhe/Build/Intermediates.noindex/SwiftExplicitPrecompiledModules/MobileVLCKit-9ABRBAL6EH1JP4PKUGGC0RGU9.pcm

SwiftExplicitDependencyGeneratePcm arm64 /Users/aniskedidi/Library/Developer/Xcode/DerivedData/anisflix-hhqtjtgkehjzwhfmetqsazeobjhe/Build/Intermediates.noindex/SwiftExplicitPrecompiledModules/GoogleCast-4KD6T7IEASDJ4JTSOA5D72QI3.pcm

SwiftExplicitDependencyGeneratePcm arm64 /Users/aniskedidi/Library/Developer/Xcode/DerivedData/anisflix-hhqtjtgkehjzwhfmetqsazeobjhe/Build/Intermediates.noindex/SwiftExplicitPrecompiledModules/ffmpegkit-MSPFE8MK7IQ4KF7IESW9HAKU.pcm

SwiftExplicitDependencyGeneratePcm arm64 /Users/aniskedidi/Library/Developer/Xcode/DerivedData/anisflix-hhqtjtgkehjzwhfmetqsazeobjhe/Build/Intermediates.noindex/SwiftExplicitPrecompiledModules/GCDWebServer-7DQUNOZBV5XGXFJS39DSL4LDH.pcm

LinkStoryboards (in target 'AnisFlix' from project 'anisflix')
    cd /Users/aniskedidi/Documents/perso/AnisFlix/ios-natve/anisflix
    /Applications/Xcode.app/Contents/Developer/usr/bin/ibtool --errors --warnings --notices --module AnisFlix --target-device iphone --target-device ipad --minimum-deployment-target 16.0 --output-format human-readable-text --link /Users/aniskedidi/Library/Developer/Xcode/DerivedData/anisflix-hhqtjtgkehjzwhfmetqsazeobjhe/Build/Products/Debug-iphoneos/AnisFlix.app /Users/aniskedidi/Library/Developer/Xcode/DerivedData/anisflix-hhqtjtgkehjzwhfmetqsazeobjhe/Build/Intermediates.noindex/anisflix.build/Debug-iphoneos/AnisFlix.build/LaunchScreen.storyboardc

SwiftEmitModule normal arm64 Emitting\ module\ for\ AnisFlix (in target 'AnisFlix' from project 'anisflix')
EmitSwiftModule normal arm64 (in target 'AnisFlix' from project 'anisflix')
    cd /Users/aniskedidi/Documents/perso/AnisFlix/ios-natve/anisflix
    

SwiftCompile normal arm64 Compiling\ Media.swift,\ NavigationDestination.swift,\ TVChannel.swift,\ TVChannelsResponse.swift,\ AnimeKaiService.swift,\ AnimePaheService.swift,\ CastManager.swift,\ DownloadManager.swift,\ FavoritesManager.swift /Users/aniskedidi/Documents/perso/AnisFlix/ios-natve/anisflix/anisflix/Models/Media.swift /Users/aniskedidi/Documents/perso/AnisFlix/ios-natve/anisflix/anisflix/Models/NavigationDestination.swift /Users/aniskedidi/Documents/perso/AnisFlix/ios-natve/anisflix/anisflix/Models/TVChannel.swift /Users/aniskedidi/Documents/perso/AnisFlix/ios-natve/anisflix/anisflix/Models/TVChannelsResponse.swift /Users/aniskedidi/Documents/perso/AnisFlix/ios-natve/anisflix/anisflix/Services/AnimeKaiService.swift /Users/aniskedidi/Documents/perso/AnisFlix/ios-natve/anisflix/anisflix/Services/AnimePaheService.swift /Users/aniskedidi/Documents/perso/AnisFlix/ios-natve/anisflix/anisflix/Services/CastManager.swift /Users/aniskedidi/Documents/perso/AnisFlix/ios-natve/anisflix/anisflix/Services/DownloadManager.swift /Users/aniskedidi/Documents/perso/AnisFlix/ios-natve/anisflix/anisflix/Services/FavoritesManager.swift (in target 'AnisFlix' from project 'anisflix')
SwiftCompile normal arm64 /Users/aniskedidi/Documents/perso/AnisFlix/ios-natve/anisflix/anisflix/Models/Media.swift (in target 'AnisFlix' from project 'anisflix')
    cd /Users/aniskedidi/Documents/perso/AnisFlix/ios-natve/anisflix
    

SwiftCompile normal arm64 /Users/aniskedidi/Documents/perso/AnisFlix/ios-natve/anisflix/anisflix/Models/NavigationDestination.swift (in target 'AnisFlix' from project 'anisflix')
    cd /Users/aniskedidi/Documents/perso/AnisFlix/ios-natve/anisflix
    

SwiftCompile normal arm64 /Users/aniskedidi/Documents/perso/AnisFlix/ios-natve/anisflix/anisflix/Models/TVChannel.swift (in target 'AnisFlix' from project 'anisflix')
    cd /Users/aniskedidi/Documents/perso/AnisFlix/ios-natve/anisflix
    

SwiftCompile normal arm64 /Users/aniskedidi/Documents/perso/AnisFlix/ios-natve/anisflix/anisflix/Models/TVChannelsResponse.swift (in target 'AnisFlix' from project 'anisflix')
    cd /Users/aniskedidi/Documents/perso/AnisFlix/ios-natve/anisflix
    

SwiftCompile normal arm64 /Users/aniskedidi/Documents/perso/AnisFlix/ios-natve/anisflix/anisflix/Services/AnimeKaiService.swift (in target 'AnisFlix' from project 'anisflix')
    cd /Users/aniskedidi/Documents/perso/AnisFlix/ios-natve/anisflix
    

SwiftCompile normal arm64 /Users/aniskedidi/Documents/perso/AnisFlix/ios-natve/anisflix/anisflix/Services/AnimePaheService.swift (in target 'AnisFlix' from project 'anisflix')
    cd /Users/aniskedidi/Documents/perso/AnisFlix/ios-natve/anisflix
    

SwiftCompile normal arm64 /Users/aniskedidi/Documents/perso/AnisFlix/ios-natve/anisflix/anisflix/Services/CastManager.swift (in target 'AnisFlix' from project 'anisflix')
    cd /Users/aniskedidi/Documents/perso/AnisFlix/ios-natve/anisflix
    

SwiftCompile normal arm64 /Users/aniskedidi/Documents/perso/AnisFlix/ios-natve/anisflix/anisflix/Services/DownloadManager.swift (in target 'AnisFlix' from project 'anisflix')
    cd /Users/aniskedidi/Documents/perso/AnisFlix/ios-natve/anisflix
    

SwiftCompile normal arm64 /Users/aniskedidi/Documents/perso/AnisFlix/ios-natve/anisflix/anisflix/Services/FavoritesManager.swift (in target 'AnisFlix' from project 'anisflix')
    cd /Users/aniskedidi/Documents/perso/AnisFlix/ios-natve/anisflix
    

SwiftCompile normal arm64 Compiling\ YFlixService.swift,\ FullscreenPlayerEnvironment.swift,\ FullscreenPlayerPresenter.swift,\ LandscapeHostingController.swift,\ Localizable.swift,\ ScreenRotator.swift,\ CachedAsyncImage.swift,\ CastButton.swift,\ CastControlSheet.swift /Users/aniskedidi/Documents/perso/AnisFlix/ios-natve/anisflix/anisflix/Services/YFlixService.swift /Users/aniskedidi/Documents/perso/AnisFlix/ios-natve/anisflix/anisflix/Utils/FullscreenPlayerEnvironment.swift /Users/aniskedidi/Documents/perso/AnisFlix/ios-natve/anisflix/anisflix/Utils/FullscreenPlayerPresenter.swift /Users/aniskedidi/Documents/perso/AnisFlix/ios-natve/anisflix/anisflix/Utils/LandscapeHostingController.swift /Users/aniskedidi/Documents/perso/AnisFlix/ios-natve/anisflix/anisflix/Utils/Localizable.swift /Users/aniskedidi/Documents/perso/AnisFlix/ios-natve/anisflix/anisflix/Utils/ScreenRotator.swift /Users/aniskedidi/Documents/perso/AnisFlix/ios-natve/anisflix/anisflix/Views/Components/CachedAsyncImage.swift /Users/aniskedidi/Documents/perso/AnisFlix/ios-natve/anisflix/anisflix/Views/Components/CastButton.swift /Users/aniskedidi/Documents/perso/AnisFlix/ios-natve/anisflix/anisflix/Views/Components/CastControlSheet.swift (in target 'AnisFlix' from project 'anisflix')

SwiftCompile normal arm64 /Users/aniskedidi/Documents/perso/AnisFlix/ios-natve/anisflix/anisflix/Services/YFlixService.swift (in target 'AnisFlix' from project 'anisflix')
    cd /Users/aniskedidi/Documents/perso/AnisFlix/ios-natve/anisflix
    

SwiftCompile normal arm64 /Users/aniskedidi/Documents/perso/AnisFlix/ios-natve/anisflix/anisflix/Utils/FullscreenPlayerEnvironment.swift (in target 'AnisFlix' from project 'anisflix')
    cd /Users/aniskedidi/Documents/perso/AnisFlix/ios-natve/anisflix
    

SwiftCompile normal arm64 /Users/aniskedidi/Documents/perso/AnisFlix/ios-natve/anisflix/anisflix/Utils/FullscreenPlayerPresenter.swift (in target 'AnisFlix' from project 'anisflix')
    cd /Users/aniskedidi/Documents/perso/AnisFlix/ios-natve/anisflix
    

SwiftCompile normal arm64 /Users/aniskedidi/Documents/perso/AnisFlix/ios-natve/anisflix/anisflix/Utils/LandscapeHostingController.swift (in target 'AnisFlix' from project 'anisflix')
    cd /Users/aniskedidi/Documents/perso/AnisFlix/ios-natve/anisflix
    

SwiftCompile normal arm64 /Users/aniskedidi/Documents/perso/AnisFlix/ios-natve/anisflix/anisflix/Utils/Localizable.swift (in target 'AnisFlix' from project 'anisflix')
    cd /Users/aniskedidi/Documents/perso/AnisFlix/ios-natve/anisflix
    

SwiftCompile normal arm64 /Users/aniskedidi/Documents/perso/AnisFlix/ios-natve/anisflix/anisflix/Utils/ScreenRotator.swift (in target 'AnisFlix' from project 'anisflix')
    cd /Users/aniskedidi/Documents/perso/AnisFlix/ios-natve/anisflix
    

SwiftCompile normal arm64 /Users/aniskedidi/Documents/perso/AnisFlix/ios-natve/anisflix/anisflix/Views/Components/CachedAsyncImage.swift (in target 'AnisFlix' from project 'anisflix')
    cd /Users/aniskedidi/Documents/perso/AnisFlix/ios-natve/anisflix
    

SwiftCompile normal arm64 /Users/aniskedidi/Documents/perso/AnisFlix/ios-natve/anisflix/anisflix/Views/Components/CastButton.swift (in target 'AnisFlix' from project 'anisflix')
    cd /Users/aniskedidi/Documents/perso/AnisFlix/ios-natve/anisflix
    

SwiftCompile normal arm64 /Users/aniskedidi/Documents/perso/AnisFlix/ios-natve/anisflix/anisflix/Views/Components/CastControlSheet.swift (in target 'AnisFlix' from project 'anisflix')
    cd /Users/aniskedidi/Documents/perso/AnisFlix/ios-natve/anisflix
    

SwiftCompile normal arm64 Compiling\ TabBarHider.swift,\ ThemeToggle.swift,\ TrailerPlayerView.swift,\ TVHeaderView.swift,\ VLCMiniPlayerView.swift,\ VLCPlayerView.swift,\ WatchProvidersView.swift,\ GenreMediaListView.swift,\ LatestMediaListView.swift /Users/aniskedidi/Documents/perso/AnisFlix/ios-natve/anisflix/anisflix/Views/Components/TabBarHider.swift /Users/aniskedidi/Documents/perso/AnisFlix/ios-natve/anisflix/anisflix/Views/Components/ThemeToggle.swift /Users/aniskedidi/Documents/perso/AnisFlix/ios-natve/anisflix/anisflix/Views/Components/TrailerPlayerView.swift /Users/aniskedidi/Documents/perso/AnisFlix/ios-natve/anisflix/anisflix/Views/Components/TVHeaderView.swift /Users/aniskedidi/Documents/perso/AnisFlix/ios-natve/anisflix/anisflix/Views/Components/VLCMiniPlayerView.swift /Users/aniskedidi/Documents/perso/AnisFlix/ios-natve/anisflix/anisflix/Views/Components/VLCPlayerView.swift /Users/aniskedidi/Documents/perso/AnisFlix/ios-natve/anisflix/anisflix/Views/Components/WatchProvidersView.swift /Users/aniskedidi/Documents/perso/AnisFlix/ios-natve/anisflix/anisflix/Views/Lists/GenreMediaListView.swift /Users/aniskedidi/Documents/perso/AnisFlix/ios-natve/anisflix/anisflix/Views/Lists/LatestMediaListView.swift (in target 'AnisFlix' from project 'anisflix')

SwiftCompile normal arm64 /Users/aniskedidi/Documents/perso/AnisFlix/ios-natve/anisflix/anisflix/Views/Components/TabBarHider.swift (in target 'AnisFlix' from project 'anisflix')
    cd /Users/aniskedidi/Documents/perso/AnisFlix/ios-natve/anisflix
    

SwiftCompile normal arm64 /Users/aniskedidi/Documents/perso/AnisFlix/ios-natve/anisflix/anisflix/Views/Components/ThemeToggle.swift (in target 'AnisFlix' from project 'anisflix')
    cd /Users/aniskedidi/Documents/perso/AnisFlix/ios-natve/anisflix
    

SwiftCompile normal arm64 /Users/aniskedidi/Documents/perso/AnisFlix/ios-natve/anisflix/anisflix/Views/Components/TrailerPlayerView.swift (in target 'AnisFlix' from project 'anisflix')
    cd /Users/aniskedidi/Documents/perso/AnisFlix/ios-natve/anisflix
    

SwiftCompile normal arm64 /Users/aniskedidi/Documents/perso/AnisFlix/ios-natve/anisflix/anisflix/Views/Components/TVHeaderView.swift (in target 'AnisFlix' from project 'anisflix')
    cd /Users/aniskedidi/Documents/perso/AnisFlix/ios-natve/anisflix
    

SwiftCompile normal arm64 /Users/aniskedidi/Documents/perso/AnisFlix/ios-natve/anisflix/anisflix/Views/Components/VLCMiniPlayerView.swift (in target 'AnisFlix' from project 'anisflix')
    cd /Users/aniskedidi/Documents/perso/AnisFlix/ios-natve/anisflix
    

SwiftCompile normal arm64 /Users/aniskedidi/Documents/perso/AnisFlix/ios-natve/anisflix/anisflix/Views/Components/VLCPlayerView.swift (in target 'AnisFlix' from project 'anisflix')
    cd /Users/aniskedidi/Documents/perso/AnisFlix/ios-natve/anisflix
    

SwiftCompile normal arm64 /Users/aniskedidi/Documents/perso/AnisFlix/ios-natve/anisflix/anisflix/Views/Components/WatchProvidersView.swift (in target 'AnisFlix' from project 'anisflix')
    cd /Users/aniskedidi/Documents/perso/AnisFlix/ios-natve/anisflix
    

SwiftCompile normal arm64 /Users/aniskedidi/Documents/perso/AnisFlix/ios-natve/anisflix/anisflix/Views/Lists/GenreMediaListView.swift (in target 'AnisFlix' from project 'anisflix')
    cd /Users/aniskedidi/Documents/perso/AnisFlix/ios-natve/anisflix
    

SwiftCompile normal arm64 /Users/aniskedidi/Documents/perso/AnisFlix/ios-natve/anisflix/anisflix/Views/Lists/LatestMediaListView.swift (in target 'AnisFlix' from project 'anisflix')
    cd /Users/aniskedidi/Documents/perso/AnisFlix/ios-natve/anisflix
    

SwiftCompile normal arm64 Compiling\ MediaRow.swift,\ MiniPlayerView.swift,\ NavigationBarHider.swift,\ NextEpisodeOverlay.swift,\ PlayerContentView.swift,\ SafariView.swift,\ StreamingSourcesView.swift,\ SubtitleSelectionView.swift,\ SVGImageView.swift /Users/aniskedidi/Documents/perso/AnisFlix/ios-natve/anisflix/anisflix/Views/Components/MediaRow.swift /Users/aniskedidi/Documents/perso/AnisFlix/ios-natve/anisflix/anisflix/Views/Components/MiniPlayerView.swift /Users/aniskedidi/Documents/perso/AnisFlix/ios-natve/anisflix/anisflix/Views/Components/NavigationBarHider.swift /Users/aniskedidi/Documents/perso/AnisFlix/ios-natve/anisflix/anisflix/Views/Components/NextEpisodeOverlay.swift /Users/aniskedidi/Documents/perso/AnisFlix/ios-natve/anisflix/anisflix/Views/Components/PlayerContentView.swift /Users/aniskedidi/Documents/perso/AnisFlix/ios-natve/anisflix/anisflix/Views/Components/SafariView.swift /Users/aniskedidi/Documents/perso/AnisFlix/ios-natve/anisflix/anisflix/Views/Components/StreamingSourcesView.swift /Users/aniskedidi/Documents/perso/AnisFlix/ios-natve/anisflix/anisflix/Views/Components/SubtitleSelectionView.swift /Users/aniskedidi/Documents/perso/AnisFlix/ios-natve/anisflix/anisflix/Views/Components/SVGImageView.swift (in target 'AnisFlix' from project 'anisflix')

SwiftCompile normal arm64 /Users/aniskedidi/Documents/perso/AnisFlix/ios-natve/anisflix/anisflix/Views/Components/MediaRow.swift (in target 'AnisFlix' from project 'anisflix')
    cd /Users/aniskedidi/Documents/perso/AnisFlix/ios-natve/anisflix
    

SwiftCompile normal arm64 /Users/aniskedidi/Documents/perso/AnisFlix/ios-natve/anisflix/anisflix/Views/Components/MiniPlayerView.swift (in target 'AnisFlix' from project 'anisflix')
    cd /Users/aniskedidi/Documents/perso/AnisFlix/ios-natve/anisflix
    

SwiftCompile normal arm64 /Users/aniskedidi/Documents/perso/AnisFlix/ios-natve/anisflix/anisflix/Views/Components/NavigationBarHider.swift (in target 'AnisFlix' from project 'anisflix')
    cd /Users/aniskedidi/Documents/perso/AnisFlix/ios-natve/anisflix
    

SwiftCompile normal arm64 /Users/aniskedidi/Documents/perso/AnisFlix/ios-natve/anisflix/anisflix/Views/Components/NextEpisodeOverlay.swift (in target 'AnisFlix' from project 'anisflix')
    cd /Users/aniskedidi/Documents/perso/AnisFlix/ios-natve/anisflix
    

SwiftCompile normal arm64 /Users/aniskedidi/Documents/perso/AnisFlix/ios-natve/anisflix/anisflix/Views/Components/PlayerContentView.swift (in target 'AnisFlix' from project 'anisflix')
    cd /Users/aniskedidi/Documents/perso/AnisFlix/ios-natve/anisflix
    

SwiftCompile normal arm64 /Users/aniskedidi/Documents/perso/AnisFlix/ios-natve/anisflix/anisflix/Views/Components/SafariView.swift (in target 'AnisFlix' from project 'anisflix')
    cd /Users/aniskedidi/Documents/perso/AnisFlix/ios-natve/anisflix
    

SwiftCompile normal arm64 /Users/aniskedidi/Documents/perso/AnisFlix/ios-natve/anisflix/anisflix/Views/Components/StreamingSourcesView.swift (in target 'AnisFlix' from project 'anisflix')
    cd /Users/aniskedidi/Documents/perso/AnisFlix/ios-natve/anisflix
    

SwiftCompile normal arm64 /Users/aniskedidi/Documents/perso/AnisFlix/ios-natve/anisflix/anisflix/Views/Components/SubtitleSelectionView.swift (in target 'AnisFlix' from project 'anisflix')
    cd /Users/aniskedidi/Documents/perso/AnisFlix/ios-natve/anisflix
    

SwiftCompile normal arm64 /Users/aniskedidi/Documents/perso/AnisFlix/ios-natve/anisflix/anisflix/Views/Components/SVGImageView.swift (in target 'AnisFlix' from project 'anisflix')
    cd /Users/aniskedidi/Documents/perso/AnisFlix/ios-natve/anisflix
    

SwiftCompile normal arm64 Compiling\ ExploreView.swift,\ FavoritesView.swift,\ HomeView.swift,\ LatestEpisodesView.swift,\ MobTestView.swift,\ MoreView.swift,\ MovieDetailView.swift,\ MoviesView.swift,\ SeriesDetailView.swift /Users/aniskedidi/Documents/perso/AnisFlix/ios-natve/anisflix/anisflix/Views/ExploreView.swift /Users/aniskedidi/Documents/perso/AnisFlix/ios-natve/anisflix/anisflix/Views/FavoritesView.swift /Users/aniskedidi/Documents/perso/AnisFlix/ios-natve/anisflix/anisflix/Views/HomeView.swift /Users/aniskedidi/Documents/perso/AnisFlix/ios-natve/anisflix/anisflix/Views/LatestEpisodesView.swift /Users/aniskedidi/Documents/perso/AnisFlix/ios-natve/anisflix/anisflix/Views/MobTestView.swift /Users/aniskedidi/Documents/perso/AnisFlix/ios-natve/anisflix/anisflix/Views/MoreView.swift /Users/aniskedidi/Documents/perso/AnisFlix/ios-natve/anisflix/anisflix/Views/MovieDetailView.swift /Users/aniskedidi/Documents/perso/AnisFlix/ios-natve/anisflix/anisflix/Views/MoviesView.swift /Users/aniskedidi/Documents/perso/AnisFlix/ios-natve/anisflix/anisflix/Views/SeriesDetailView.swift (in target 'AnisFlix' from project 'anisflix')

SwiftCompile normal arm64 /Users/aniskedidi/Documents/perso/AnisFlix/ios-natve/anisflix/anisflix/Views/ExploreView.swift (in target 'AnisFlix' from project 'anisflix')
    cd /Users/aniskedidi/Documents/perso/AnisFlix/ios-natve/anisflix
    

SwiftCompile normal arm64 /Users/aniskedidi/Documents/perso/AnisFlix/ios-natve/anisflix/anisflix/Views/FavoritesView.swift (in target 'AnisFlix' from project 'anisflix')
    cd /Users/aniskedidi/Documents/perso/AnisFlix/ios-natve/anisflix
    

SwiftCompile normal arm64 /Users/aniskedidi/Documents/perso/AnisFlix/ios-natve/anisflix/anisflix/Views/HomeView.swift (in target 'AnisFlix' from project 'anisflix')
    cd /Users/aniskedidi/Documents/perso/AnisFlix/ios-natve/anisflix
    

SwiftCompile normal arm64 /Users/aniskedidi/Documents/perso/AnisFlix/ios-natve/anisflix/anisflix/Views/LatestEpisodesView.swift (in target 'AnisFlix' from project 'anisflix')
    cd /Users/aniskedidi/Documents/perso/AnisFlix/ios-natve/anisflix
    

SwiftCompile normal arm64 /Users/aniskedidi/Documents/perso/AnisFlix/ios-natve/anisflix/anisflix/Views/MobTestView.swift (in target 'AnisFlix' from project 'anisflix')
    cd /Users/aniskedidi/Documents/perso/AnisFlix/ios-natve/anisflix
    

SwiftCompile normal arm64 /Users/aniskedidi/Documents/perso/AnisFlix/ios-natve/anisflix/anisflix/Views/MoreView.swift (in target 'AnisFlix' from project 'anisflix')
    cd /Users/aniskedidi/Documents/perso/AnisFlix/ios-natve/anisflix
    

SwiftCompile normal arm64 /Users/aniskedidi/Documents/perso/AnisFlix/ios-natve/anisflix/anisflix/Views/MovieDetailView.swift (in target 'AnisFlix' from project 'anisflix')
    cd /Users/aniskedidi/Documents/perso/AnisFlix/ios-natve/anisflix
    

SwiftCompile normal arm64 /Users/aniskedidi/Documents/perso/AnisFlix/ios-natve/anisflix/anisflix/Views/MoviesView.swift (in target 'AnisFlix' from project 'anisflix')
    cd /Users/aniskedidi/Documents/perso/AnisFlix/ios-natve/anisflix
    

SwiftCompile normal arm64 /Users/aniskedidi/Documents/perso/AnisFlix/ios-natve/anisflix/anisflix/Views/SeriesDetailView.swift (in target 'AnisFlix' from project 'anisflix')
    cd /Users/aniskedidi/Documents/perso/AnisFlix/ios-natve/anisflix
    

SwiftCompile normal arm64 Compiling\ LatestMoviesView.swift,\ LatestSeriesView.swift,\ MediaListView.swift,\ PopularMoviesView.swift,\ PopularSeriesView.swift,\ ProviderCategoryListView.swift,\ ProviderMediaListView.swift,\ DownloadedMediaDetailView.swift,\ DownloadsView.swift /Users/aniskedidi/Documents/perso/AnisFlix/ios-natve/anisflix/anisflix/Views/Lists/LatestMoviesView.swift /Users/aniskedidi/Documents/perso/AnisFlix/ios-natve/anisflix/anisflix/Views/Lists/LatestSeriesView.swift /Users/aniskedidi/Documents/perso/AnisFlix/ios-natve/anisflix/anisflix/Views/Lists/MediaListView.swift /Users/aniskedidi/Documents/perso/AnisFlix/ios-natve/anisflix/anisflix/Views/Lists/PopularMoviesView.swift /Users/aniskedidi/Documents/perso/AnisFlix/ios-natve/anisflix/anisflix/Views/Lists/PopularSeriesView.swift /Users/aniskedidi/Documents/perso/AnisFlix/ios-natve/anisflix/anisflix/Views/Lists/ProviderCategoryListView.swift /Users/aniskedidi/Documents/perso/AnisFlix/ios-natve/anisflix/anisflix/Views/Lists/ProviderMediaListView.swift /Users/aniskedidi/Documents/perso/AnisFlix/ios-natve/anisflix/anisflix/Views/DownloadedMediaDetailView.swift /Users/aniskedidi/Documents/perso/AnisFlix/ios-natve/anisflix/anisflix/Views/DownloadsView.swift (in target 'AnisFlix' from project 'anisflix')

SwiftCompile normal arm64 /Users/aniskedidi/Documents/perso/AnisFlix/ios-natve/anisflix/anisflix/Views/Lists/LatestMoviesView.swift (in target 'AnisFlix' from project 'anisflix')
    cd /Users/aniskedidi/Documents/perso/AnisFlix/ios-natve/anisflix
    

SwiftCompile normal arm64 /Users/aniskedidi/Documents/perso/AnisFlix/ios-natve/anisflix/anisflix/Views/Lists/LatestSeriesView.swift (in target 'AnisFlix' from project 'anisflix')
    cd /Users/aniskedidi/Documents/perso/AnisFlix/ios-natve/anisflix
    

SwiftCompile normal arm64 /Users/aniskedidi/Documents/perso/AnisFlix/ios-natve/anisflix/anisflix/Views/Lists/MediaListView.swift (in target 'AnisFlix' from project 'anisflix')
    cd /Users/aniskedidi/Documents/perso/AnisFlix/ios-natve/anisflix
    

SwiftCompile normal arm64 /Users/aniskedidi/Documents/perso/AnisFlix/ios-natve/anisflix/anisflix/Views/Lists/PopularMoviesView.swift (in target 'AnisFlix' from project 'anisflix')
    cd /Users/aniskedidi/Documents/perso/AnisFlix/ios-natve/anisflix
    

SwiftCompile normal arm64 /Users/aniskedidi/Documents/perso/AnisFlix/ios-natve/anisflix/anisflix/Views/Lists/PopularSeriesView.swift (in target 'AnisFlix' from project 'anisflix')
    cd /Users/aniskedidi/Documents/perso/AnisFlix/ios-natve/anisflix
    

SwiftCompile normal arm64 /Users/aniskedidi/Documents/perso/AnisFlix/ios-natve/anisflix/anisflix/Views/Lists/ProviderCategoryListView.swift (in target 'AnisFlix' from project 'anisflix')
    cd /Users/aniskedidi/Documents/perso/AnisFlix/ios-natve/anisflix
    

SwiftCompile normal arm64 /Users/aniskedidi/Documents/perso/AnisFlix/ios-natve/anisflix/anisflix/Views/Lists/ProviderMediaListView.swift (in target 'AnisFlix' from project 'anisflix')
    cd /Users/aniskedidi/Documents/perso/AnisFlix/ios-natve/anisflix
    

SwiftCompile normal arm64 /Users/aniskedidi/Documents/perso/AnisFlix/ios-natve/anisflix/anisflix/Views/DownloadedMediaDetailView.swift (in target 'AnisFlix' from project 'anisflix')
    cd /Users/aniskedidi/Documents/perso/AnisFlix/ios-natve/anisflix
    

SwiftCompile normal arm64 /Users/aniskedidi/Documents/perso/AnisFlix/ios-natve/anisflix/anisflix/Views/DownloadsView.swift (in target 'AnisFlix' from project 'anisflix')
    cd /Users/aniskedidi/Documents/perso/AnisFlix/ios-natve/anisflix
    

SwiftCompile normal arm64 Compiling\ StreamingService.swift,\ TabBarManager.swift,\ TMDBService.swift,\ TMDBService+Search.swift,\ TraktManager.swift,\ TVService.swift,\ VideoResourceLoaderDelegate.swift,\ VidlinkService.swift,\ WatchProgressManager.swift /Users/aniskedidi/Documents/perso/AnisFlix/ios-natve/anisflix/anisflix/Services/StreamingService.swift /Users/aniskedidi/Documents/perso/AnisFlix/ios-natve/anisflix/anisflix/Services/TabBarManager.swift /Users/aniskedidi/Documents/perso/AnisFlix/ios-natve/anisflix/anisflix/Services/TMDBService.swift /Users/aniskedidi/Documents/perso/AnisFlix/ios-natve/anisflix/anisflix/Services/TMDBService+Search.swift /Users/aniskedidi/Documents/perso/AnisFlix/ios-natve/anisflix/anisflix/Services/TraktManager.swift /Users/aniskedidi/Documents/perso/AnisFlix/ios-natve/anisflix/anisflix/Services/TVService.swift /Users/aniskedidi/Documents/perso/AnisFlix/ios-natve/anisflix/anisflix/Services/VideoResourceLoaderDelegate.swift /Users/aniskedidi/Documents/perso/AnisFlix/ios-natve/anisflix/anisflix/Services/VidlinkService.swift /Users/aniskedidi/Documents/perso/AnisFlix/ios-natve/anisflix/anisflix/Services/WatchProgressManager.swift (in target 'AnisFlix' from project 'anisflix')
Failed frontend command:
/Applications/Xcode.app/Contents/Developer/Toolchains/XcodeDefault.xctoolchain/usr/bin/swift-frontend -frontend -c /Users/aniskedidi/Documents/perso/AnisFlix/ios-natve/anisflix/anisflix/Models/Media.swift /Users/aniskedidi/Documents/perso/AnisFlix/ios-natve/anisflix/anisflix/Models/NavigationDestination.swift /Users/aniskedidi/Documents/perso/AnisFlix/ios-natve/anisflix/anisflix/Models/TVChannel.swift /Users/aniskedidi/Documents/perso/AnisFlix/ios-natve/anisflix/anisflix/Models/TVChannelsResponse.swift /Users/aniskedidi/Documents/perso/AnisFlix/ios-natve/anisflix/anisflix/Services/AnimeKaiService.swift /Users/aniskedidi/Documents/perso/AnisFlix/ios-natve/anisflix/anisflix/Services/AnimePaheService.swift /Users/aniskedidi/Documents/perso/AnisFlix/ios-natve/anisflix/anisflix/Services/CastManager.swift /Users/aniskedidi/Documents/perso/AnisFlix/ios-natve/anisflix/anisflix/Services/DownloadManager.swift /Users/aniskedidi/Documents/perso/AnisFlix/ios-natve/anisflix/anisflix/Services/FavoritesManager.swift /Users/aniskedidi/Documents/perso/AnisFlix/ios-natve/anisflix/anisflix/Services/FSVidService.swift /Users/aniskedidi/Documents/perso/AnisFlix/ios-natve/anisflix/anisflix/Services/GlobalPlayerManager.swift /Users/aniskedidi/Documents/perso/AnisFlix/ios-natve/anisflix/anisflix/Services/HiAnimeService.swift /Users/aniskedidi/Documents/perso/AnisFlix/ios-natve/anisflix/anisflix/Services/HLSFFmpegDownloader.swift /Users/aniskedidi/Documents/perso/AnisFlix/ios-natve/anisflix/anisflix/Services/ImageCache.swift /Users/aniskedidi/Documents/perso/AnisFlix/ios-natve/anisflix/anisflix/Services/JsPackerUnpacker.swift /Users/aniskedidi/Documents/perso/AnisFlix/ios-natve/anisflix/anisflix/Services/LocalStreamingServer.swift /Users/aniskedidi/Documents/perso/AnisFlix/ios-natve/anisflix/anisflix/Services/MobService.swift /Users/aniskedidi/Documents/perso/AnisFlix/ios-natve/anisflix/anisflix/Services/MovieBoxService.swift -primary-file /Users/aniskedidi/Documents/perso/AnisFlix/ios-natve/anisflix/anisflix/Services/StreamingService.swift -primary-file /Users/aniskedidi/Documents/perso/AnisFlix/ios-natve/anisflix/anisflix/Services/TabBarManager.swift -primary-file /Users/aniskedidi/Documents/perso/AnisFlix/ios-natve/anisflix/anisflix/Services/TMDBService.swift -primary-file /Users/aniskedidi/Documents/perso/AnisFlix/ios-natve/anisflix/anisflix/Services/TMDBService+Search.swift -primary-file /Users/aniskedidi/Documents/perso/AnisFlix/ios-natve/anisflix/anisflix/Services/TraktManager.swift -primary-file /Users/aniskedidi/Documents/perso/AnisFlix/ios-natve/anisflix/anisflix/Services/TVService.swift -primary-file /Users/aniskedidi/Documents/perso/AnisFlix/ios-natve/anisflix/anisflix/Services/VideoResourceLoaderDelegate.swift -primary-file /Users/aniskedidi/Documents/perso/AnisFlix/ios-natve/anisflix/anisflix/Services/VidlinkService.swift -primary-file /Users/aniskedidi/Documents/perso/AnisFlix/ios-natve/anisflix/anisflix/Services/WatchProgressManager.swift /Users/aniskedidi/Documents/perso/AnisFlix/ios-natve/anisflix/anisflix/Services/YFlixService.swift /Users/aniskedidi/Documents/perso/AnisFlix/ios-natve/anisflix/anisflix/Utils/FullscreenPlayerEnvironment.swift /Users/aniskedidi/Documents/perso/AnisFlix/ios-natve/anisflix/anisflix/Utils/FullscreenPlayerPresenter.swift /Users/aniskedidi/Documents/perso/AnisFlix/ios-natve/anisflix/anisflix/Utils/LandscapeHostingController.swift /Users/aniskedidi/Documents/perso/AnisFlix/ios-natve/anisflix/anisflix/Utils/Localizable.swift /Users/aniskedidi/Documents/perso/AnisFlix/ios-natve/anisflix/anisflix/Utils/ScreenRotator.swift /Users/aniskedidi/Documents/perso/AnisFlix/ios-natve/anisflix/anisflix/Views/Components/CachedAsyncImage.swift /Users/aniskedidi/Documents/perso/AnisFlix/ios-natve/anisflix/anisflix/Views/Components/CastButton.swift /Users/aniskedidi/Documents/perso/AnisFlix/ios-natve/anisflix/anisflix/Views/Components/CastControlSheet.swift /Users/aniskedidi/Documents/perso/AnisFlix/ios-natve/anisflix/anisflix/Views/Components/CastDeviceSelectionView.swift /Users/aniskedidi/Documents/perso/AnisFlix/ios-natve/anisflix/anisflix/Views/Components/CastMiniPlayerView.swift /Users/aniskedidi/Documents/perso/AnisFlix/ios-natve/anisflix/anisflix/Views/Components/CastPlaceholderView.swift /Users/aniskedidi/Documents/perso/AnisFlix/ios-natve/anisflix/anisflix/Views/Components/CustomHeaderView.swift /Users/aniskedidi/Documents/perso/AnisFlix/ios-natve/anisflix/anisflix/Views/Components/CustomTabBar.swift /Users/aniskedidi/Documents/perso/AnisFlix/ios-natve/anisflix/anisflix/Views/Components/CustomVideoPlayer.swift /Users/aniskedidi/Documents/perso/AnisFlix/ios-natve/anisflix/anisflix/Views/Components/HomeIndicatorHider.swift /Users/aniskedidi/Documents/perso/AnisFlix/ios-natve/anisflix/anisflix/Views/Components/LanguagePicker.swift /Users/aniskedidi/Documents/perso/AnisFlix/ios-natve/anisflix/anisflix/Views/Components/MediaGrid.swift /Users/aniskedidi/Documents/perso/AnisFlix/ios-natve/anisflix/anisflix/Views/Components/MediaRow.swift /Users/aniskedidi/Documents/perso/AnisFlix/ios-natve/anisflix/anisflix/Views/Components/MiniPlayerView.swift /Users/aniskedidi/Documents/perso/AnisFlix/ios-natve/anisflix/anisflix/Views/Components/NavigationBarHider.swift /Users/aniskedidi/Documents/perso/AnisFlix/ios-natve/anisflix/anisflix/Views/Components/NextEpisodeOverlay.swift /Users/aniskedidi/Documents/perso/AnisFlix/ios-natve/anisflix/anisflix/Views/Components/PlayerContentView.swift /Users/aniskedidi/Documents/perso/AnisFlix/ios-natve/anisflix/anisflix/Views/Components/SafariView.swift /Users/aniskedidi/Documents/perso/AnisFlix/ios-natve/anisflix/anisflix/Views/Components/StreamingSourcesView.swift /Users/aniskedidi/Documents/perso/AnisFlix/ios-natve/anisflix/anisflix/Views/Components/SubtitleSelectionView.swift /Users/aniskedidi/Documents/perso/AnisFlix/ios-natve/anisflix/anisflix/Views/Components/SVGImageView.swift /Users/aniskedidi/Documents/perso/AnisFlix/ios-natve/anisflix/anisflix/Views/Components/TabBarHider.swift /Users/aniskedidi/Documents/perso/AnisFlix/ios-natve/anisflix/anisflix/Views/Components/ThemeToggle.swift /Users/aniskedidi/Documents/perso/AnisFlix/ios-natve/anisflix/anisflix/Views/Components/TrailerPlayerView.swift /Users/aniskedidi/Documents/perso/AnisFlix/ios-natve/anisflix/anisflix/Views/Components/TVHeaderView.swift /Users/aniskedidi/Documents/perso/AnisFlix/ios-natve/anisflix/anisflix/Views/Components/VLCMiniPlayerView.swift /Users/aniskedidi/Documents/perso/AnisFlix/ios-natve/anisflix/anisflix/Views/Components/VLCPlayerView.swift /Users/aniskedidi/Documents/perso/AnisFlix/ios-natve/anisflix/anisflix/Views/Components/WatchProvidersView.swift /Users/aniskedidi/Documents/perso/AnisFlix/ios-natve/anisflix/anisflix/Views/Lists/GenreMediaListView.swift /Users/aniskedidi/Documents/perso/AnisFlix/ios-natve/anisflix/anisflix/Views/Lists/LatestMediaListView.swift /Users/aniskedidi/Documents/perso/AnisFlix/ios-natve/anisflix/anisflix/Views/Lists/LatestMoviesView.swift /Users/aniskedidi/Documents/perso/AnisFlix/ios-natve/anisflix/anisflix/Views/Lists/LatestSeriesView.swift /Users/aniskedidi/Documents/perso/AnisFlix/ios-natve/anisflix/anisflix/Views/Lists/MediaListView.swift /Users/aniskedidi/Documents/perso/AnisFlix/ios-natve/anisflix/anisflix/Views/Lists/PopularMoviesView.swift /Users/aniskedidi/Documents/perso/AnisFlix/ios-natve/anisflix/anisflix/Views/Lists/PopularSeriesView.swift /Users/aniskedidi/Documents/perso/AnisFlix/ios-natve/anisflix/anisflix/Views/Lists/ProviderCategoryListView.swift /Users/aniskedidi/Documents/perso/AnisFlix/ios-natve/anisflix/anisflix/Views/Lists/ProviderMediaListView.swift /Users/aniskedidi/Documents/perso/AnisFlix/ios-natve/anisflix/anisflix/Views/DownloadedMediaDetailView.swift /Users/aniskedidi/Documents/perso/AnisFlix/ios-natve/anisflix/anisflix/Views/DownloadsView.swift /Users/aniskedidi/Documents/perso/AnisFlix/ios-natve/anisflix/anisflix/Views/ExploreView.swift /Users/aniskedidi/Documents/perso/AnisFlix/ios-natve/anisflix/anisflix/Views/FavoritesView.swift /Users/aniskedidi/Documents/perso/AnisFlix/ios-natve/anisflix/anisflix/Views/HomeView.swift /Users/aniskedidi/Documents/perso/AnisFlix/ios-natve/anisflix/anisflix/Views/LatestEpisodesView.swift /Users/aniskedidi/Documents/perso/AnisFlix/ios-natve/anisflix/anisflix/Views/MobTestView.swift /Users/aniskedidi/Documents/perso/AnisFlix/ios-natve/anisflix/anisflix/Views/MoreView.swift /Users/aniskedidi/Documents/perso/AnisFlix/ios-natve/anisflix/anisflix/Views/MovieDetailView.swift /Users/aniskedidi/Documents/perso/AnisFlix/ios-natve/anisflix/anisflix/Views/MoviesView.swift /Users/aniskedidi/Documents/perso/AnisFlix/ios-natve/anisflix/anisflix/Views/SeriesDetailView.swift /Users/aniskedidi/Documents/perso/AnisFlix/ios-natve/anisflix/anisflix/Views/SeriesView.swift /Users/aniskedidi/Documents/perso/AnisFlix/ios-natve/anisflix/anisflix/Views/SettingsView.swift /Users/aniskedidi/Documents/perso/AnisFlix/ios-natve/anisflix/anisflix/Views/TVChannelsView.swift /Users/aniskedidi/Documents/perso/AnisFlix/ios-natve/anisflix/anisflix/anisflixApp.swift /Users/aniskedidi/Documents/perso/AnisFlix/ios-natve/anisflix/anisflix/AppTheme.swift /Users/aniskedidi/Documents/perso/AnisFlix/ios-natve/anisflix/anisflix/ContentView.swift /Users/aniskedidi/Documents/perso/AnisFlix/ios-natve/anisflix/anisflix/MainTabView.swift /Users/aniskedidi/Library/Developer/Xcode/DerivedData/anisflix-hhqtjtgkehjzwhfmetqsazeobjhe/Build/Intermediates.noindex/anisflix.build/Debug-iphoneos/AnisFlix.build/DerivedSources/GeneratedAssetSymbols.swift -supplementary-output-file-map /Users/aniskedidi/Library/Developer/Xcode/DerivedData/anisflix-hhqtjtgkehjzwhfmetqsazeobjhe/Build/Intermediates.noindex/anisflix.build/Debug-iphoneos/AnisFlix.build/Objects-normal/arm64/supplementaryOutputs-3 -emit-localized-strings -emit-localized-strings-path /Users/aniskedidi/Library/Developer/Xcode/DerivedData/anisflix-hhqtjtgkehjzwhfmetqsazeobjhe/Build/Intermediates.noindex/anisflix.build/Debug-iphoneos/AnisFlix.build/Objects-normal/arm64 -target arm64-apple-ios16.0 -module-can-import-version DeveloperToolsSupport 23.40.26 23.40.26 -module-can-import GoogleCast -module-can-import-version SwiftUI 7.5.3 7.5.3 -module-can-import-version UIKit 9126.5.5.2 9126.5.5 -disable-cross-import-overlay-search -swift-module-cross-import AVKit /Applications/Xcode.app/Contents/Developer/Platforms/iPhoneOS.platform/Developer/SDKs/iPhoneOS.sdk/System/Library/Frameworks/AVKit.framework/Modules/AVKit.swiftcrossimport/SwiftUI.swiftoverlay -swift-module-cross-import AVKit /Applications/Xcode.app/Contents/Developer/Platforms/iPhoneOS.platform/Developer/SDKs/iPhoneOS26.5.sdk/System/Library/Frameworks/AVKit.framework/Modules/AVKit.swiftcrossimport/SwiftUI.swiftoverlay -swift-module-cross-import WebKit /Applications/Xcode.app/Contents/Developer/Platforms/iPhoneOS.platform/Developer/SDKs/iPhoneOS.sdk/System/Cryptexes/OS/System/Library/Frameworks/WebKit.framework/Modules/WebKit.swiftcrossimport/SwiftUI.swiftoverlay -swift-module-cross-import WebKit /Applications/Xcode.app/Contents/Developer/Platforms/iPhoneOS.platform/Developer/SDKs/iPhoneOS26.5.sdk/System/Library/Frameworks/WebKit.framework/Modules/WebKit.swiftcrossimport/SwiftUI.swiftoverlay -load-resolved-plugin /Applications/Xcode.app/Contents/Developer/Platforms/iPhoneOS.platform/Developer/usr/lib/swift/host/plugins/libFoundationMacros.dylib\#/Applications/Xcode.app/Contents/Developer/Platforms/iPhoneOS.platform/Developer/usr/bin/swift-plugin-server\#FoundationMacros -load-resolved-plugin /Applications/Xcode.app/Contents/Developer/Platforms/iPhoneOS.platform/Developer/usr/lib/swift/host/plugins/libObservationMacros.dylib\#/Applications/Xcode.app/Contents/Developer/Platforms/iPhoneOS.platform/Developer/usr/bin/swift-plugin-server\#ObservationMacros -load-resolved-plugin /Applications/Xcode.app/Contents/Developer/Platforms/iPhoneOS.platform/Developer/usr/lib/swift/host/plugins/libPreviewsMacros.dylib\#/Applications/Xcode.app/Contents/Developer/Platforms/iPhoneOS.platform/Developer/usr/bin/swift-plugin-server\#PreviewsMacros -load-resolved-plugin /Applications/Xcode.app/Contents/Developer/Platforms/iPhoneOS.platform/Developer/usr/lib/swift/host/plugins/libSwiftMacros.dylib\#/Applications/Xcode.app/Contents/Developer/Platforms/iPhoneOS.platform/Developer/usr/bin/swift-plugin-server\#SwiftMacros -load-resolved-plugin /Applications/Xcode.app/Contents/Developer/Platforms/iPhoneOS.platform/Developer/usr/lib/swift/host/plugins/libSwiftUIMacros.dylib\#/Applications/Xcode.app/Contents/Developer/Platforms/iPhoneOS.platform/Developer/usr/bin/swift-plugin-server\#SwiftUIMacros -load-resolved-plugin /Applications/Xcode.app/Contents/Developer/Platforms/iPhoneOS.platform/Developer/usr/lib/swift/host/plugins/libTipKitMacros.dylib\#/Applications/Xcode.app/Contents/Developer/Platforms/iPhoneOS.platform/Developer/usr/bin/swift-plugin-server\#TipKitMacros -disable-implicit-swift-modules -Xcc -fno-implicit-modules -Xcc -fno-implicit-module-maps -explicit-swift-module-map-file /Users/aniskedidi/Library/Developer/Xcode/DerivedData/anisflix-hhqtjtgkehjzwhfmetqsazeobjhe/Build/Intermediates.noindex/anisflix.build/Debug-iphoneos/AnisFlix.build/Objects-normal/arm64/AnisFlix-dependencies-1.json -debug-module-path /Users/aniskedidi/Library/Developer/Xcode/DerivedData/anisflix-hhqtjtgkehjzwhfmetqsazeobjhe/Build/Intermediates.noindex/anisflix.build/Debug-iphoneos/AnisFlix.build/Objects-normal/arm64/AnisFlix.swiftmodule -Xllvm -aarch64-use-tbi -enable-objc-interop -stack-check -sdk /Applications/Xcode.app/Contents/Developer/Platforms/iPhoneOS.platform/Developer/SDKs/iPhoneOS26.5.sdk -I /Users/aniskedidi/Library/Developer/Xcode/DerivedData/anisflix-hhqtjtgkehjzwhfmetqsazeobjhe/Build/Products/Debug-iphoneos -F /Users/aniskedidi/Library/Developer/Xcode/DerivedData/anisflix-hhqtjtgkehjzwhfmetqsazeobjhe/Build/Products/Debug-iphoneos -F /Users/aniskedidi/Library/Developer/Xcode/DerivedData/anisflix-hhqtjtgkehjzwhfmetqsazeobjhe/Build/Products/Debug-iphoneos/GCDWebServer -F /Users/aniskedidi/Documents/perso/AnisFlix/ios-natve/anisflix/Pods/MobileVLCKit -F /Users/aniskedidi/Documents/perso/AnisFlix/ios-natve/anisflix/Pods/ffmpeg-kit-ios-full/ffmpeg-kit-ios-full -F /Users/aniskedidi/Documents/perso/AnisFlix/ios-natve/anisflix/Pods/google-cast-sdk/GoogleCastSDK-ios-4.8.4_static_xcframework -F /Users/aniskedidi/Library/Developer/Xcode/DerivedData/anisflix-hhqtjtgkehjzwhfmetqsazeobjhe/Build/Products/Debug-iphoneos/XCFrameworkIntermediates/MobileVLCKit -F /Users/aniskedidi/Library/Developer/Xcode/DerivedData/anisflix-hhqtjtgkehjzwhfmetqsazeobjhe/Build/Products/Debug-iphoneos/XCFrameworkIntermediates/ffmpeg-kit-ios-full -F /Users/aniskedidi/Library/Developer/Xcode/DerivedData/anisflix-hhqtjtgkehjzwhfmetqsazeobjhe/Build/Products/Debug-iphoneos/XCFrameworkIntermediates/google-cast-sdk -no-color-diagnostics -Xcc -fno-color-diagnostics -enable-testing -g -debug-info-format\=dwarf -dwarf-version\=4 -module-cache-path /Users/aniskedidi/Library/Developer/Xcode/DerivedData/anisflix-hhqtjtgkehjzwhfmetqsazeobjhe/Build/Intermediates.noindex/SwiftExplicitPrecompiledModules -swift-version 5 -Onone -D DEBUG -serialize-debugging-options -const-gather-protocols-file /Users/aniskedidi/Library/Developer/Xcode/DerivedData/anisflix-hhqtjtgkehjzwhfmetqsazeobjhe/Build/Intermediates.noindex/anisflix.build/Debug-iphoneos/AnisFlix.build/Objects-normal/arm64/AnisFlix_const_extract_protocols.json -enable-upcoming-feature DisableOutwardActorInference -enable-upcoming-feature InferSendableFromCaptures -enable-upcoming-feature GlobalActorIsolatedTypesUsability -enable-upcoming-feature MemberImportVisibility -enable-upcoming-feature InferIsolatedConformances -enable-upcoming-feature NonisolatedNonsendingByDefault -enable-experimental-feature DebugDescriptionMacro -enable-bare-slash-regex -default-isolation\=MainActor -empty-abi-descriptor -validate-clang-modules-once -clang-build-session-file /Users/aniskedidi/Library/Developer/Xcode/DerivedData/ModuleCache.noindex/Session.modulevalidation -Xcc -working-directory -Xcc /Users/aniskedidi/Documents/perso/AnisFlix/ios-natve/anisflix -enable-anonymous-context-mangled-names -file-compilation-dir /Users/aniskedidi/Documents/perso/AnisFlix/ios-natve/anisflix -Xcc -D_LIBCPP_HARDENING_MODE\=_LIBCPP_HARDENING_MODE_DEBUG -Xcc -ivfsstatcache -Xcc /Users/aniskedidi/Library/Developer/Xcode/DerivedData/SDKStatCaches.noindex/iphoneos26.5-23F81a-32daed1954a7d5dd0789fcaf2a9bb78b.sdkstatcache -Xcc -I/Users/aniskedidi/Library/Developer/Xcode/DerivedData/anisflix-hhqtjtgkehjzwhfmetqsazeobjhe/Build/Intermediates.noindex/anisflix.build/Debug-iphoneos/AnisFlix.build/swift-overrides.hmap -Xcc -iquote -Xcc /Users/aniskedidi/Library/Developer/Xcode/DerivedData/anisflix-hhqtjtgkehjzwhfmetqsazeobjhe/Build/Intermediates.noindex/anisflix.build/Debug-iphoneos/AnisFlix.build/AnisFlix-generated-files.hmap -Xcc -I/Users/aniskedidi/Library/Developer/Xcode/DerivedData/anisflix-hhqtjtgkehjzwhfmetqsazeobjhe/Build/Intermediates.noindex/anisflix.build/Debug-iphoneos/AnisFlix.build/AnisFlix-own-target-headers.hmap -Xcc -I/Users/aniskedidi/Library/Developer/Xcode/DerivedData/anisflix-hhqtjtgkehjzwhfmetqsazeobjhe/Build/Intermediates.noindex/anisflix.build/Debug-iphoneos/AnisFlix.build/AnisFlix-all-non-framework-target-headers.hmap -Xcc -ivfsoverlay -Xcc /Users/aniskedidi/Library/Developer/Xcode/DerivedData/anisflix-hhqtjtgkehjzwhfmetqsazeobjhe/Build/Intermediates.noindex/anisflix.build/Debug-iphoneos/anisflix-8c77cfc3c15a48e8c801f7c0d09e749c-VFS-iphoneos/all-product-headers.yaml -Xcc -iquote -Xcc /Users/aniskedidi/Library/Developer/Xcode/DerivedData/anisflix-hhqtjtgkehjzwhfmetqsazeobjhe/Build/Intermediates.noindex/anisflix.build/Debug-iphoneos/AnisFlix.build/AnisFlix-project-headers.hmap -Xcc -I/Users/aniskedidi/Library/Developer/Xcode/DerivedData/anisflix-hhqtjtgkehjzwhfmetqsazeobjhe/Build/Products/Debug-iphoneos/include -Xcc -I/Users/aniskedidi/Library/Developer/Xcode/DerivedData/anisflix-hhqtjtgkehjzwhfmetqsazeobjhe/Build/Products/Debug-iphoneos/GCDWebServer/GCDWebServer.framework/Headers -Xcc -I/Users/aniskedidi/Library/Developer/Xcode/DerivedData/anisflix-hhqtjtgkehjzwhfmetqsazeobjhe/Build/Intermediates.noindex/anisflix.build/Debug-iphoneos/AnisFlix.build/DerivedSources-normal/arm64 -Xcc -I/Users/aniskedidi/Library/Developer/Xcode/DerivedData/anisflix-hhqtjtgkehjzwhfmetqsazeobjhe/Build/Intermediates.noindex/anisflix.build/Debug-iphoneos/AnisFlix.build/DerivedSources/arm64 -Xcc -I/Users/aniskedidi/Library/Developer/Xcode/DerivedData/anisflix-hhqtjtgkehjzwhfmetqsazeobjhe/Build/Intermediates.noindex/anisflix.build/Debug-iphoneos/AnisFlix.build/DerivedSources -Xcc -DDEBUG\=1 -Xcc -DCOCOAPODS\=1 -no-auto-bridging-header-chaining -module-name AnisFlix -frontend-parseable-output -disable-clang-spi -clang-target arm64-apple-ios26.5 -target-sdk-version 26.5 -target-sdk-name iphoneos26.5 -in-process-plugin-server-path /Applications/Xcode.app/Contents/Developer/Toolchains/XcodeDefault.xctoolchain/usr/lib/swift/host/libSwiftInProcPluginServer.dylib -o /Users/aniskedidi/Library/Developer/Xcode/DerivedData/anisflix-hhqtjtgkehjzwhfmetqsazeobjhe/Build/Intermediates.noindex/anisflix.build/Debug-iphoneos/AnisFlix.build/Objects-normal/arm64/StreamingService.o -o /Users/aniskedidi/Library/Developer/Xcode/DerivedData/anisflix-hhqtjtgkehjzwhfmetqsazeobjhe/Build/Intermediates.noindex/anisflix.build/Debug-iphoneos/AnisFlix.build/Objects-normal/arm64/TabBarManager.o -o /Users/aniskedidi/Library/Developer/Xcode/DerivedData/anisflix-hhqtjtgkehjzwhfmetqsazeobjhe/Build/Intermediates.noindex/anisflix.build/Debug-iphoneos/AnisFlix.build/Objects-normal/arm64/TMDBService.o -o /Users/aniskedidi/Library/Developer/Xcode/DerivedData/anisflix-hhqtjtgkehjzwhfmetqsazeobjhe/Build/Intermediates.noindex/anisflix.build/Debug-iphoneos/AnisFlix.build/Objects-normal/arm64/TMDBService+Search.o -o /Users/aniskedidi/Library/Developer/Xcode/DerivedData/anisflix-hhqtjtgkehjzwhfmetqsazeobjhe/Build/Intermediates.noindex/anisflix.build/Debug-iphoneos/AnisFlix.build/Objects-normal/arm64/TraktManager.o -o /Users/aniskedidi/Library/Developer/Xcode/DerivedData/anisflix-hhqtjtgkehjzwhfmetqsazeobjhe/Build/Intermediates.noindex/anisflix.build/Debug-iphoneos/AnisFlix.build/Objects-normal/arm64/TVService.o -o /Users/aniskedidi/Library/Developer/Xcode/DerivedData/anisflix-hhqtjtgkehjzwhfmetqsazeobjhe/Build/Intermediates.noindex/anisflix.build/Debug-iphoneos/AnisFlix.build/Objects-normal/arm64/VideoResourceLoaderDelegate.o -o /Users/aniskedidi/Library/Developer/Xcode/DerivedData/anisflix-hhqtjtgkehjzwhfmetqsazeobjhe/Build/Intermediates.noindex/anisflix.build/Debug-iphoneos/AnisFlix.build/Objects-normal/arm64/VidlinkService.o -o /Users/aniskedidi/Library/Developer/Xcode/DerivedData/anisflix-hhqtjtgkehjzwhfmetqsazeobjhe/Build/Intermediates.noindex/anisflix.build/Debug-iphoneos/AnisFlix.build/Objects-normal/arm64/WatchProgressManager.o -index-unit-output-path /anisflix.build/Debug-iphoneos/AnisFlix.build/Objects-normal/arm64/StreamingService.o -index-unit-output-path /anisflix.build/Debug-iphoneos/AnisFlix.build/Objects-normal/arm64/TabBarManager.o -index-unit-output-path /anisflix.build/Debug-iphoneos/AnisFlix.build/Objects-normal/arm64/TMDBService.o -index-unit-output-path /anisflix.build/Debug-iphoneos/AnisFlix.build/Objects-normal/arm64/TMDBService+Search.o -index-unit-output-path /anisflix.build/Debug-iphoneos/AnisFlix.build/Objects-normal/arm64/TraktManager.o -index-unit-output-path /anisflix.build/Debug-iphoneos/AnisFlix.build/Objects-normal/arm64/TVService.o -index-unit-output-path /anisflix.build/Debug-iphoneos/AnisFlix.build/Objects-normal/arm64/VideoResourceLoaderDelegate.o -index-unit-output-path /anisflix.build/Debug-iphoneos/AnisFlix.build/Objects-normal/arm64/VidlinkService.o -index-unit-output-path /anisflix.build/Debug-iphoneos/AnisFlix.build/Objects-normal/arm64/WatchProgressManager.o -index-store-path /Users/aniskedidi/Library/Developer/Xcode/DerivedData/anisflix-hhqtjtgkehjzwhfmetqsazeobjhe/Index.noindex/DataStore -index-system-modules

SwiftCompile normal arm64 /Users/aniskedidi/Documents/perso/AnisFlix/ios-natve/anisflix/anisflix/Services/StreamingService.swift (in target 'AnisFlix' from project 'anisflix')
    cd /Users/aniskedidi/Documents/perso/AnisFlix/ios-natve/anisflix
    
/Users/aniskedidi/Documents/perso/AnisFlix/ios-natve/anisflix/anisflix/Services/StreamingService.swift:1530:11: warning: 'catch' block is unreachable because no errors are thrown in 'do' block
        } catch {
          ^
/Users/aniskedidi/Documents/perso/AnisFlix/ios-natve/anisflix/anisflix/Services/StreamingService.swift:1549:40: error: 'Subtitle' is not a member type of struct 'AnisFlix.StreamingSource'
            var subs: [StreamingSource.Subtitle] = []
                       ~~~~~~~~~~~~~~~ ^
/Users/aniskedidi/Documents/perso/AnisFlix/ios-natve/anisflix/anisflix/Services/StreamingService.swift:50:8: note: 'StreamingSource' declared here
struct StreamingSource: Identifiable, Codable {
       ^
/Users/aniskedidi/Documents/perso/AnisFlix/ios-natve/anisflix/anisflix/Services/StreamingService.swift:1551:45: error: type 'StreamingSource' has no member 'Subtitle'
                subs.append(StreamingSource.Subtitle(url: s.url, language: s.language, isDefault: s.isDefault))
                            ~~~~~~~~~~~~~~~ ^~~~~~~~
/Users/aniskedidi/Documents/perso/AnisFlix/ios-natve/anisflix/anisflix/Services/StreamingService.swift:1553:47: error: extra arguments at positions #1, #6, #7 in call
            let streamSource = StreamingSource(
                                              ^
/Users/aniskedidi/Documents/perso/AnisFlix/ios-natve/anisflix/anisflix/Services/StreamingService.swift:119:5: note: 'init(id:url:directUrl:quality:type:provider:language:origin:tracks:headers:)' declared here
    init(id: String? = nil, url: String, directUrl: String? = nil, quality: String, type: String, provider: String, language: String, origin: String? = nil, tracks: [Subtitle]? = nil, headers: [String: String]? = nil) {
    ^
/Users/aniskedidi/Documents/perso/AnisFlix/ios-natve/anisflix/anisflix/Services/StreamingService.swift:1559:43: error: missing argument for parameter 'language' in call
                serverType: src.serverType,
                                          ^
                                          , language: <#String#>
/Users/aniskedidi/Documents/perso/AnisFlix/ios-natve/anisflix/anisflix/Services/StreamingService.swift:119:5: note: 'init(id:url:directUrl:quality:type:provider:language:origin:tracks:headers:)' declared here
    init(id: String? = nil, url: String, directUrl: String? = nil, quality: String, type: String, provider: String, language: String, origin: String? = nil, tracks: [Subtitle]? = nil, headers: [String: String]? = nil) {
    ^
/Users/aniskedidi/Documents/perso/AnisFlix/ios-natve/anisflix/anisflix/Services/StreamingService.swift:1653:11: warning: 'catch' block is unreachable because no errors are thrown in 'do' block
        } catch {
          ^
/Users/aniskedidi/Documents/perso/AnisFlix/ios-natve/anisflix/anisflix/Services/StreamingService.swift:1710:13: warning: variable 'cleanedUrl' was never mutated; consider changing to 'let' constant
        var cleanedUrl = m3u8Url
        ~~~ ^
        let
/Users/aniskedidi/Documents/perso/AnisFlix/ios-natve/anisflix/anisflix/Services/StreamingService.swift:1721:13: warning: initialization of immutable value 'isRealVidMoly' was never used; consider replacing with assignment to '_' or removing it
        let isRealVidMoly = cleanedUrl.contains("vidmoly") || 
        ~~~~^~~~~~~~~~~~~
        _
/Users/aniskedidi/Documents/perso/AnisFlix/ios-natve/anisflix/anisflix/Services/StreamingService.swift:2227:21: warning: variable 'lang' was never mutated; consider changing to 'let' constant
                var lang = (source.language ?? "VF").lowercased()
                ~~~ ^
                let

SwiftCompile normal arm64 /Users/aniskedidi/Documents/perso/AnisFlix/ios-natve/anisflix/anisflix/Services/TabBarManager.swift (in target 'AnisFlix' from project 'anisflix')
    cd /Users/aniskedidi/Documents/perso/AnisFlix/ios-natve/anisflix
    

SwiftCompile normal arm64 /Users/aniskedidi/Documents/perso/AnisFlix/ios-natve/anisflix/anisflix/Services/TMDBService.swift (in target 'AnisFlix' from project 'anisflix')
    cd /Users/aniskedidi/Documents/perso/AnisFlix/ios-natve/anisflix
    

SwiftCompile normal arm64 /Users/aniskedidi/Documents/perso/AnisFlix/ios-natve/anisflix/anisflix/Services/TMDBService+Search.swift (in target 'AnisFlix' from project 'anisflix')
    cd /Users/aniskedidi/Documents/perso/AnisFlix/ios-natve/anisflix
    

SwiftCompile normal arm64 /Users/aniskedidi/Documents/perso/AnisFlix/ios-natve/anisflix/anisflix/Services/TraktManager.swift (in target 'AnisFlix' from project 'anisflix')
    cd /Users/aniskedidi/Documents/perso/AnisFlix/ios-natve/anisflix
    

SwiftCompile normal arm64 /Users/aniskedidi/Documents/perso/AnisFlix/ios-natve/anisflix/anisflix/Services/TVService.swift (in target 'AnisFlix' from project 'anisflix')
    cd /Users/aniskedidi/Documents/perso/AnisFlix/ios-natve/anisflix
    

SwiftCompile normal arm64 /Users/aniskedidi/Documents/perso/AnisFlix/ios-natve/anisflix/anisflix/Services/VideoResourceLoaderDelegate.swift (in target 'AnisFlix' from project 'anisflix')
    cd /Users/aniskedidi/Documents/perso/AnisFlix/ios-natve/anisflix
    

SwiftCompile normal arm64 /Users/aniskedidi/Documents/perso/AnisFlix/ios-natve/anisflix/anisflix/Services/VidlinkService.swift (in target 'AnisFlix' from project 'anisflix')
    cd /Users/aniskedidi/Documents/perso/AnisFlix/ios-natve/anisflix
    
/Users/aniskedidi/Documents/perso/AnisFlix/ios-natve/anisflix/anisflix/Services/VidlinkService.swift:87:13: warning: variable 'rawStreams' was never mutated; consider changing to 'let' constant
        var rawStreams = processVidlinkResponse(data: rawDict, title: streamTitle)
        ~~~ ^
        let

SwiftCompile normal arm64 /Users/aniskedidi/Documents/perso/AnisFlix/ios-natve/anisflix/anisflix/Services/WatchProgressManager.swift (in target 'AnisFlix' from project 'anisflix')
    cd /Users/aniskedidi/Documents/perso/AnisFlix/ios-natve/anisflix
    

SwiftCompile normal arm64 Compiling\ SeriesView.swift,\ SettingsView.swift,\ TVChannelsView.swift,\ anisflixApp.swift,\ AppTheme.swift,\ ContentView.swift,\ MainTabView.swift,\ GeneratedAssetSymbols.swift /Users/aniskedidi/Documents/perso/AnisFlix/ios-natve/anisflix/anisflix/Views/SeriesView.swift /Users/aniskedidi/Documents/perso/AnisFlix/ios-natve/anisflix/anisflix/Views/SettingsView.swift /Users/aniskedidi/Documents/perso/AnisFlix/ios-natve/anisflix/anisflix/Views/TVChannelsView.swift /Users/aniskedidi/Documents/perso/AnisFlix/ios-natve/anisflix/anisflix/anisflixApp.swift /Users/aniskedidi/Documents/perso/AnisFlix/ios-natve/anisflix/anisflix/AppTheme.swift /Users/aniskedidi/Documents/perso/AnisFlix/ios-natve/anisflix/anisflix/ContentView.swift /Users/aniskedidi/Documents/perso/AnisFlix/ios-natve/anisflix/anisflix/MainTabView.swift /Users/aniskedidi/Library/Developer/Xcode/DerivedData/anisflix-hhqtjtgkehjzwhfmetqsazeobjhe/Build/Intermediates.noindex/anisflix.build/Debug-iphoneos/AnisFlix.build/DerivedSources/GeneratedAssetSymbols.swift (in target 'AnisFlix' from project 'anisflix')

SwiftCompile normal arm64 /Users/aniskedidi/Documents/perso/AnisFlix/ios-natve/anisflix/anisflix/Views/SeriesView.swift (in target 'AnisFlix' from project 'anisflix')
    cd /Users/aniskedidi/Documents/perso/AnisFlix/ios-natve/anisflix
    

SwiftCompile normal arm64 /Users/aniskedidi/Documents/perso/AnisFlix/ios-natve/anisflix/anisflix/Views/SettingsView.swift (in target 'AnisFlix' from project 'anisflix')
    cd /Users/aniskedidi/Documents/perso/AnisFlix/ios-natve/anisflix
    

SwiftCompile normal arm64 /Users/aniskedidi/Documents/perso/AnisFlix/ios-natve/anisflix/anisflix/Views/TVChannelsView.swift (in target 'AnisFlix' from project 'anisflix')
    cd /Users/aniskedidi/Documents/perso/AnisFlix/ios-natve/anisflix
    

SwiftCompile normal arm64 /Users/aniskedidi/Documents/perso/AnisFlix/ios-natve/anisflix/anisflix/anisflixApp.swift (in target 'AnisFlix' from project 'anisflix')
    cd /Users/aniskedidi/Documents/perso/AnisFlix/ios-natve/anisflix
    

SwiftCompile normal arm64 /Users/aniskedidi/Documents/perso/AnisFlix/ios-natve/anisflix/anisflix/AppTheme.swift (in target 'AnisFlix' from project 'anisflix')
    cd /Users/aniskedidi/Documents/perso/AnisFlix/ios-natve/anisflix
    

SwiftCompile normal arm64 /Users/aniskedidi/Documents/perso/AnisFlix/ios-natve/anisflix/anisflix/ContentView.swift (in target 'AnisFlix' from project 'anisflix')
    cd /Users/aniskedidi/Documents/perso/AnisFlix/ios-natve/anisflix
    

SwiftCompile normal arm64 /Users/aniskedidi/Documents/perso/AnisFlix/ios-natve/anisflix/anisflix/MainTabView.swift (in target 'AnisFlix' from project 'anisflix')
    cd /Users/aniskedidi/Documents/perso/AnisFlix/ios-natve/anisflix
    

SwiftCompile normal arm64 /Users/aniskedidi/Library/Developer/Xcode/DerivedData/anisflix-hhqtjtgkehjzwhfmetqsazeobjhe/Build/Intermediates.noindex/anisflix.build/Debug-iphoneos/AnisFlix.build/DerivedSources/GeneratedAssetSymbols.swift (in target 'AnisFlix' from project 'anisflix')
    cd /Users/aniskedidi/Documents/perso/AnisFlix/ios-natve/anisflix
    

SwiftCompile normal arm64 Compiling\ FSVidService.swift,\ GlobalPlayerManager.swift,\ HiAnimeService.swift,\ HLSFFmpegDownloader.swift,\ ImageCache.swift,\ JsPackerUnpacker.swift,\ LocalStreamingServer.swift,\ MobService.swift,\ MovieBoxService.swift /Users/aniskedidi/Documents/perso/AnisFlix/ios-natve/anisflix/anisflix/Services/FSVidService.swift /Users/aniskedidi/Documents/perso/AnisFlix/ios-natve/anisflix/anisflix/Services/GlobalPlayerManager.swift /Users/aniskedidi/Documents/perso/AnisFlix/ios-natve/anisflix/anisflix/Services/HiAnimeService.swift /Users/aniskedidi/Documents/perso/AnisFlix/ios-natve/anisflix/anisflix/Services/HLSFFmpegDownloader.swift /Users/aniskedidi/Documents/perso/AnisFlix/ios-natve/anisflix/anisflix/Services/ImageCache.swift /Users/aniskedidi/Documents/perso/AnisFlix/ios-natve/anisflix/anisflix/Services/JsPackerUnpacker.swift /Users/aniskedidi/Documents/perso/AnisFlix/ios-natve/anisflix/anisflix/Services/LocalStreamingServer.swift /Users/aniskedidi/Documents/perso/AnisFlix/ios-natve/anisflix/anisflix/Services/MobService.swift /Users/aniskedidi/Documents/perso/AnisFlix/ios-natve/anisflix/anisflix/Services/MovieBoxService.swift (in target 'AnisFlix' from project 'anisflix')

